source,target,tgt_lng
(PH)Purified Sigil,净化的符印,zh-CN
"100,000 Steps",十万加行,zh-CN
A Beast Cornered,困兽犹斗,zh-CN
A Letter from Lorath to Donan,一封洛拉斯写给多南的信件,zh-CN
A Personal Journal,个人日志,zh-CN
A Record of My Journey Pt. I,《我的旅行记录》第一部,zh-CN
A grand amount of armor,巨量护甲,zh-CN
A grand amount of charms and seals,巨量神符和封印,zh-CN
A grand amount of experience orbs,巨量经验球,zh-CN
A grand amount of gems,巨量宝石,zh-CN
A grand amount of runes,巨量符文,zh-CN
A grand amount of salvage,巨量分解材料,zh-CN
A grand amount of weapons,巨量武器,zh-CN
A large amount of Horadric reagents,大量赫拉迪姆材料,zh-CN
A large amount of Obducite,大量欧伯度石,zh-CN
A large amount of charms and seals,大量神符和封印,zh-CN
A large amount of dungeon keys,大量地下城钥匙,zh-CN
A large amount of experience orbs,大量经验球,zh-CN
A large amount of gems,大量宝石,zh-CN
A large amount of gold and obols,大量金币和古币,zh-CN
A large amount of weapons,大量武器,zh-CN
A medium amount of Horadric reagents,中量赫拉迪姆材料,zh-CN
A medium amount of armor,中量护甲,zh-CN
A medium amount of charms and seals,中量神符和封印,zh-CN
A medium amount of experience orbs,中量经验球,zh-CN
A medium amount of gems,中量宝石,zh-CN
A medium amount of salvage,中量分解材料,zh-CN
A mythic amount of Horadric reagents,神话量赫拉迪姆材料,zh-CN
A mythic amount of Obducite,神话量欧伯度石,zh-CN
A mythic amount of charms and seals,神话量神符和封印,zh-CN
A mythic amount of dungeon keys,神话量地下城钥匙,zh-CN
A mythic amount of experience orbs,神话量经验球,zh-CN
A mythic amount of gems,神话量宝石,zh-CN
A mythic amount of jewelry,神话量首饰,zh-CN
A mythic amount of runes,神话量符文,zh-CN
A mythic amount of salvage,神话量分解材料,zh-CN
APS Infinite Quest,黑血,zh-CN
APS Planned Choice,黑血,zh-CN
Abandoned Journal,废弃的日志,zh-CN
Abhorrent Heart,可憎之心,zh-CN
Abnormal Weapon,异样的武器,zh-CN
Abstruse Sigil,玄奥符印,zh-CN
Abstruse Sigil Cache,玄奥符印宝匣,zh-CN
Abyssal Bastion,冥渊堡垒,zh-CN
Abyssal Resonance,深渊共振,zh-CN
Accelerating Chaos,加速混沌,zh-CN
Accord of the Wilds,荒野协议,zh-CN
Acid Flux,酸性溶剂,zh-CN
Acrid Caverns,酸腐洞窟,zh-CN
Acrobatics Elixir,杂耍药剂,zh-CN
Adept's Tuning Prism,娴熟调谐棱柱,zh-CN
Adorned-in-blood,血饰之戒,zh-CN
Advanced Techniques,高端技巧,zh-CN
Adventurer's Boots,冒险者靴,zh-CN
Adventurer's Note,冒险者的便条,zh-CN
Ae'grom's Schism,艾格罗姆之裂,zh-CN
Aegis,壁垒,zh-CN
Aggressive Tuning Prism,侵略调谐棱柱,zh-CN
Agile Augments,敏捷强化,zh-CN
Agility Efficiency,灵动效能,zh-CN
Agitator,煽动者,zh-CN
"Ahavarion, Spear of Lycander",阿瓦里昂，莱姗德之矛,zh-CN
Ahu,阿胡,zh-CN
Airidah's Inexorable Will,艾蕊达的无羁意志,zh-CN
Akarat's Song,阿卡拉特之歌,zh-CN
Alacrity,轻盈,zh-CN
Alchemical Mischief,炼金恶作剧,zh-CN
Alchemist Cache,炼金师宝匣,zh-CN
Alchemist Control,炼金师控制,zh-CN
Aldkin Cache,奥德金宝匣,zh-CN
Alefta,阿莱夫塔,zh-CN
Alkaid,摇光,zh-CN
Alkor,奥科,zh-CN
All-Being Chain,万灵之链,zh-CN
Alter the Balance,扭转平衡,zh-CN
Alternating Alterations,交替轮换,zh-CN
Amazon Band,亚马逊指环,zh-CN
Amazon Training Helm,亚马逊训练头盔,zh-CN
Amazonian Bolt,亚马逊弩箭,zh-CN
Amethyst,紫宝石,zh-CN
Amethyst Fragment,紫宝石碎片,zh-CN
Amethyst Jewelry Cache,首饰宝匣：紫宝石,zh-CN
Ammon,阿蒙,zh-CN
Ammuit Acolyte's Journal,安缪特助祭的日志,zh-CN
Amulet,护符,zh-CN
Amulet I,护符I,zh-CN
Amulet II,护符II,zh-CN
Amulet III,护符III,zh-CN
Amulet IV,护符IV,zh-CN
Amulet IX,护符IX,zh-CN
Amulet V,护符V,zh-CN
Amulet VI,护符VI,zh-CN
Amulet VII,护符VII,zh-CN
Amulet VIII,护符VIII,zh-CN
Amulet X,护符X,zh-CN
Amulet XI,护符XI,zh-CN
Amulet XII,护符XII,zh-CN
Amulet XIII,护符XIII,zh-CN
Amulet XIV,护符XIV,zh-CN
Amulet XV,护符XV,zh-CN
Amulet XVI,护符XVI,zh-CN
Amulet XVII,护符XVII,zh-CN
Anadea,阿纳迪亚,zh-CN
Anathema of the Primes,魔神绝罚,zh-CN
Ancestors' Legendary Kurast Undercity Tributes,先祖的传奇库拉斯特幽暗之城贡品,zh-CN
Ancestors' Magic Kurast Undercity Tributes,先祖的魔法库拉斯特幽暗之城贡品,zh-CN
Ancestors' Magic Runes Cache,先祖的魔法符文宝匣,zh-CN
Ancestors' Rare Kurast Undercity Tributes,先祖的稀有库拉斯特幽暗之城贡品,zh-CN
Ancestors' Rare Runes Cache,先祖的稀有符文宝匣,zh-CN
Ancestral Berserker Cache,先祖狂战士宝匣,zh-CN
Ancestral Blood Cache,先祖鲜血宝匣,zh-CN
Ancestral Bone Cache,先祖白骨宝匣,zh-CN
Ancestral Collection of Amulets,先祖护符收藏,zh-CN
Ancestral Collection of Boots,先祖靴子收藏,zh-CN
Ancestral Collection of Chaos,先祖混沌收藏,zh-CN
Ancestral Collection of Helms,先祖头盔收藏,zh-CN
Ancestral Collection of Mysteries,先祖神秘收藏,zh-CN
Ancestral Collection of One-handed Weapons,先祖单手武器收藏,zh-CN
Ancestral Collection of Two-Handed Weapons,先祖双手武器收藏,zh-CN
Ancestral Conjuration Cache,先祖召唤魔法宝匣,zh-CN
Ancestral Coven Crate,先祖巫会之箱,zh-CN
Ancestral Disciple Cache,先祖虔信者宝匣,zh-CN
Ancestral Earth Cache,先祖大地宝匣,zh-CN
Ancestral Gorilla Cache,先祖狂猿宝匣,zh-CN
Ancestral Horadric Seal,先祖赫拉迪姆封印,zh-CN
Ancestral Legion Cache,先祖军团宝匣,zh-CN
Ancestral Nahantu Cache,先祖纳罕涂宝匣,zh-CN
Ancestral Shadow Cache,先祖暗影宝匣,zh-CN
Ancestral Skovos Cache,先祖斯科沃斯宝匣,zh-CN
Ancestral Slayer Cache,先祖杀戮者宝匣,zh-CN
Ancestral Tribute of Armaments,先祖军械贡品,zh-CN
Ancestral Triune Arms Cache,先祖三神教武器宝匣,zh-CN
Ancestral Vanguard Cache,先祖先锋宝匣,zh-CN
Ancestral Werebear Cache,先祖熊人宝匣,zh-CN
Ancient Chronicle,古代编年史,zh-CN
Ancient Effigy,古代雕像,zh-CN
Ancient Memory,远古记忆,zh-CN
Ancient Times,远古时代,zh-CN
Ancients' Oath,先祖之誓,zh-CN
Andariel Purified,安达莉尔净化,zh-CN
Andariel's Visage,安达莉尔的仪容,zh-CN
Angelbreath,天使之息,zh-CN
Angiris the Brave,英勇的安吉列斯,zh-CN
"Anguished Memory, Part 1",痛楚的回忆，第一部,zh-CN
"Anguished Memory, Part 2",痛楚的回忆，第二部,zh-CN
"Anguished Memory, Part 3",痛楚的回忆，第三部,zh-CN
"Anguished Memory, Part 4",痛楚的回忆，第四部,zh-CN
"Anguished Memory, Part 5",痛楚的回忆，第五部,zh-CN
Anlace,宽刃匕,zh-CN
Anointing Edge,仪祭锋刃,zh-CN
Anonymous Letter,匿名信,zh-CN
Antipathy,憎恶,zh-CN
Antique Case,古旧的箱子,zh-CN
Antistrophic Axe,逆转之斧,zh-CN
Apothecary's Staff,药师法杖,zh-CN
Apparition Cage,恶魂牢笼,zh-CN
Appeased Predator's Offering,得到安抚的捕食者的供品,zh-CN
Apprentice's Wand,学员魔杖,zh-CN
Arbalest,巨弩,zh-CN
Arcadia,阿卡迪亚,zh-CN
Arcane Dust,奥术之尘,zh-CN
Archenemy Faulds,死敌腰甲,zh-CN
Archenemy Greaves,死敌护胫,zh-CN
Archenemy Mantle,死敌斗篷,zh-CN
Archenemy Sickle,死敌手镰,zh-CN
Archetype Cache,原型宝匣,zh-CN
Archon Armor,统治者胸甲,zh-CN
Archon Faulds,统治者腰甲,zh-CN
Archon Gauntlets,统治者护手,zh-CN
Archon Greaves,统治者护胫,zh-CN
Archon Helm,统治者头盔,zh-CN
Archon Staff,统治者杖,zh-CN
Areion's Coat,伊利昂披甲,zh-CN
Argent Veil,银月帷幕,zh-CN
Arm of the Unbroken,不屈者之臂,zh-CN
Armor Cache,护甲宝匣,zh-CN
Armored Buckler,铁甲小圆盾,zh-CN
Armored Glaive,覆甲剑刃戟,zh-CN
Aromatic Case,芬芳的箱子,zh-CN
Arreat's Bearing,亚瑞特的承载,zh-CN
Arsenal Finesse (Legacy),兵器库巧变（传承）,zh-CN
Artificer's Cubic Cache,工匠的魔盒宝匣,zh-CN
"Artificer's Records, Book 1",《工匠的记录》，第1卷,zh-CN
"Artificer's Records, Book 2",《工匠的记录》，第2卷,zh-CN
"Artificer's Records, Book 3",《工匠的记录》，第3卷,zh-CN
"Artificer's Records, Book 4",《工匠的记录》，第4卷,zh-CN
"Artificer's Records, Book 5",《工匠的记录》，第5卷,zh-CN
"Artificer's Records, Book 6",《工匠的记录》，第6卷,zh-CN
"Artificer's Records, Book 8",《工匠的记录》，第8卷,zh-CN
"Artificer's Records, Book 9",《工匠的记录》，第9卷,zh-CN
Artificer's Stone,工匠之石,zh-CN
Artisan's Tunic,工匠短衣,zh-CN
Ascendant Bow,升腾之弓,zh-CN
Ascendant Quarterstaff,晋升长杖,zh-CN
Ashava Barding,阿煞魃坐骑护具,zh-CN
Ashava's Bone Fragment,阿煞魃的白骨碎片,zh-CN
Ashava's Spoils,阿煞魃的战利品,zh-CN
Asheara,艾席拉,zh-CN
Asheara's Khanjar,艾席拉的弯刀,zh-CN
Asheara's Khanjar (Crucible),艾席拉的弯刀（魔埚）,zh-CN
Ashentail,灰尾,zh-CN
Ashworn Finger,灰烬之指,zh-CN
Askari Greaves,阿斯卡利护胫,zh-CN
"Askari History Vol. 4, ""The Fury and Forge of Hefaetrus""",《阿斯卡利通史》第4卷：“赫法崔斯的怒火与熔炉”,zh-CN
Askari Mace,阿斯卡利战锤,zh-CN
Askarra's Tribute,阿斯卡拉的贡品,zh-CN
Aspects: Mobility,威能：机动,zh-CN
Aspects: Offensive,威能：攻击,zh-CN
Aspects: Resource,威能：资源,zh-CN
Aspects: Utility,威能：通用,zh-CN
Assassin Augments,刺客强化,zh-CN
Assassin's Blade,刺客之刃,zh-CN
Assassin's Satchel,刺杀者的挎包,zh-CN
Assassin's Stride,刺客的阔步靴,zh-CN
Assault Elixir,突击药剂,zh-CN
Atavistic Echo,返祖回响,zh-CN
Athame of the Eye,盲眼仪式刃,zh-CN
Attuned Primordial Dust,同调的源生粉尘,zh-CN
Augment Cache,强化宝匣,zh-CN
Augmentations,强化,zh-CN
Augur,占卜法器,zh-CN
Augur of Civo,塞沃神谕鱼,zh-CN
Aura Innovation,光环创新,zh-CN
Aura of Lament,哀悼光环,zh-CN
Aura of Misfortune,不幸光环,zh-CN
Aura of Siphoning,虹吸光环,zh-CN
Autumnal Crown,秋日冠冕,zh-CN
Avarice's Gilded Horn,贪魔的镶金角,zh-CN
Avarice's Spoils,贪魔的战利品,zh-CN
Avatar of Trag'Oul,塔格奥的化身,zh-CN
Awoken Aetheric Steed,觉醒以太骏马,zh-CN
Awoken Archenemy Crest,觉醒死敌顶冠,zh-CN
Awoken Archenemy Gauntlets,觉醒死敌护手,zh-CN
Axe,斧,zh-CN
Axial Conduit,枢轴导体,zh-CN
Axolotl's Eye,蝾螈之眼,zh-CN
Axolotl's Smile,蝾螈的微笑,zh-CN
Azmodan Purified,阿兹莫丹净化,zh-CN
Azmodan's Spoils,阿兹莫丹的战利品,zh-CN
Azurewrath,碧蓝怒火,zh-CN
Azurewrath (Crucible),碧蓝怒火（魔埚）,zh-CN
Bac,跋,zh-CN
Back Off!,退散！,zh-CN
Bakira's Sting,芭琪拉的刺匕,zh-CN
Balance Icon,平衡雕像,zh-CN
Balanced Dagger,平衡匕首,zh-CN
Balanced Quarterstaff,平衡长杖,zh-CN
Balazan's Bite,巴拉赞之噬,zh-CN
Balazan's Maxtlatl,巴拉赞的缠腰布,zh-CN
Baleful Fragment,凶星碎片,zh-CN
Baleful Fragments Cache,凶星碎片宝匣,zh-CN
Band,指环,zh-CN
Band of First Breath,初息指环,zh-CN
Bandit Note,强盗便条,zh-CN
Bandit's Notes,强盗的便条,zh-CN
Bands of Ichorous Rose,脓腐玫瑰腕带,zh-CN
Bane of Ahjad-Den,阿扎登的灾厄,zh-CN
Baneful Heart,灾祸之心,zh-CN
Banished Lord's Talisman,放逐领主的护身符,zh-CN
Banner of Slaughter,屠戮战旗,zh-CN
Banners of Wisdom,智慧旗帜,zh-CN
Barbarian Breach,野蛮人突破,zh-CN
Barbarian Control,野蛮人控制,zh-CN
Barbarian Innovation,野蛮人创新,zh-CN
Barbarian Motion,野蛮人机动,zh-CN
Barbarian Protection (Legacy),野蛮人魔法防护（传承）,zh-CN
Barbarian Recovery,野蛮人疗愈,zh-CN
Barbarian Strategy,野蛮人策略,zh-CN
Barbed Club,尖刺棒,zh-CN
Barbed Sword,倒钩剑,zh-CN
Barding of Ancient Cold Blood,远古冷血坐骑护具,zh-CN
Barding of Cathedral's Light,圣教之光坐骑护具,zh-CN
Barding of Elemental Fury,元素之怒坐骑护具,zh-CN
Barding of Mount Arreat,亚瑞特山坐骑护具,zh-CN
Barding of Rathma,拉斯玛坐骑护具,zh-CN
Barding of the Sightless Eye,盲目之眼坐骑护具,zh-CN
Baron's Bag of Coin,男爵的金币包裹,zh-CN
Basic Greatsword,基础大剑,zh-CN
Basic Shield,基础盾,zh-CN
Basic Wand,基础魔杖,zh-CN
Bastard Sword,手半剑,zh-CN
Bastion of Sir Matthias,马提亚斯男爵的堡垒,zh-CN
Bathed-in-earth,土掩之戒,zh-CN
Battered Journal,破碎的日志,zh-CN
Battle Axe,战斗斧,zh-CN
Battle Bow,战斗弓,zh-CN
Battle Halberd,战斗斧枪,zh-CN
Battle Staff,战斗杖,zh-CN
Battle Trance,战斗冥思,zh-CN
Battle Wand,战斗魔杖,zh-CN
Battleworn Crescent,战痕新月斧,zh-CN
Bawkhaus,鸣叫之屋,zh-CN
Bearded Axe,倒钩斧,zh-CN
Bearded Axe (Crucible),倒钩斧（魔埚）,zh-CN
Bearded Chopper,胡须砍斧,zh-CN
Beast in the Ice Summoning Cache,冰中野兽召唤宝匣,zh-CN
Beast's Skull Trophy,野兽颅骨战利品,zh-CN
Beastfall Boots,屠兽之靴,zh-CN
Beginner Tempering Kit,新手回火材料箱,zh-CN
Beheader's Cache,斩首者的宝匣,zh-CN
Beleth's Bane,贝勒斯的灾星,zh-CN
Belial Boss Head,彼列的头颅,zh-CN
Belial Purified,彼列净化,zh-CN
Berserker Cache,狂战士宝匣,zh-CN
Berserking Finesse,狂暴巧变,zh-CN
Berserking Innovation,狂暴创新,zh-CN
Berú of Abaddon's Flesh,亚巴顿之肉之贝鲁,zh-CN
Berú of Arreat,亚瑞特之贝鲁,zh-CN
Berú of Balazan's Bite,巴拉赞之噬之贝鲁,zh-CN
Berú of Dauntless Faith,无畏信念之贝鲁,zh-CN
Berú of Horazon's Chains,霍拉松的锁链之贝鲁,zh-CN
Berú of Kwatli's Grace,库瓦特里之眷之贝鲁,zh-CN
Berú of Light's Epiphany,圣光启示之贝鲁,zh-CN
Berú of Nafain's Bestiary,纳菲恩图鉴之贝鲁,zh-CN
Berú of Righteous Will,正义意志之贝鲁,zh-CN
Berú of Sescheron's Fury,赛斯切隆怒火之贝鲁,zh-CN
Berú of the Black Shroud,漆黑帷幕之贝鲁,zh-CN
Berú of the Crucible,狂战士炼狱之贝鲁,zh-CN
Berú of the Nameless,无名者之贝鲁,zh-CN
Berú of the Sightless,盲眼难测之贝鲁,zh-CN
Berú of the Threefold,三重道法之贝鲁,zh-CN
Bestial Totem,野兽图腾,zh-CN
Betrayer's Husk,背叛者的躯壳,zh-CN
Bill of Mortality,死亡记录,zh-CN
Billhook,锲刀,zh-CN
Binding the Fell Steed,堕缚战马,zh-CN
Bindings of Attrition,损耗殆尽之缚,zh-CN
Biteberry,苦莓,zh-CN
Black Rail,漆黑之锋,zh-CN
Black River,漆黑之河,zh-CN
Black-stained Letter,墨迹斑斑的信,zh-CN
Blackblood,黑血,zh-CN
Blackened Essence,黑化精魂,zh-CN
Blacksmithing Cache,锻造宝匣,zh-CN
Blackwater Coat,黑水披甲,zh-CN
Blackwood Club,黑木棒,zh-CN
Bladequeen's Greaves,刀锋女皇护胫,zh-CN
Blazon of Victory,胜利纹章,zh-CN
Bleed Augments,流血强化,zh-CN
Bleed Innovation,流血创新,zh-CN
Blessed Guide,祝福指引,zh-CN
Blest Prayer Beads,蒙福祷告念珠,zh-CN
Blighted Fragment,枯萎碎片,zh-CN
Blightshade,枯影草,zh-CN
Blind Man's Bell,盲人之钟,zh-CN
Blood Artisan's Cuirass,鲜血匠师的胸甲,zh-CN
Blood Augments,鲜血强化,zh-CN
Blood Bone Leg Reinforcements,鲜血白骨腿部强化装,zh-CN
Blood Cache,鲜血宝匣,zh-CN
Blood Endurance,鲜血持久,zh-CN
Blood Finesse,鲜血巧变,zh-CN
Blood Innovation,鲜血创新,zh-CN
Blood Lord's Armory,鲜血领主的军械库,zh-CN
Blood Maiden's Mantle,鲜血侍女斗篷,zh-CN
Blood Moon Breeches,血月马裤,zh-CN
Blood Orb,生命球,zh-CN
Blood Petal,血色花瓣,zh-CN
Blood Seeker's Weapon Cache,觅血者的武器宝匣,zh-CN
Blood Seekers Personal Effects,觅血者的个人物品,zh-CN
Blood Wake,鲜血尾迹,zh-CN
Blood-Cursed Band,血咒指环,zh-CN
Blood-Mad Idol,血狂神像,zh-CN
Blood-Smeared Ledger,被血液涂抹的账本,zh-CN
Blood-Soaked Paper,浸血纸张,zh-CN
Blood-Spattered Journal,血迹斑斑的日志,zh-CN
Blood-Speckled Journal Entry,沾有血滴的日志条目,zh-CN
Blood-money Finery,血金华服,zh-CN
Blood-spattered Prayer Book,血淋淋的祷词书,zh-CN
Blood-stained Letter,染血的信,zh-CN
Blood-stained Page,染血的书页,zh-CN
Blood-staunch Hoop,止血之环,zh-CN
Blood-streaked Diary,血迹斑斑的日记,zh-CN
Blood-tinged Ivory,血污象牙,zh-CN
Blood-written Sermon,血书的布道文,zh-CN
Bloodcarver's Torment,刻血者的折磨,zh-CN
Bloodforged Sigil,血铸符印,zh-CN
Bloodied Cache,血染宝匣,zh-CN
Bloodless Scream,无血尖啸,zh-CN
Bloodmare Coat,血母马披甲,zh-CN
Bloodspiller's Helm,溅血者头盔,zh-CN
Bloodstained Confession,沾满血渍的忏悔书,zh-CN
Bloodstained Journal,沾有血渍的日志,zh-CN
Bloodstained Parchment,沾有血渍的羊皮纸,zh-CN
Bloodstained Scrap of Paper,沾有血渍的碎纸片,zh-CN
Bloodsucker,吸血锤,zh-CN
Bloodsweep,血弧,zh-CN
Bloody Billy,血染比利,zh-CN
Bloody Charm,鲜血神符,zh-CN
Bloody Condemnation,血腥审判,zh-CN
Bloody Note,染血的便条,zh-CN
Bloody Warlord's Barding,血腥督军的坐骑护具,zh-CN
Bloody Warlord's Warning,血腥督军的警示,zh-CN
Bloody Wooden Shard,血腥的碎木片,zh-CN
Bludgeon,大头棒,zh-CN
Blue Rose,蓝玫瑰,zh-CN
Bluescale,蓝鳞鱼,zh-CN
Bo'a Crossbow,博阿重弩,zh-CN
Bone Augments,白骨强化,zh-CN
Bone Blade,骨刃,zh-CN
Bone Cache,白骨宝匣,zh-CN
Bone Charm,白骨神符,zh-CN
Bone Finesse,白骨巧变,zh-CN
Bone Innovation,白骨创新,zh-CN
Bone Scythe,白骨镰刀,zh-CN
Bone Shield,骨盾,zh-CN
Bone Staff,白骨杖,zh-CN
Bone Wand,白骨魔杖,zh-CN
Bone-Caged Barding,白骨牢笼坐骑护具,zh-CN
Bone-Caged Heart,骨笼之心,zh-CN
Bonebreaker,碎骨者,zh-CN
Bonemail,白骨甲,zh-CN
Bonescale Shield,骨鳞盾,zh-CN
Boneweave Armor,骨织胸甲,zh-CN
Boneweave Faulds,骨织裙甲,zh-CN
Boneweave Gauntlets,骨织护手,zh-CN
Boneweave Helm,骨织头盔,zh-CN
Boneweave Treads,骨织靴子,zh-CN
Book of Cain,凯恩之书,zh-CN
Boost Dagger,加速匕首,zh-CN
Boost Helm,加速头盔,zh-CN
Boost Pants,加速裤子,zh-CN
Boost Scythe,加速镰刀,zh-CN
Boost Staff,加速法杖,zh-CN
Boots,靴子,zh-CN
Boots of Baleful Intent,邪恶意图靴子,zh-CN
Boss Summoning Cache,首领召唤宝匣,zh-CN
Boss Summoning: Beast in the Ice,首领召唤：冰中野兽,zh-CN
Boss Summoning: Grigoire the Galvanic Saint,首领召唤：流电圣徒格里戈利,zh-CN
Boss Summoning: Lord Zir,首领召唤：齐尔领主,zh-CN
Boss Summoning: Varshan,首领召唤：瓦尔申,zh-CN
Bound Eye,束缚之眼,zh-CN
Bow,弓,zh-CN
Bracers of Athulua,阿图卢阿护腕,zh-CN
Braggart's Cache,吹嘘者宝匣,zh-CN
Brawler Cache,拳师宝匣,zh-CN
Brawler's Draw,斗士之弓,zh-CN
Brawling Augments,搏斗强化,zh-CN
Brawling Efficiency,搏斗效能,zh-CN
Breeches of Baleful Intent,邪恶意图马裤,zh-CN
Bridle of Tor'Baalos,巴洛斯的辔头,zh-CN
Brigandine Barding,锁子坐骑护具,zh-CN
Brilliance,辉煌,zh-CN
Brilliant Sigil,聪慧符印,zh-CN
Brilliant Sigil Tome,聪慧符印宝典,zh-CN
Brimstone,硫磺石,zh-CN
Brimstone Bludgeon,硫磺火大头棒,zh-CN
Briny-Eye Staff,咸泪之眼法杖,zh-CN
Broad Axe,阔斧,zh-CN
Broad Sword,阔刃剑,zh-CN
Broadsword,阔剑,zh-CN
Broken Bottle,破碎的酒瓶,zh-CN
Broken Climbing Cleats,损坏的攀岩夹板,zh-CN
Broken Fishing Pole,损坏的钓竿,zh-CN
Broodmother's Stinger,巢母的毒刺,zh-CN
Brutal Malignant Ichor,残忍恶念魔脓液,zh-CN
Brutal Wizard's Barding,残暴魔法师的坐骑护具,zh-CN
Brutal Wizard's Standard,残暴魔法师的旌旗,zh-CN
Brute Innovation,暴徒创新,zh-CN
Buckler,小圆盾,zh-CN
Bucrani's Grip,布克拉尼之握,zh-CN
Bucrani's Resolve,布克拉尼决断,zh-CN
Bucrani's Tread,布克拉尼之履,zh-CN
Bucrani's Visage,布克拉尼之面,zh-CN
Bucrani's Will,布克拉尼之愿,zh-CN
Bullibrainer,碎脑者,zh-CN
Bullova,月刃斧,zh-CN
Bundled Herbs,草药包,zh-CN
Buriza-Do Kyanon,暴雪重炮,zh-CN
Burned Parchment,烧焦的羊皮纸,zh-CN
Burning Aether,燃烧以太,zh-CN
Burnished Harpe,抛光宽镰,zh-CN
Butcher's Trophy Cleaver,屠夫的战利品切肉刀,zh-CN
Bwonsamdi's Wrappings,邦桑迪的裹布,zh-CN
Cache of Avarice,贪魔宝匣,zh-CN
Cache of Caged Hearts,笼缚心脏宝匣,zh-CN
Cache of High-Level Resources,高等级资源宝匣,zh-CN
Cache of Legendary Materials,传奇材料宝匣,zh-CN
Cache of Legends,传奇宝匣,zh-CN
Cache of Nightmare Sigils,梦魇符印宝匣,zh-CN
Cache of Ornaments,装饰品宝匣,zh-CN
Cache of Scattered Prisms,散光棱柱宝匣,zh-CN
Cache of Trials,试炼宝匣,zh-CN
Cache of Victory,胜利宝匣,zh-CN
Cache of Worthy,天选者宝匣,zh-CN
Cache of the Gauntlet,挑战场宝匣,zh-CN
Cage of Madness,癫狂牢笼,zh-CN
Caged Heart,笼缚心脏,zh-CN
Cages of Hubris,嚣狂之笼,zh-CN
Cairnstone,冢石,zh-CN
Caldean Plate,卡尔丁护盘,zh-CN
Cannibal's Chopper,食人族切肉斧,zh-CN
Cap,软帽,zh-CN
Caparison of Faith,信仰盛装,zh-CN
Captain's Glove Case,队长手套箱,zh-CN
Captive Stone,囹圄之石,zh-CN
Caretaker's Memoirs,管理员的回忆录,zh-CN
Carnivore Bloodwell,吞食血井,zh-CN
Carrion Chain,腐朽锁链,zh-CN
Carthas' Blessed Hammer,卡萨斯的祝福之锤,zh-CN
Carved Bow,雕饰之弓,zh-CN
Carved Crossbow,雕饰之弩,zh-CN
Carved Maul,雕饰重槌,zh-CN
Carved Quarterstaff,雕饰长杖,zh-CN
Carved Staff,雕饰之杖,zh-CN
Carved Sword,雕饰长剑,zh-CN
Cassia's Grace,卡西娅的恩典,zh-CN
Cathedral Crest,圣光教纹章,zh-CN
Cathedral Orders,圣光教命令,zh-CN
Cathedral's Song,大教堂圣歌,zh-CN
Cedar Staff,雪松杖,zh-CN
Ceh,塞赫,zh-CN
Celestial Augur of Civo,天界塞沃神谕鱼,zh-CN
Celestial Crookfish,天界诡鳍鱼,zh-CN
Celestial Kokalodon,天界科卡洛顿鱼,zh-CN
Celestial Morayaga,天界蛇鳗鱼,zh-CN
Celestial Zakarati,天界扎卡拉提鱼,zh-CN
Cem,杰姆,zh-CN
Censer,香炉,zh-CN
Centipede Augments,巨虫强化,zh-CN
Centipede Cache,巨虫宝匣,zh-CN
Centipede Efficiency,巨虫效率,zh-CN
Centipede Innovation,巨虫创新,zh-CN
Centipede's Maw,巨虫之喉,zh-CN
Ceremonial Kopis,仪祭反曲刀,zh-CN
Chain,锁链,zh-CN
Chain Hammer,链锤,zh-CN
Chainscourged Mail,锁链鞭笞锁甲,zh-CN
Chainshot Staff,连射法杖,zh-CN
Challenge Journey Cache,挑战旅程宝匣,zh-CN
Champion's Cache,勇士的宝匣,zh-CN
Champion's Crafting Cache,勇士的制作宝匣,zh-CN
Champion's Equipment Cache,勇士的装备宝匣,zh-CN
Champion's Summoning Cache,勇士的召唤宝匣,zh-CN
Channeler,导魔者,zh-CN
Chaos Unleashed,混沌倾泻,zh-CN
Chaotic Cooldowns,混沌冷却,zh-CN
Chaotic Power,混沌威能,zh-CN
Chapter 1 Reward Cache,第一章奖励宝匣,zh-CN
Chapter 2 Reward Cache,第二章奖励宝匣,zh-CN
Charm,神符,zh-CN
Charming Polearm,迷人长柄武器,zh-CN
Charred Demon Heart,烧焦的恶魔之心,zh-CN
Charred Diary,烧焦的日记,zh-CN
Charred Gauntlets,焦燃护手,zh-CN
Charred Journal,烧焦的日志,zh-CN
Charred Log,烧焦的日志,zh-CN
Charred Note,烧焦的笔记,zh-CN
Cheap Bangles,廉价手镯,zh-CN
Chest Armor,胸甲,zh-CN
Chestplate of the Khazra,卡兹拉胸甲,zh-CN
Chi'Khan's Spoils,齐汗战利品,zh-CN
Chieftain's Orders,大酋长的命令,zh-CN
Child's Journal,孩子的日志,zh-CN
Chimimoryo,魑魅魍魉,zh-CN
Chipped Amethyst,碎裂的紫宝石,zh-CN
Chipped Ruby,碎裂的红宝石,zh-CN
Chipped Topaz,碎裂的黄宝石,zh-CN
Choker,项圈,zh-CN
Choker of Penance,悔罪项圈,zh-CN
Choron's Blood,克罗恩的鲜血,zh-CN
Choron's Flesh,克罗恩的肉体,zh-CN
Choron's Tears,克罗恩的泪水,zh-CN
Chorus of War,战争和声,zh-CN
Chromatic Tuning Prism,多彩调谐棱柱,zh-CN
"Chronicles of the New Horadrim, Part One",《新赫拉迪姆编年史》第一部,zh-CN
"Chronicles of the New Horadrim, Part Three",《新赫拉迪姆编年史》第三部,zh-CN
"Chronicles of the New Horadrim, Part Two",《新赫拉迪姆编年史》第二部,zh-CN
Cir,策尔,zh-CN
Circle,指圈,zh-CN
Citadel Coin,城堡金币,zh-CN
Citadel Coin Cache,城堡金币宝匣,zh-CN
City Records,城市记录,zh-CN
Clamor Core,喧嚣之核,zh-CN
Claymore,重型巨剑,zh-CN
Cleansing Prayer,净化祷告,zh-CN
Cleaver,砍斧,zh-CN
Club,木棒,zh-CN
Cluckeye,啄目弓,zh-CN
Cluckonomicon,鸣典,zh-CN
Clump of Seaweed,海草团块,zh-CN
Codex,圣典,zh-CN
Coil,环戒,zh-CN
Coiling Ward,卷曲结界,zh-CN
Coiling Ward Cache,卷曲结界宝匣,zh-CN
Coilneck Loop,缠颈之环,zh-CN
Cold-Steel Bow,冷钢弓,zh-CN
Collection of Amulets,护符收藏,zh-CN
Collection of Boots,靴子收藏,zh-CN
Collection of Chaos,混沌收藏,zh-CN
Collection of Chestplates,胸甲收藏,zh-CN
Collection of Gauntlets,护手收藏,zh-CN
Collection of Helms,头盔收藏,zh-CN
Collection of Leg Guards,护腿收藏,zh-CN
Collection of Mysteries,神秘收藏,zh-CN
Collection of One-handed Weapons,单手武器收藏,zh-CN
Collection of Rings,戒指收藏,zh-CN
Collection of Talismans,护身符收藏,zh-CN
Collection of Two-Handed Weapons,双手武器收藏,zh-CN
Combat Hatchet,作战小斧,zh-CN
Combat Shield,作战盾,zh-CN
Common Bow,普通弓,zh-CN
Companion Augments,同伴强化,zh-CN
Companion Efficiency,同伴效能,zh-CN
Companion Innovation,同伴创新,zh-CN
Compassion,怜悯,zh-CN
Composite Staff,复合杖,zh-CN
Concealed Letter,隐秘的信件,zh-CN
Concealed Note,隐秘的便笺,zh-CN
Condemnation,定罪,zh-CN
Condemnation (Crucible),定罪（魔埚）,zh-CN
Condition Runes Cache,条件符文宝匣,zh-CN
Conjuration Augments,召法强化,zh-CN
Conjuration Cache,召唤魔法宝匣,zh-CN
Conjuration Efficiency,召唤魔法效能,zh-CN
Conjuration Finesse,召唤魔法巧变,zh-CN
Conjuration Fortune,召法幸运,zh-CN
Conjuration Wand,召法魔杖,zh-CN
Conqueror's Crest,征服者之冠,zh-CN
Contracurse Ward,诅咒防护结界,zh-CN
Conviction,信念,zh-CN
Convocation of Spirits,召集众灵,zh-CN
Coop de Grâce,鸡舍慈悲,zh-CN
Coral Plate,珊瑚甲,zh-CN
Core Augments — Barbarian,核心强化：野蛮人,zh-CN
Cornucopia,丰饶之角,zh-CN
Corrupted Claw of Andariel,安达莉尔的腐化之爪,zh-CN
Corrupted Essence,腐化精魂,zh-CN
Corrupted Eye of Belial,彼列的腐化之眼,zh-CN
Corrupted Horn of Duriel,督瑞尔的腐化之角,zh-CN
Corrupted Roots,腐化根藤,zh-CN
Corrupted Tongue of Azmodan,阿兹莫丹的腐化之舌,zh-CN
Corruption,腐蚀,zh-CN
Cosmohoplon,空宇之盾,zh-CN
Coven Crate,巫会之箱,zh-CN
Coven Initiate Cache,巫会见习者宝匣,zh-CN
Coven Parcel,巫会包裹,zh-CN
Coven's Cowl,巫师会兜帽,zh-CN
Coven's Gloves,巫师会手套,zh-CN
Coven's Raiment,巫师会法衣,zh-CN
Coven's Slippers,巫师会便鞋,zh-CN
Coven's Trunks,巫师会短裤,zh-CN
Cowl of Malefic Torment,恶念折磨之冠,zh-CN
Cowl of the Nameless,无名者兜帽,zh-CN
Cracked Jewelry,裂开的首饰,zh-CN
Crafting,制作,zh-CN
Crafting Cache,制作宝匣,zh-CN
Crafting Materials Cache,制作材料箱,zh-CN
Crafting Materials: Abstruse Sigil,制作材料：玄奥符印,zh-CN
Crafting Materials: Angelbreath,制作材料：天使之息,zh-CN
Crafting Materials: Baleful Fragment,制作材料：凶星碎片,zh-CN
Crafting Materials: Coiling Ward,制作材料：卷曲结界,zh-CN
Crafting Materials: Forgotten Soul,制作材料：遗忘之魂,zh-CN
Crafting Materials: Masterworking,制作材料：精造,zh-CN
Crafting Materials: Scattered Prism,制作材料：散光棱柱,zh-CN
Crag Hammer,钉头锤,zh-CN
Cragstaff,峭壁长杖,zh-CN
Cranequin,机弩,zh-CN
Crate of Vampire Spoils,吸血鬼战利品箱,zh-CN
Craze of the Dead God,死去神灵的疯狂,zh-CN
Creased Invitation,起皱的邀请函,zh-CN
Creased Letter,皱折的信,zh-CN
Crest of Rathma,拉斯玛的纹章,zh-CN
Crocodilian Eye,鳄鱼之眼,zh-CN
Crook of the Grinning Shaman,狞笑萨满的巨镰,zh-CN
Crooked Staff,扭曲的法杖,zh-CN
Crookfish,诡鳍鱼,zh-CN
Cross Axe,十字斧,zh-CN
Crossbow,弩,zh-CN
Crow Fetish,乌鸦物神,zh-CN
Crowbill,鸦嘴锄,zh-CN
Crown of Baleful Intent,邪恶意图冠冕,zh-CN
Crown of Lucion,路西昂之冠,zh-CN
Crude Totem,粗制图腾,zh-CN
Cruel Assassin's Barding,残忍刺杀者的坐骑护具,zh-CN
Cruel Assassin's Saddlebag,残忍刺杀者的马鞍包,zh-CN
Crumbling Leaflet,破碎的传单,zh-CN
Crumpled Journal Page,褶皱的日志书页,zh-CN
Crumpled Paper,褶皱的纸张,zh-CN
Crumpled Parchment,褶皱的羊皮纸,zh-CN
Crumpled Warning,皱巴巴的警告信,zh-CN
Cruor's Embrace,库虏尔之拥,zh-CN
Crusader's Letter,圣教军的信,zh-CN
Crushing Elixir,粉碎药剂,zh-CN
Crux of the False Prophet,伪先知的奥义,zh-CN
Cryomantic Touch,冰术之触,zh-CN
Cryptic Partizan,秘文阔头枪,zh-CN
Crystal Greatsword,水晶大剑,zh-CN
Cudgel,大棒,zh-CN
Cultist Prayer Book,邪教徒祷词书,zh-CN
Cultist Writings,邪教徒的文稿,zh-CN
Curative Cache,治愈宝匣,zh-CN
Currency Cache,货币宝匣,zh-CN
Cursed Scroll of Chaos,被诅咒的混乱卷轴,zh-CN
Cursed Scroll of Hatestalker,被诅咒的憎恨追猎者卷轴,zh-CN
Cursed Scroll of Recklessness,被诅咒的鲁莽卷轴,zh-CN
Cursed Scroll of Tranquility,被诅咒的宁静卷轴,zh-CN
Cutpurse Shawl,扒手披肩,zh-CN
Cutter,切割者,zh-CN
Cutthroat,刺杀者,zh-CN
Cutthroat Augments,刺杀强化,zh-CN
Cutthroat Cache,刺杀者宝匣,zh-CN
Cutthroat Finesse,刺杀巧变,zh-CN
DNS this is using eldriun's appearance,DNS 此物品使用艾尔度因的外观,zh-CN
Dagger,匕首,zh-CN
Damaged Journal,破损的日志,zh-CN
Damp Journal,潮湿的日志,zh-CN
Damp Letter,受潮的信,zh-CN
Dangerous Catch,危险捕获物,zh-CN
Dante,但丁,zh-CN
Dark Banner,黑暗战旗,zh-CN
Dark Citadel Cache,黑暗堡垒宝匣,zh-CN
Dark Citadel Challenger's Cache,黑暗堡垒挑战者的宝匣,zh-CN
Dark Citadel Gear Cache,黑暗堡垒装备宝匣,zh-CN
Dark Citadel Gem Cache,黑暗堡垒宝石宝匣,zh-CN
Dark Elder Axe,黑暗长者之斧,zh-CN
Dark Howl,黑暗嚎叫,zh-CN
Dark Knight's Barding,黑暗骑士的坐骑护具,zh-CN
Dark Knight's Strongbox,黑暗骑士的保险箱,zh-CN
Dark Stalker's Medallion,黑暗追猎者的勋章,zh-CN
Darkblade,黑暗之刃,zh-CN
Darkling,暗影鱼,zh-CN
Darkness Vanguard,黑暗先锋,zh-CN
Dawnbreaker,破晓者,zh-CN
Dawnfire,黎明之火,zh-CN
Daze Control,迷惑控制,zh-CN
Death Charm,死亡神符,zh-CN
Death Mace,死亡钉锤,zh-CN
Death's Defense,亡者之御,zh-CN
Death's Dirk,索命长匕,zh-CN
Death's Pavane,死亡帕凡舞,zh-CN
Death's Reach,死亡延伸,zh-CN
Deathdealer's Point,死亡使者之尖刃,zh-CN
Deathgrip,死亡之握,zh-CN
Deathless Visage,不死之面,zh-CN
Deathling's Eyelet,亡者孔戒,zh-CN
Deathmask of Nirmitruq,涅米特鲁克的死亡面具,zh-CN
Deathshead,死亡之首,zh-CN
Deathspeaker's Pendant,亡语者的吊坠,zh-CN
Debt,债,zh-CN
Decay Innovation,凋零创新,zh-CN
Decaying Shaman's Skull,腐烂的萨满之颅,zh-CN
"Deceitful Memory, Part 1",欺诈的回忆，第一部,zh-CN
"Deceitful Memory, Part 2",欺诈的回忆，第二部,zh-CN
"Deceitful Memory, Part 3",欺诈的回忆，第三部,zh-CN
"Deceitful Memory, Part 4",欺诈的回忆，第四部,zh-CN
"Deceitful Memory, Part 5",欺诈的回忆，第五部,zh-CN
Decimating Desecration,重挫亵渎,zh-CN
Decorated Skull,装饰头骨,zh-CN
Defector's Note,叛逃者的纸条,zh-CN
Defensive Aspect Cache,防御威能宝匣,zh-CN
Defensive Aspects,防御威能,zh-CN
Demigod Headsman,半神刽子手,zh-CN
Demolisher,破坏者,zh-CN
Demolition Finesse,抹灭巧变,zh-CN
Demon Horn,恶魔角,zh-CN
Demon's Eye,恶魔之眼,zh-CN
Demon's Heart,恶魔之心,zh-CN
Demon-Eye Sword,恶魔之眼长剑,zh-CN
Demonbinder,缚魔者,zh-CN
Demonblade,魔剑,zh-CN
Demonblade (Crucible),魔剑（魔埚）,zh-CN
Demonic Augur of Civo,恶魔塞沃神谕鱼,zh-CN
Demonic Crookfish,恶魔诡鳍鱼,zh-CN
Demonic Kokalodon,恶魔科卡洛顿鱼,zh-CN
Demonic Morayaga,恶魔蛇鳗鱼,zh-CN
Demonic Neme-Senga,恶魔奈美森加鱼,zh-CN
Demonic Warlord's Barding,恶魔督军坐骑护具,zh-CN
Demonic Warlord's Windchimes,恶魔督军的风铃,zh-CN
Demonic Zakarati,恶魔扎卡拉提鱼,zh-CN
Demonologist,恶魔学家,zh-CN
Demotic Longbow,平民长弓,zh-CN
Desert Escape,沙海逃亡,zh-CN
Desperate March,绝命行军,zh-CN
Despoiler's Reaper,掠夺者的收割,zh-CN
Destroyer's Cache,毁灭者的宝匣,zh-CN
Destroyer's Crafting Cache,毁灭者的制作宝匣,zh-CN
Destroyer's Equipment Cache,毁灭者的装备宝匣,zh-CN
Destroyer's Summoning Cache,毁灭者的召唤宝匣,zh-CN
Devil Tooth Wand,邪魔尖牙魔杖,zh-CN
Devil's Polearm,魔道长柄武器,zh-CN
Devious Malignant Ichor,阴险恶念魔脓液,zh-CN
Devotional,祷文,zh-CN
Diadem of the Ancient,上古之人的冠冕,zh-CN
Diamond Fragment,钻石碎片,zh-CN
Diamond Jewelry Cache,首饰宝匣：钻石,zh-CN
Diluvian Blade,狄卢维恩之刃,zh-CN
Dire Mace,恐怖钉锤,zh-CN
Dirge of Airidah,艾蕊达哀歌,zh-CN
Dirge of Odium,憎恶的哀怨挽歌,zh-CN
Dirk,长匕首,zh-CN
Discarded Journal,丢弃的日志,zh-CN
Disciple Augments,虔信者强化,zh-CN
Disciple Cache,虔信者宝匣,zh-CN
Disciple Efficiency,虔信者效能,zh-CN
Disciple Innovation,虔信者创新,zh-CN
Disgusting Box,恶心的箱子,zh-CN
Distilled Fear,提纯的恐惧,zh-CN
Distilled Fear Cache,提纯恐惧宝匣,zh-CN
Dolmen Stone,支石墓石,zh-CN
Dominion Chain,统御锁链,zh-CN
Doom Armor,厄运胸甲,zh-CN
Doom Casque,厄运头盔,zh-CN
Doom Cuisses,厄运腿甲,zh-CN
Doom Gauntlets,厄运护手,zh-CN
Doom Hammer,厄运锤,zh-CN
Doom Harbinger,末日先驱,zh-CN
Doom Orb,厄运球,zh-CN
Doom Treads,厄运步履,zh-CN
Doomblade,厄运之刃,zh-CN
Doombringer,末日使者,zh-CN
Doombringer (Crucible),末日使者（魔埚）,zh-CN
Doorknocker,城门重击者,zh-CN
Dorian,多利安,zh-CN
Double Axe,双刃斧,zh-CN
Drafted Letter,草拟信函,zh-CN
Dragon Spine,龙脊,zh-CN
Drakhelm Regalia,龙裔华饰骑甲,zh-CN
Drakonbeard,龙须鱼,zh-CN
Draught of Whispers,秘语灵药,zh-CN
Dread Flail,惊惧连枷,zh-CN
Dread Mace,骇人钉锤,zh-CN
Dread Pheasant Slayer,恐惧雉屠,zh-CN
Dread Poleaxe,恐怖长柄斧,zh-CN
Dread Shield,恐怖盾,zh-CN
Dreadful Augments,恐怖强化,zh-CN
Dream Catcher,捕梦网,zh-CN
Dreamwhisper Totem,梦语者图腾,zh-CN
Drifter's Boots,流浪汉靴,zh-CN
Drifter's Helm,流浪汉的头盔,zh-CN
Drifter's Hood,流浪汉兜帽,zh-CN
Drognan's Anguish,卓格楠的苦闷,zh-CN
Dropped Journal,被遗弃的日记,zh-CN
Druid Finesse,德鲁伊巧变,zh-CN
Druid Invigoration,德鲁伊振奋,zh-CN
Druid Motion,德鲁伊机动,zh-CN
Druidic Charm,德鲁伊神符,zh-CN
Druidic Heirloom Amulet,德鲁伊传家宝护符,zh-CN
Druidic Signet,德鲁伊徽戒,zh-CN
Druidic Spirit Offering,德鲁伊灵体供品,zh-CN
Dual Threat,双重威胁,zh-CN
Duelist Wand,决斗魔杖,zh-CN
Dune Thresher Hatchling,沙丘长尾幼蜥,zh-CN
Dungeon Cache,地下城宝匣,zh-CN
Duriel Purified,督瑞尔净化,zh-CN
Dust Daisy,沙尘雏菊,zh-CN
Dust Stone,尘石,zh-CN
Dusty Letter,蒙尘的信,zh-CN
Dusty Slip of Parchment,满是灰尘的羊皮纸,zh-CN
Dylithos Rod,迪利托斯之杖,zh-CN
Eagle Augments,天鹰强化,zh-CN
Eagle Cache,天鹰宝匣,zh-CN
Eagle Efficiency,天鹰效率,zh-CN
Eagle Innovation,天鹰创新,zh-CN
Eagle's Eye,天鹰之眼,zh-CN
Eaglehorn,鹰之号角,zh-CN
Earth Augments,大地强化,zh-CN
Earth Cache,大地宝匣,zh-CN
Earth Staff,大地法杖,zh-CN
Earthbreaker,裂地者,zh-CN
Earthend Band,天涯指环,zh-CN
Earthshaper,大地塑造者,zh-CN
Ebonpiercer,黑檀穿孔符,zh-CN
Echo Circle,回响指圈,zh-CN
Echo of Kwatli,库瓦特里的回音,zh-CN
Echoing Whisper,回荡低语,zh-CN
Ector's Bag of Materials,埃克托的材料包裹,zh-CN
Ector's Gift,埃克托的礼物,zh-CN
Edge of Lilith's Blade,莉莉丝之刃的锋刃,zh-CN
Eerie Samples,怪异的样本,zh-CN
Effect Runes Cache,效果符文宝匣,zh-CN
Egg,卵,zh-CN
Eggcecutioner,卵之处决者,zh-CN
Eggis,卵之神盾,zh-CN
"El'Druin, Sword of Justice",艾尔度因，正义之剑,zh-CN
Elder Aegis,长者壁垒,zh-CN
Elder Broadaxe,长者阔斧,zh-CN
Elder Druid Barding,年迈德鲁伊坐骑护具,zh-CN
Elder Druid's Totem,年迈德鲁伊图腾,zh-CN
Elder Mace,长者钉锤,zh-CN
Elder Polearm,长者长柄武器,zh-CN
Elder Scythe,长者镰刀,zh-CN
Elder Shiv,长者的袖匕,zh-CN
Elder Sigil Grimoire,长者符印魔典,zh-CN
Elder Spirit Crossbow,长者之灵劲弩,zh-CN
Elder Staff,长老法杖,zh-CN
Elder's Sandal,长者的便鞋,zh-CN
Elegant Glaive,优雅剑刃戟,zh-CN
Elegant Polearm,优雅长柄武器,zh-CN
Elegy,挽歌,zh-CN
Elemental Brand,元素烙印,zh-CN
Elemental Control,元素控制,zh-CN
Elemental Core,元素核心,zh-CN
Elemental Finesse,元素巧变,zh-CN
Elemental Finesse - Day,元素巧变（日）,zh-CN
Elemental Finesse - Night,元素巧变（夜）,zh-CN
Elemental Finesse — Night,元素巧变（夜）,zh-CN
Elemental Heart,元素之心,zh-CN
Elemental Surge — Day,元素激涌（日）,zh-CN
Elemental Surge — Night,元素激涌（夜）,zh-CN
Elements of Hatred,憎恨物资,zh-CN
Elements of Nemesis,夙敌物资,zh-CN
Elements of Witchcraft,巫法物资,zh-CN
"Elias' Research Notes, Part 1",厄莱亚斯的研究笔记，第一部分,zh-CN
"Elias' Research Notes, Part 2",厄莱亚斯的研究笔记，第二部分,zh-CN
"Elias' Research Notes, Part 3",厄莱亚斯的研究笔记，第三部分,zh-CN
"Elias' Research Notes, Part 4",厄莱亚斯的研究笔记，第四部分,zh-CN
Elixir Cache,药剂宝匣,zh-CN
Elixir of Advantage,优势药剂,zh-CN
Elixir of Advantage II,优势药剂 II,zh-CN
Elixir of Antivenin,抗毒血清药剂,zh-CN
Elixir of Aptitude,天资药剂,zh-CN
Elixir of Beast-slaying,猎兽药剂,zh-CN
Elixir of Cold Resistance,抗冰药剂,zh-CN
Elixir of Cold Resistance II,抗冰药剂 II,zh-CN
Elixir of Combatant Fortune,战斗命运药剂,zh-CN
Elixir of Cruelty,残暴药剂,zh-CN
Elixir of Demon-slaying,屠魔药剂,zh-CN
Elixir of Destruction,毁灭药剂,zh-CN
Elixir of Destruction II,毁灭药剂 II,zh-CN
Elixir of Fire Resistance,抗火药剂,zh-CN
Elixir of Fire Resistance II,抗火药剂 II,zh-CN
Elixir of Fortitude,坚韧药剂,zh-CN
Elixir of Fortitude II,坚韧药剂 II,zh-CN
Elixir of Fortuity,意外之财药剂,zh-CN
Elixir of Hollow Unmaking,腐虚屠灭药剂,zh-CN
Elixir of Holy Bolts,神圣霹雳药剂,zh-CN
Elixir of Iron Barbs,铁刺药剂,zh-CN
Elixir of Iron Barbs II,铁刺药剂 II,zh-CN
Elixir of Lightning Resistance,抗电药剂,zh-CN
Elixir of Lightning Resistance II,抗电药剂 II,zh-CN
Elixir of Magic Resist,抗魔药剂,zh-CN
Elixir of Man-slaying,屠杀药剂,zh-CN
Elixir of Momentum,乘胜追击药剂,zh-CN
Elixir of Obducite,欧伯度石药剂,zh-CN
Elixir of Phials,魔药药剂,zh-CN
Elixir of Poison Resistance,抗毒药剂,zh-CN
Elixir of Poison Resistance II,抗毒药剂 II,zh-CN
Elixir of Precision,精准药剂,zh-CN
Elixir of Precision II,精准药剂 II,zh-CN
Elixir of Resourcefulness,足智多谋药剂,zh-CN
Elixir of Resourcefulness II,足智多谋药剂 II,zh-CN
Elixir of Sacrifice,牺牲药剂,zh-CN
Elixir of Savagery,野蛮药剂,zh-CN
Elixir of Shadow Resistance,暗抗药剂,zh-CN
Elixir of Shadow Resistance II,暗抗药剂 II,zh-CN
Elixir of Swift Revival,迅速复活药剂,zh-CN
Elixir of Tailwind,顺风药剂,zh-CN
Elixir of Undead-slaying,亡灵屠戮药剂,zh-CN
Elixir of the Learned,博闻强识药剂,zh-CN
Eluding Helm of Askarra,逸脱​阿斯卡拉头盔,zh-CN
Embalming Tool,防腐工具,zh-CN
Ember Staff,余烬法杖,zh-CN
Emberfury,余烬之怒,zh-CN
Emblem of Staalbreak,斯塔布雷克徽记,zh-CN
Embossed Leather Belt,雕花皮带,zh-CN
Emerald,绿宝石,zh-CN
Emerald Fragment,绿宝石碎片,zh-CN
Emerald Jewelry Cache,首饰宝匣：绿宝石,zh-CN
Emperor's End,帝皇的末日,zh-CN
Enchanter Wand,附能魔杖,zh-CN
Endurant Faith,忠贞信仰,zh-CN
Energy Staff,能量法杖,zh-CN
Enervated Strikes,衰弱打击,zh-CN
Engagement Ring,订婚戒指,zh-CN
Engraved Caduceus,雕花商神杖,zh-CN
Enhanced Primordial Dust,强化的源生粉尘,zh-CN
Enigma Cube,奥秘魔方,zh-CN
Enlacing Loop,缠结指环,zh-CN
Ensorcelled Ring,盈魔之戒,zh-CN
Entropic Tuning Prism,熵能调谐棱柱,zh-CN
Eom,伊欧姆,zh-CN
Equipment: Defensive Armor,装备：防御护甲,zh-CN
Equuleus Form,小马座甲,zh-CN
Eriman's Plea,伊里曼的请求,zh-CN
Erupting Chaos,喷发混沌,zh-CN
Esadora's Overflowing Cameo,艾瑟朵拉的流溢浮雕,zh-CN
Escalation Sigil,升级符印,zh-CN
Estuarian Symbol,河口湾徽记,zh-CN
Esu's Heirloom,艾苏的传家宝,zh-CN
Eternal Journey Chapter 2 Cache,永恒旅程第二章宝匣,zh-CN
Eternal Journey Chapter 3 Cache,永恒旅程第三章宝匣,zh-CN
Eternal Journey Chapter 4 Cache,永恒旅程第四章宝匣,zh-CN
Eternal Journey Chapter 5 Cache,永恒旅程第五章宝匣,zh-CN
Eternal Journey Chapter 6 Cache,永恒旅程第六章宝匣,zh-CN
Eternal Journey Chapter 7 Cache,永恒旅程第七章宝匣,zh-CN
Eternal Journey Chapter 8 Cache,永恒旅程第八章宝匣,zh-CN
Eternal Journey Chapter 9 Cache,永恒旅程第九章宝匣,zh-CN
Ethereal Plate,无形的板甲,zh-CN
Etna's Lost Dagger,埃特娜的失落匕首,zh-CN
Etsecheke's Walking Stick,艾斯切克的拐杖,zh-CN
Event Reward Cache,事件奖励宝匣,zh-CN
Every Invoker,每种召唤器,zh-CN
Excavation Log,发掘日志,zh-CN
Exceptional Armor,优异胸甲,zh-CN
Exceptional Boots,优异靴子,zh-CN
Exceptional Gloves,优异手套,zh-CN
Exceptional Helm,优异头盔,zh-CN
Exceptional Leggings,优异腿甲,zh-CN
Execution Innovation,处决创新,zh-CN
Experiment Log,实验日志,zh-CN
Expert Tempering Kit,专家回火材料箱,zh-CN
Expertise Elixir,专精药剂,zh-CN
Expired Elixir of Death Evasion,过期的绝境逢生药剂,zh-CN
Explosive Combinations,爆炸组合,zh-CN
Exquisite Blood,精纯鲜血,zh-CN
Exquisite Blood Cache,精纯鲜血宝匣,zh-CN
Eye of Baal,巴尔之眼,zh-CN
Eye of C'Thun,克苏恩之眼,zh-CN
Eye of Enkil,恩基尔之眼,zh-CN
Eyes in the Dark,暗夜凝望,zh-CN
Faded Diary,模糊的日记,zh-CN
Faded Journal Page,褪色的日志书页,zh-CN
Faded Letter,褪色的信,zh-CN
Faded Scroll,褪色卷轴,zh-CN
Faithless Cage,无信者笼甲,zh-CN
Falchion,弯刃剑,zh-CN
Falconer Axe,猎鹰者之斧,zh-CN
Falkata,镰刃剑,zh-CN
Fancy Quarterstaff,华美长杖,zh-CN
Fang of Tathamet,塔萨迈特的獠牙,zh-CN
Fang of the Vipermagi,蝮蛇法妖之牙,zh-CN
Fatecarver,刻命者,zh-CN
Fauchard,斩矛,zh-CN
Faussart,钩刃长枪,zh-CN
Favor Token,垂青代币,zh-CN
Feathered Polearm,羽毛长柄武器,zh-CN
Fecund Wand,丰饶魔杖,zh-CN
Fedric's Gift,费德里克的礼物,zh-CN
Fedric's Masterpiece,费德里克的杰作,zh-CN
Fer of Abaddon's Flesh,亚巴顿之肉之斐尔,zh-CN
Fer of Balazan's Bite,巴拉赞之噬之斐尔,zh-CN
Fer of Dauntless Faith,无畏信念之斐尔,zh-CN
Fer of Harash's Shadow,哈拉什之影之斐尔,zh-CN
Fer of Horazon's Chains,霍拉松的锁链之斐尔,zh-CN
Fer of Iron Conviction,钢铁定力之斐尔,zh-CN
Fer of Light's Epiphany,圣光启示之斐尔,zh-CN
Fer of Mefis' Fulcrum,墨菲斯之枢之斐尔,zh-CN
Fer of Practiced Technique,精进手段之斐尔,zh-CN
Fer of Radiant Fire,炽焰烈火之斐尔,zh-CN
Fer of Sescheron's Fury,赛斯切隆怒火之斐尔,zh-CN
Fer of Uncanny Insight,诡谲洞见之斐尔,zh-CN
Fer of the Black Shroud,漆黑帷幕之斐尔,zh-CN
Fer of the Crucible,狂战士炼狱之斐尔,zh-CN
Fer of the Nameless,无名者之斐尔,zh-CN
Fer of the Narrow Eye,锐眼凝眸之斐尔,zh-CN
Fer of the Red Wolf Moon,赤狼皓月之斐尔,zh-CN
Fer of the Sightless,盲眼难测之斐尔,zh-CN
Fer of the Threefold,三重道法之斐尔,zh-CN
Feral Effigy,狂野雕像,zh-CN
Feral Mace,野性钉锤,zh-CN
Festering Scripture,溃烂经文,zh-CN
Fetid Khazra Liver,腐臭的卡兹拉肝,zh-CN
Fields of Crimson,修罗场,zh-CN
Fields of Crimson (Crucible),修罗场（魔埚）,zh-CN
Fiend Rose,恶魔玫瑰,zh-CN
Fiendish Folio,恶魔图册,zh-CN
Finger-wreath,指上花环,zh-CN
Firebats Servant,火蝠仆从,zh-CN
First Journey Cache,第一旅程宝匣,zh-CN
First Journey Crafting Cache,第一旅程制作宝匣,zh-CN
Firstborn Greatsword,初诞者巨剑,zh-CN
Fist of the Iron Rose,铁玫瑰之拳,zh-CN
Fists of Fate,命运之拳,zh-CN
Fists of War,战争之拳,zh-CN
Fitness Efficiency,体能效率,zh-CN
Flail,连枷,zh-CN
Flamberge,焰形剑,zh-CN
Flame Glaive,烈焰剑刃戟,zh-CN
Flamescar,焰痕,zh-CN
Flameweaver,织火者,zh-CN
Flammard,焰刃剑,zh-CN
Flanged Mace,凸缘钉锤,zh-CN
Flatbow,平板弓,zh-CN
Flawless Horadric Amethyst,无瑕的赫拉迪姆紫宝石,zh-CN
Flawless Horadric Diamond,无瑕的赫拉迪姆钻石,zh-CN
Flawless Horadric Emerald,无瑕的赫拉迪姆绿宝石,zh-CN
Flawless Horadric Ruby,无瑕的赫拉迪姆红宝石,zh-CN
Flawless Horadric Sapphire,无瑕的赫拉迪姆蓝宝石,zh-CN
Flawless Horadric Skull,无瑕的赫拉迪姆头骨宝石,zh-CN
Flawless Horadric Topaz,无瑕的赫拉迪姆黄宝石,zh-CN
Flawless Ruby,无瑕的红宝石,zh-CN
Fleeting Hordes Compass,飞驰魔潮罗盘,zh-CN
Flesh Sever,分尸者,zh-CN
Flesh-made Barb,血肉刺甲,zh-CN
Flesh-weld Rod,血肉焊接杖,zh-CN
Fleshrender,血肉撕裂者,zh-CN
Fleshwrit Carapace,血肉铭文甲壳,zh-CN
Flickerstep,摇曳之步,zh-CN
Floaty Bobble,漂浮球,zh-CN
Florid Letter,华丽的信件,zh-CN
Focus,聚能器,zh-CN
Focus of the Avenged,雪恨者的聚能器,zh-CN
Folded Letter,折叠的信,zh-CN
Footfalls of the Waning World,衰亡世界的足音,zh-CN
Force of Will,意志伟力,zh-CN
Forebearer's Cleaver,先祖砍斧,zh-CN
Foreign Claw,异域之爪,zh-CN
Foreign Fang,异域尖牙,zh-CN
Forest Augments,森林强化,zh-CN
Forester's Axe,森林战斧,zh-CN
Forestgem Halberd,森林明珠斧枪,zh-CN
Forgotten Bow,遗忘之弓,zh-CN
Forgotten Codex,遗忘法典,zh-CN
Forgotten Scythe,遗忘之镰,zh-CN
Forgotten Soul,遗忘之魂,zh-CN
Forgotten Soul Cache,遗忘之魂宝匣,zh-CN
Forgotten Sword,遗忘之剑,zh-CN
Forked Axe,叉斧,zh-CN
Formal Request,正式申请,zh-CN
Foul Embrace,邪秽之拥,zh-CN
Fourblade,四刃,zh-CN
Fourth Journey Cache,第四旅程宝匣,zh-CN
Fourth Journey Crafting Cache,第四旅程制作宝匣,zh-CN
Fourth Journey Summoning Cache,第四旅程召唤宝匣,zh-CN
Fractured Core,碎裂核心,zh-CN
Fractured Runestone,破碎的符文石,zh-CN
Fractured Winterglass,破碎冬镜,zh-CN
Fresh Meaty Barding,新鲜血肉坐骑护具,zh-CN
Friend of the Bog Grimoire,泥沼之友魔典,zh-CN
Frigid Heart,僵冻之心,zh-CN
Frost Augments,寒霜强化,zh-CN
Frost Augments — Frozen,寒霜强化——冻结,zh-CN
Frost Cache,寒霜宝匣,zh-CN
Frost Cage,寒霜牢笼,zh-CN
Frost Finesse,寒霜巧变,zh-CN
Frostbloom,霜花,zh-CN
Frostburn,霜燃,zh-CN
Frozen Journal,冻结的日志,zh-CN
Full Grain Leather,全粒面皮革,zh-CN
Fulmination,爆鸣,zh-CN
Funerary Mask,入殓面具,zh-CN
Fur-Lined Boots,毛皮内衬长靴,zh-CN
Fur-Lined Hood,毛皮内衬兜帽,zh-CN
Fur-Lined Mitts,毛皮内衬手套,zh-CN
Fur-Lined Pants,衬皮裤子,zh-CN
Fur-Lined Robe,衬皮长袍,zh-CN
Furious Augments,暴怒强化,zh-CN
Furious Thresher,暴怒斩镰,zh-CN
Furrowed Glaive,沟纹剑刃戟,zh-CN
Fury of the Wilds,荒野之怒,zh-CN
Galvanic Azurite,流电石青,zh-CN
Gar,加尔,zh-CN
Gargoyle Greatsword,石像鬼大剑,zh-CN
Gastraphetes,腹弩,zh-CN
Gate Guardian Key,大门守护者钥匙,zh-CN
Gate of the Red Dawn,赤红黎明之门,zh-CN
Gathlen's Birthright,加斯伦的天命,zh-CN
Gauntlets,护手,zh-CN
Gauntlets of Sheol,阴间幽冥护手,zh-CN
Gelid Core,冷冽核心,zh-CN
Gem Cache,宝石宝匣,zh-CN
Gem-laden Geode,盛满宝石的晶簇,zh-CN
Genzaniku Spike,根扎尼库尖刺,zh-CN
Ghastly Reins,惊骇缰绳,zh-CN
Ghost Wand,幽灵魔杖,zh-CN
Ghost of the Conquered,被征服者的幽灵,zh-CN
Ghoul King's Blade,食尸鬼王之刃,zh-CN
Ghoulworm,噬魂蠕虫,zh-CN
Giant Augur of Civo,巨型塞沃神谕鱼,zh-CN
Giant Celestial Augur of Civo,巨型天界塞沃神谕鱼,zh-CN
Giant Celestial Crookfish,巨型天界诡鳍鱼,zh-CN
Giant Celestial Drakonbeard,巨型天界科卡洛顿鱼,zh-CN
Giant Celestial Kokalodon,巨型天界科卡洛顿鱼,zh-CN
Giant Celestial Morayaga,巨型天界蛇鳗鱼,zh-CN
Giant Celestial Neme-Senga,巨型天界奈美森加鱼,zh-CN
Giant Celestial Zakarati,巨型天界扎卡拉提鱼,zh-CN
Giant Crookfish,巨型诡鳍鱼,zh-CN
Giant Demonic Augur of Civo,巨型恶魔塞沃神谕鱼,zh-CN
Giant Demonic Crookfish,巨型恶魔诡鳍鱼,zh-CN
Giant Demonic Drakonbeard,巨型恶魔龙须鱼,zh-CN
Giant Demonic Kokalodon,巨型恶魔科卡洛顿鱼,zh-CN
Giant Demonic Morayaga,巨型恶魔蛇鳗鱼,zh-CN
Giant Demonic Neme-Senga,巨型恶魔奈美森加鱼,zh-CN
Giant Demonic Zakarati,巨型恶魔扎卡拉提鱼,zh-CN
Giant Drakonbeard,巨型龙须鱼,zh-CN
Giant Kokalodon,巨型科卡洛顿鱼,zh-CN
Giant Morayaga,巨型蛇鳗鱼,zh-CN
Giant Neme-Senga,巨型奈美森加鱼,zh-CN
Giant Spectral Augur of Civo,巨型幽灵塞沃神谕鱼,zh-CN
Giant Spectral Crookfish,巨型幽灵诡鳍鱼,zh-CN
Giant Spectral Drakonbeard,巨型幽灵科卡洛顿鱼,zh-CN
Giant Spectral Kokalodon,巨型幽灵科卡洛顿鱼,zh-CN
Giant Spectral Morayaga,巨型幽灵蛇鳗鱼,zh-CN
Giant Spectral Neme-Senga,巨型幽灵奈美森加鱼,zh-CN
Giant Sword,巨剑,zh-CN
Giant Zakarati,巨型扎卡拉提鱼,zh-CN
Giant's Finger,巨人之指,zh-CN
Gibbet,绞架,zh-CN
Gift of Frost,冰霜之赐,zh-CN
Gift of the Realms,诸界的馈赠,zh-CN
Gift of the Tree,神树赠礼,zh-CN
Gilded Polearm,镀金长柄武器,zh-CN
Gileon's Brew,吉利恩的佳酿,zh-CN
Glacial Nimbus,冰川雨云,zh-CN
Gladiator's Triumph,角斗士的凯旋,zh-CN
Gladius,角斗剑,zh-CN
Glaive,剑刃戟,zh-CN
Glaring Madness,凝视癫狂,zh-CN
Gleaming Conduit,发光导体,zh-CN
Glimmer,微光鱼,zh-CN
Glimmering Herb Supply,闪闪发光的草药补给,zh-CN
Glittering Augur of Civo,闪光塞沃神谕鱼,zh-CN
Glittering Celestial Augur of Civo,闪光天界塞沃神谕鱼,zh-CN
Glittering Celestial Crookfish,闪光天界诡鳍鱼,zh-CN
Glittering Celestial Drakonbeard,闪光天界科卡洛顿鱼,zh-CN
Glittering Celestial Kokalodon,闪光天界科卡洛顿鱼,zh-CN
Glittering Celestial Morayaga,闪光天界蛇鳗鱼,zh-CN
Glittering Celestial Neme-Senga,闪光天界奈美森加鱼,zh-CN
Glittering Celestial Zakarati,闪光天界扎卡拉提鱼,zh-CN
Glittering Crookfish,闪光诡鳍鱼,zh-CN
Glittering Demonic Augur of Civo,闪光恶魔塞沃神谕鱼,zh-CN
Glittering Demonic Crookfish,闪光恶魔诡鳍鱼,zh-CN
Glittering Demonic Drakonbeard,闪光恶魔科卡洛顿鱼,zh-CN
Glittering Demonic Kokalodon,闪光恶魔科卡洛顿鱼,zh-CN
Glittering Demonic Morayaga,闪光恶魔蛇鳗鱼,zh-CN
Glittering Demonic Neme-Senga,闪光恶魔奈美森加鱼,zh-CN
Glittering Demonic Zakarati,闪光恶魔扎卡拉提鱼,zh-CN
Glittering Drakonbeard,闪光龙须鱼,zh-CN
Glittering Kokalodon,闪光科卡洛顿鱼,zh-CN
Glittering Morayaga,闪光蛇鳗鱼,zh-CN
Glittering Neme-Senga,闪光奈美森加鱼,zh-CN
Glittering Spectral Augur of Civo,闪光幽灵塞沃神谕鱼,zh-CN
Glittering Spectral Crookfish,闪光幽灵诡鳍鱼,zh-CN
Glittering Spectral Drakonbeard,闪光幽灵科卡洛顿鱼,zh-CN
Glittering Spectral Kokalodon,闪光幽灵科卡洛顿鱼,zh-CN
Glittering Spectral Morayaga,闪光幽灵蛇鳗鱼,zh-CN
Glittering Spectral Neme-Senga,闪光幽灵奈美森加鱼,zh-CN
Glittering Spectral Zakarati,闪光幽灵扎卡拉提鱼,zh-CN
Glittering Zakarati,闪光扎卡拉提鱼,zh-CN
Glorious Boots,华美靴子,zh-CN
Glorious Gloves,华美手套,zh-CN
Glorious Hood,华美兜帽,zh-CN
Glorious Pants,华美裤子,zh-CN
Glorious Staff,华美法杖,zh-CN
Glorious Tunic,华美短衣,zh-CN
Gloves,手套,zh-CN
Gloves of the Illuminator,光照者之手,zh-CN
Glowing Khazra Offering,发光的卡兹拉供品,zh-CN
Glyph: Abyssal,雕文：深渊,zh-CN
Glyph: Adept,雕文：娴熟,zh-CN
Glyph: Ambidextrous,雕文：灵巧,zh-CN
Glyph: Ambush,雕文：伏击,zh-CN
Glyph: Amplify,雕文：增幅,zh-CN
Glyph: Apostle,雕文: 使徒,zh-CN
Glyph: Arbiter,雕文: 仲裁官,zh-CN
Glyph: Archfiend,雕文: 高等恶魔,zh-CN
Glyph: Assassin,雕文: 刺客,zh-CN
Glyph: Attrition,雕文: 损耗,zh-CN
Glyph: Bane,雕文：灾星,zh-CN
Glyph: Blood-drinker,雕文：饮血者,zh-CN
Glyph: Bloodfeeder,雕文：鲜血喂食者,zh-CN
Glyph: Brawl,雕文：搏斗,zh-CN
Glyph: Canny,雕文：精明,zh-CN
Glyph: Charged,雕文：带电,zh-CN
Glyph: Cleaver,雕文：削砍,zh-CN
Glyph: Closer,雕文：追击者,zh-CN
Glyph: Colossal,雕文：猛力,zh-CN
Glyph: Combat,雕文：战斗,zh-CN
Glyph: Conjurer,雕文：咒术师,zh-CN
Glyph: Consumption,雕文：腐化消解,zh-CN
Glyph: Control,雕文：控制,zh-CN
Glyph: Corporeal,雕文：有形,zh-CN
Glyph: Crusher,雕文：碾压者,zh-CN
Glyph: Cryopathy,雕文：伤寒症,zh-CN
Glyph: Deadraiser,雕文：死尸复生者,zh-CN
Glyph: Death Aura,雕文: 死亡光环,zh-CN
Glyph: Demonologist,雕文: 恶魔学家,zh-CN
Glyph: Destruction,雕文：破坏,zh-CN
Glyph: Devious,雕文：阴险,zh-CN
Glyph: Diminish,雕文: 削弱,zh-CN
Glyph: Disembowel,雕文：开膛破肚,zh-CN
Glyph: Dominate,雕文：支配,zh-CN
Glyph: Earth and Sky,雕文：大地天空,zh-CN
Glyph: Eclipse,雕文: 日食,zh-CN
Glyph: Efficacy,雕文：效能,zh-CN
Glyph: Eldritch Sight,雕文: 怪诞视界,zh-CN
Glyph: Electrocute,雕文：电刑,zh-CN
Glyph: Elementalist,雕文：元素使,zh-CN
Glyph: Eliminator,雕文: 灭除者,zh-CN
Glyph: Empowered,雕文: 强能,zh-CN
Glyph: Enchanter,雕文：附魔,zh-CN
Glyph: Entropy,雕文: 熵能,zh-CN
Glyph: Essence,雕文：精魂,zh-CN
Glyph: Executioner,雕文：处决者,zh-CN
Glyph: Exhumation,雕文：掘墓,zh-CN
Glyph: Fang and Claw,雕文：尖牙和利爪,zh-CN
Glyph: Fester,雕文：腐溃,zh-CN
Glyph: Feverous,雕文: 热忱者,zh-CN
Glyph: Fitness,雕文：健硕,zh-CN
Glyph: Flamefeeder,雕文：火焰喂食者,zh-CN
Glyph: Fluidity,雕文：流体,zh-CN
Glyph: Fulminate,雕文：爆雷,zh-CN
Glyph: Golems,雕文：傀儡,zh-CN
Glyph: Gravekeeper,雕文：守墓人,zh-CN
Glyph: Grenadier,雕文: 掷弹兵,zh-CN
Glyph: Guzzler,雕文：暴食者,zh-CN
Glyph: Hone,雕文：砥砺,zh-CN
Glyph: Honed,雕文: 修磨,zh-CN
Glyph: Human,雕文：人类,zh-CN
Glyph: Ichor Carapace,雕文: 脓腐甲壳,zh-CN
Glyph: Imbiber,雕文：吸收者,zh-CN
Glyph: Infusion,雕文：灌魔,zh-CN
Glyph: Innate,雕文：天生神力,zh-CN
Glyph: Ire,雕文：怒火,zh-CN
Glyph: Jagged Plume,雕文：锐羽,zh-CN
Glyph: Judicator,雕文: 审判者,zh-CN
Glyph: Keeper,雕文：护卫,zh-CN
Glyph: Mage,雕文：法师,zh-CN
Glyph: Marshal,雕文：统帅,zh-CN
Glyph: Mastermind,雕文: 战术大师,zh-CN
Glyph: Menagerist,雕文：御灵师,zh-CN
Glyph: Might,雕文：力量,zh-CN
Glyph: Mortal Draw,雕文：致命吸引,zh-CN
Glyph: Nightstalker,雕文：夜行者,zh-CN
Glyph: Occultist,雕文: 秘术师,zh-CN
Glyph: Poise,雕文：镇静,zh-CN
Glyph: Pride,雕文：骄纵,zh-CN
Glyph: Protector,雕文：保护者,zh-CN
Glyph: Pyromaniac,雕文：纵火,zh-CN
Glyph: Ranger,雕文：巡游侠,zh-CN
Glyph: Reinforced,雕文：加固,zh-CN
Glyph: Resplendence,雕文: 辉煌,zh-CN
Glyph: Retribution,雕文: 惩戒,zh-CN
Glyph: Revenge,雕文：复仇,zh-CN
Glyph: Ritual,雕文：仪祭,zh-CN
Glyph: Rumble,雕文：轰鸣,zh-CN
Glyph: Sacrificial,雕文：牺牲,zh-CN
Glyph: Scourge,雕文：煞星,zh-CN
Glyph: Seething,雕文：恼怒,zh-CN
Glyph: Sentinel,雕文: 守备,zh-CN
Glyph: Shapeshifter,雕文：变形者,zh-CN
Glyph: Snare,雕文：诱捕,zh-CN
Glyph: Stalagmite,雕文：石笋,zh-CN
Glyph: Tactician,雕文：战术家,zh-CN
Glyph: Talon,雕文：掠爪,zh-CN
Glyph: Territorial,雕文：领地,zh-CN
Glyph: Torch,雕文：火炬,zh-CN
Glyph: Tracker,雕文：追踪者,zh-CN
Glyph: Twister,雕文：旋风,zh-CN
Glyph: Unbound,雕文: 解禁,zh-CN
Glyph: Undaunted,雕文：无惧,zh-CN
Glyph: Unleash,雕文：释放,zh-CN
Glyph: Vanguard,雕文: 先锋,zh-CN
Glyph: Versatility,雕文：随机应变,zh-CN
Glyph: Volley,雕文: 箭幕,zh-CN
Glyph: Warding,雕文：界护,zh-CN
Glyph: Warrior,雕文：战士,zh-CN
Glyph: Weapon Master,雕文：武器大师,zh-CN
Glyph: Werebear,雕文：熊人,zh-CN
Glyph: Werewolf,雕文：狼人,zh-CN
Glyph: WildFire,雕文：野火,zh-CN
Glyph: Wilds,雕文：狂野,zh-CN
Glyph: Winter,雕文：凛冬,zh-CN
Glyph: Wrath,雕文：愤怒,zh-CN
Gnarled Staff,多节法杖,zh-CN
Gnarled Walking Staff,多节手杖,zh-CN
Goat-Footed Dagger,羊足匕首,zh-CN
Goblin's Legendary Kurast Undercity Tributes,地精的传奇库拉斯特幽暗之城贡品,zh-CN
Goblin's Legendary Rune Cache,地精的传奇符文宝匣,zh-CN
Goblin's Magic Kurast Undercity Tributes,地精的魔法库拉斯特幽暗之城贡品,zh-CN
Goblin's Magic Rune Cache,地精的魔法符文宝匣,zh-CN
Goblin's Plunder,地精的劫掠物,zh-CN
Goblin's Rare Kurast Undercity Tributes,地精的稀有库拉斯特幽暗之城贡品,zh-CN
Goblin's Unceasing Kurast Undercity Tributes,地精的恒久库拉斯特幽暗之城贡品,zh-CN
Goblins Collection of Legendary Runes,地精传奇符文收藏,zh-CN
Goblins Collection of Runes,地精符文收藏,zh-CN
Godslayer Crown,弑神者之冠,zh-CN
Gohr's Devastating Grips,戈尔的毁灭之握,zh-CN
Gold Cache,藏金匣,zh-CN
Golden Glaive,黄金剑刃戟,zh-CN
Golden Polearm,黄金长柄武器,zh-CN
Golden Quarterstaff,黄金长杖,zh-CN
Golden Sextant,黄金六分仪,zh-CN
Goregaze Axe,血视之斧,zh-CN
Gorger's Cudgel,吞食者大棒,zh-CN
Gorgon's Labrys,蛇发女妖双刃斧,zh-CN
Gorilla Augments,狂猿强化,zh-CN
Gorilla Cache,狂猿宝匣,zh-CN
Gorilla Efficiency,狂猿效率,zh-CN
Gorilla Finesse,狂猿巧变,zh-CN
Gorilla Innovation,狂猿创新,zh-CN
Gorilla's Eye,狂猿之眼,zh-CN
Gospel of the Devotee,虔诚者福音,zh-CN
Gospel of the Mother,《圣母福音》,zh-CN
Gothic Blade,哥特剑,zh-CN
Gothic Shield,哥特盾,zh-CN
Gothic Staff,哥特杖,zh-CN
Governing Stone: Autodefense,统御石: 自动防卫,zh-CN
Governing Stone: Bushwhack,统御石: 伏击,zh-CN
Governing Stone: Firefly,统御石: 萤火虫,zh-CN
Governing Stone: Flash of Adrenaline,统御石: 肾上腺素激增,zh-CN
Governing Stone: Focus Fire,统御石: 集中攻击,zh-CN
Governing Stone: Gyrate,统御石: 回转,zh-CN
Governing Stone: Impale,统御石: 贯穿,zh-CN
Governing Stone: Lightning Bolt,统御石: 闪电箭,zh-CN
Governing Stone: Protect,统御石: 保护,zh-CN
Governing Stone: Pummel,统御石: 砸击,zh-CN
Governing Stone: Reconstruct,统御石: 重构,zh-CN
Governing Stone: Tempest,统御石: 雷暴,zh-CN
Grand Aldkin Cache,巨型奥德金宝匣,zh-CN
Grand Amethyst,巨型紫宝石,zh-CN
Grand Diamond,巨型钻石,zh-CN
Grand Emerald,巨型绿宝石,zh-CN
Grand Raheir Cache,巨型拉赫尔宝匣,zh-CN
Grand Ruby,巨型红宝石,zh-CN
Grand Skull,巨型头骨宝石,zh-CN
Grand Sword,巨刃剑,zh-CN
Grand Topaz,巨型黄宝石,zh-CN
Grand Treasure of the Artificer,大型工匠的宝藏,zh-CN
Grand Varyana Cache,巨型瓦尔亚纳宝匣,zh-CN
Grasp of Shadow,暗影之握,zh-CN
Grave Bulwark,坟茔壁垒,zh-CN
Grave Dust,墓地尘,zh-CN
Grave Striker,袭墓者,zh-CN
Grave Wand,陪葬魔杖,zh-CN
Gravekeeper's Axe,守墓人之斧,zh-CN
Graverobber's Journal,盗墓贼的日志,zh-CN
Gravewalker's Hand,行墓者之手,zh-CN
Great Axe,大斧,zh-CN
Great Hammer,大锤,zh-CN
Great Maul,大槌,zh-CN
Great Sword,大剑,zh-CN
Greater Awakened Spoils,大量觉醒战利品,zh-CN
Greater Blacksmithing Cache,大型锻造宝匣,zh-CN
Greater Blood Cache,大型鲜血宝匣,zh-CN
Greater Bloodied Cache,大型血染宝匣,zh-CN
Greater Bone Cache,大型白骨宝匣,zh-CN
Greater Brawler Cache,大型拳师宝匣,zh-CN
Greater Cache of the Lesser Evils,魔王的大型宝匣,zh-CN
Greater Centipede Cache,大型巨虫宝匣,zh-CN
Greater Challenge Cache,大型挑战宝匣,zh-CN
Greater Chestplate of the Khazra,强效卡兹拉胸甲,zh-CN
Greater Collection of Amulets,大型护符收藏,zh-CN
Greater Collection of Boots,大型靴子收藏,zh-CN
Greater Collection of Chaos,大型混沌收藏,zh-CN
Greater Collection of Chestplates,大型胸甲收藏,zh-CN
Greater Collection of Gauntlets,大型护手收藏,zh-CN
Greater Collection of Helms,大型头盔收藏,zh-CN
Greater Collection of Leg Guards,大型护腿收藏,zh-CN
Greater Collection of Mysteries,大型神秘收藏,zh-CN
Greater Collection of One-handed Weapons,大型单手武器收藏,zh-CN
Greater Collection of Rings,大型戒指收藏,zh-CN
Greater Collection of Talismans,大型护身符收藏,zh-CN
Greater Collection of Two-Handed Weapons,大型双手武器收藏,zh-CN
Greater Cutthroat Cache,大型刺杀者宝匣,zh-CN
Greater Disciple Cache,大型虔信者宝匣,zh-CN
Greater Eagle Cache,大型天鹰宝匣,zh-CN
Greater Earth Cache,大型大地宝匣,zh-CN
Greater Elements of Witchcraft,强效巫法物资,zh-CN
Greater Frost Cache,大型寒霜宝匣,zh-CN
Greater Gift from the Ancestors,先祖的盛大之礼,zh-CN
Greater Helm of the Khazra,强效卡兹拉头盔,zh-CN
Greater Horadric Cache,赫拉迪姆大宝匣,zh-CN
Greater Infernal Cache,大型炼狱宝匣,zh-CN
Greater Jaguar Cache,大型猎豹宝匣,zh-CN
Greater Journey Cache,大型旅程宝匣,zh-CN
Greater Judicator Cache,大型审判者宝匣,zh-CN
Greater Lair Cache,大型巢穴宝匣,zh-CN
Greater Lair Key,强力巢穴钥匙,zh-CN
Greater Legion Cache,大型军团宝匣,zh-CN
Greater Masterwork Cache,大型精造宝匣,zh-CN
Greater Maul,大槌,zh-CN
Greater Midwinter Spoils,大量黑冬节战利品,zh-CN
Greater Nahantu Cache,大型纳罕涂宝匣,zh-CN
Greater Ranking Cache,大型级别宝匣,zh-CN
Greater Scythe,大镰刀,zh-CN
Greater Shield,大盾,zh-CN
Greater Skovos Cache,大型斯科沃斯宝匣,zh-CN
Greater Socketables Cache,大型镶嵌物宝匣,zh-CN
Greater Stay Fresh Meat Box,大型鲜肉保鲜盒,zh-CN
Greater Storm Cache,大型风暴宝匣,zh-CN
Greater Treasure Bag,大型宝藏包裹,zh-CN
Greater Tribute of Armaments,强效军械贡品,zh-CN
Greater Tribute of Harmony,强效和谐贡品,zh-CN
Greater Tribute of Ingenuity,强效巧思贡品,zh-CN
Greater Tribute of Refinement,强效精炼贡品,zh-CN
Greater Tribute of the Horadrim,大型赫拉迪姆的贡品,zh-CN
Greater Triune Arms Cache,强能三神教武器宝匣,zh-CN
Greatheart Band,豪迈指环,zh-CN
Greatstaff of the Crone,巫婆巨杖,zh-CN
Greaves of the Empty Tomb,鬼墓空棺护胫,zh-CN
Greenwalker's Oath,绿行者之誓,zh-CN
Greenwalker's Signet,绿行者的玺戒,zh-CN
Grigoire Summoning Cache,格里戈利召唤宝匣,zh-CN
Grim Reapers,冷酷死神,zh-CN
Grim Wand,残酷魔杖,zh-CN
Grimey Journal,肮脏的日志,zh-CN
Grimstone Sword,硫磺剑,zh-CN
Grisly Trophy,阴森战利品,zh-CN
Griswold's Opus,格里斯沃尔德的杰作,zh-CN
Griswold's Opus (Crucible),格里斯沃尔德的杰作（魔埚）,zh-CN
Grotesque Loop,怪诞环饰,zh-CN
Gruesome Banner,恐怖战旗,zh-CN
Gryphalanx,狮鹫方阵枪,zh-CN
Guard,防身盾,zh-CN
Guardian Finesse,守护者巧变,zh-CN
Guise of War,战争护面,zh-CN
Gur's Freezing Armor,古尔的冰冻护甲,zh-CN
Gurgling Bag of Rubbish,发出咕噜声的垃圾袋,zh-CN
Hache,长斧,zh-CN
Hail of Verglas,激飞冻雨,zh-CN
Hakkar the Soulflayer,夺灵者哈卡,zh-CN
Halberd,斧枪,zh-CN
Half-Moon Sling,半月索弓,zh-CN
Hammer,锤,zh-CN
Hand Axe,手斧,zh-CN
Hand Ballista,手持弩炮,zh-CN
Hand Sickle,简陋手镰,zh-CN
Hand of Apotheosis,神化之手,zh-CN
Hands of the Worldbreaker,灭世者之手,zh-CN
Handwritten Note,手写的笔记,zh-CN
Hangman's Hand,绞刑官之手,zh-CN
Harlequin Crest,谐角之冠,zh-CN
Harmony of Ebewaka,埃贝瓦卡之睦,zh-CN
Harpydory,鹰身女妖长矛,zh-CN
Harriers of War,战争猎靴,zh-CN
Hastily Folded Letter,匆忙折起的信,zh-CN
Hastily Scribbled Diary,草草写下的日记,zh-CN
Hastily Written Note,匆忙书写的字条,zh-CN
Hate Cache Chaos,憎恨宝匣（混沌）,zh-CN
Hate Cache CraftingMats,憎恨宝匣（制作材料）,zh-CN
Hate Cache Gems and Gold,憎恨宝匣（宝石和金币）,zh-CN
Hate Cache of Faction Rep and XP,憎恨宝匣（派系声望和经验值）,zh-CN
Hate Cache of Masterworking Materials,憎恨宝匣（精造材料）,zh-CN
Hatred's Gaze,憎恨的凝视,zh-CN
Hatred's Grasp,憎恨的掌握,zh-CN
Hatred's Heart,憎恨的心脏,zh-CN
Hatred's March,憎恨的远行,zh-CN
Hatred's Prize,憎恨的奖赏,zh-CN
Hatred's Seat,憎恨的王座,zh-CN
Haunted Crossbow,萦魂十字弩,zh-CN
Hawezar Barding,哈维泽坐骑护具,zh-CN
Hawezar Tack,哈维泽马甲,zh-CN
Head of the Lord Father,憎恨王父之首,zh-CN
Heady Acrobatics Elixir,急效杂耍药剂,zh-CN
Heady Assault Elixir,急效突击药剂,zh-CN
Heady Crushing Elixir,急效粉碎药剂,zh-CN
Heady Third Eye Elixir,急效第三只眼药剂,zh-CN
Heady Vampirism Elixir,急效吸血鬼药剂,zh-CN
Heart of Anima,心能之心,zh-CN
Heart of Anima Grimoire,心能之心魔典,zh-CN
Heart of Azgar,阿兹加尔之心,zh-CN
Heart of War,战争之心,zh-CN
Heart's Desire,心之欲念,zh-CN
Heartwood Staff,心木法杖,zh-CN
Heavenly Sigil,天界符印,zh-CN
Heavy Axe,重斧,zh-CN
Heavy Boots,重靴,zh-CN
Heavy Chestplate,重胸甲,zh-CN
Heavy Crossbow,重弩,zh-CN
Heavy Gloves,重手套,zh-CN
Heavy Helm,重盔,zh-CN
Heavy Pants,重裤子,zh-CN
Heavy Scythe,重镰刀,zh-CN
Heavy Shield,重盾,zh-CN
Hecaton Chasm,赫卡顿深渊,zh-CN
Heir of Perdition,堕狱传承,zh-CN
Hell's Caparison,地狱盛装,zh-CN
Hell's Fang,地狱之牙,zh-CN
Hellbrand Signet,狱印玺戒,zh-CN
Hellhammer,地狱锤,zh-CN
Hellhound's Sabatons,地狱犬马靴,zh-CN
Helm,头盔,zh-CN
Helm of Askarra,阿斯卡拉头盔,zh-CN
Helm of Umbral Fury,阴界怒火头盔,zh-CN
Helm of the Khazra,卡兹拉头盔,zh-CN
Hemestar,鲜红星辰,zh-CN
Herald of Hatred,憎恨的使者,zh-CN
Herald of Zakarum,萨卡兰姆的使者,zh-CN
Herald's Morningstar,先驱的晨星,zh-CN
Herb Cache,草药宝匣,zh-CN
Heretic's Executioner,异端处决者,zh-CN
Heretic's Requiem,异端安魂曲,zh-CN
Hesha e Kesungi,哈夏·厄·克苏吉,zh-CN
Hex Specialization,妖术专精,zh-CN
Hex of Flames,火焰妖术,zh-CN
Hex of Shattering,粉碎妖术,zh-CN
Hex of Whispers,秘语妖术,zh-CN
Hidden Oasis,隐秘绿洲,zh-CN
High Priestess' Missive,高阶牧师的信函,zh-CN
Highest Honors of the Iron Wolves,铁狼的至高荣誉,zh-CN
Highland Boots,高地靴子,zh-CN
Highland Bow,高地弓,zh-CN
Highland Circlet,高地头环,zh-CN
Highland Handwraps,高地裹手,zh-CN
Highland Trousers,高地长裤,zh-CN
Highland Vestment,高地背心,zh-CN
Hit and Run,跑轰战术,zh-CN
Holy Chalice,圣杯,zh-CN
Holy Order,神圣教团,zh-CN
Honored Relic,尊崇圣物,zh-CN
Hooked Glaive,带钩剑刃戟,zh-CN
Hooked Quarterstaff,带钩长杖,zh-CN
Hoop,指环,zh-CN
Hooves of the Mountain God,山神的巨蹄,zh-CN
Horadric Amethyst,赫拉迪姆紫宝石,zh-CN
Horadric Artifact,赫拉迪姆神器,zh-CN
Horadric Cache,赫拉迪姆宝匣,zh-CN
Horadric Coin,赫拉迪姆硬币,zh-CN
Horadric Crest,赫拉迪姆徽记,zh-CN
Horadric Crest Tome,赫拉迪姆徽记宝典,zh-CN
Horadric Diamond,赫拉迪姆钻石,zh-CN
Horadric Emerald,赫拉迪姆绿宝石,zh-CN
Horadric Initiate's Amulet,赫拉迪姆学徒护符,zh-CN
Horadric Initiate's Robes,赫拉迪姆学徒法袍,zh-CN
Horadric Initiate's Staff,赫拉迪姆学徒法杖,zh-CN
Horadric Reputation,赫拉迪姆声望,zh-CN
Horadric Reward Cache,赫拉迪姆奖励宝匣,zh-CN
Horadric Ruby,赫拉迪姆红宝石,zh-CN
Horadric Sapphire,赫拉迪姆蓝宝石,zh-CN
Horadric Seal,赫拉迪姆封印,zh-CN
Horadric Secrets,赫拉迪姆的秘密,zh-CN
Horadric Shield,赫拉迪姆护盾,zh-CN
Horadric Skull,赫拉迪姆头骨宝石,zh-CN
Horadric Spellcraft,赫拉迪姆咒法,zh-CN
Horadric Tack,赫拉迪姆马甲,zh-CN
Horadric Tome,赫拉迪姆典籍,zh-CN
Horadric Topaz,赫拉迪姆黄宝石,zh-CN
Horadric Wayfinder,赫拉迪姆寻径灵盘,zh-CN
Horadrim's Locket,赫拉迪姆吊坠,zh-CN
Horned Cudgel,尖角大棒,zh-CN
Howl from Below,地狱哀号,zh-CN
Howler Moss,嚎叫苔藓,zh-CN
Hratli,赫拉铁力,zh-CN
Hungering Void,饥渴虚空,zh-CN
Hunt Medal,狩猎奖章,zh-CN
Hunter's Bow,猎弓,zh-CN
Hunter's Journal,猎人的日志,zh-CN
Hunter's Knife,猎人小刀,zh-CN
Hunter's Zenith,猎手的巅峰,zh-CN
Hunters' Livery Cache,猎手的制服宝匣,zh-CN
Hunting Party Cache,狩猎小队宝匣,zh-CN
Iceheart Brais,冰心长裤,zh-CN
Icon Item,图标物品,zh-CN
Icy Rib,寒肋,zh-CN
Idol From Below,地狱魔像,zh-CN
Idol From Below Tome,地狱魔像宝典,zh-CN
Ifeh's Dire Totem,伊菲的恐狼图腾,zh-CN
Igni,伊格尼,zh-CN
Imbued Totem,灌注图腾,zh-CN
Imbuement Abundance,灌注丰盛,zh-CN
Impact Hammer,冲击锤,zh-CN
Impaler,穿刺者,zh-CN
Imperial Barding of Old,帝国古旧坐骑护具,zh-CN
Incarnate of Elements,元素化身,zh-CN
Incense of Capacity,数量熏香,zh-CN
Incense of Fortitude,坚韧熏香,zh-CN
Inchoate Band,肇生指环,zh-CN
Indecipherable Signet,玄奥玺戒,zh-CN
Indira's Memory,英迪拉的记忆,zh-CN
Infernal Cache,炼狱装置,zh-CN
Infernal Compass,炼狱罗盘,zh-CN
Infernal Edge,炼狱巨刃,zh-CN
Infernal Essence,炼狱精魂,zh-CN
Infernal Homunculus,炼狱邪胎,zh-CN
Infernal Hordes Compass,炼狱魔潮罗盘,zh-CN
Infused Horadric Resin,注能赫拉迪姆树脂,zh-CN
Ingolith,因格石,zh-CN
Inimical Seal,敌害印戒,zh-CN
Initiate's Boots,学徒靴子,zh-CN
Initiate's Gloves,学徒手套,zh-CN
Initiate's Hood,学徒兜帽,zh-CN
Initiate's Pants,学徒裤子,zh-CN
Initiate's Tunic,学徒短衣,zh-CN
Innervation Circle,激昂指圈,zh-CN
Insatiable Fury,无餍之怒,zh-CN
Interrogation Journal,审讯日志,zh-CN
Intertwined Thorn,交织棘环,zh-CN
Invigorating Attacks,振奋攻击,zh-CN
Invoker of Varshan,瓦尔申召唤器,zh-CN
Iris,艾芮丝,zh-CN
Iron Axe,铁斧,zh-CN
Iron Barb Elixir,铁刺药剂,zh-CN
Iron Chunk,铁块,zh-CN
Iron Cilice,铁质饰链,zh-CN
Iron Horn,铁角,zh-CN
Iron Mauler,铁槌,zh-CN
Iron Recurve,反曲铁弓,zh-CN
Iron Reliquary,铁质藏骨匣,zh-CN
Iron Scythe,铁镰,zh-CN
Iron Shield,铁盾,zh-CN
Iron Skin Elixir,钢铁之肤药剂,zh-CN
Iron Staff,铁杖,zh-CN
Iron Tunnels,黑铁隧道,zh-CN
Iron Walking Stick,铁拐杖,zh-CN
Iron Wand,铁魔杖,zh-CN
Iron Wolf Cuirass,铁狼胸甲,zh-CN
Iron Wolves Messenger Boots,铁狼信使之靴,zh-CN
Iron Wolves Vanity Chest,铁狼虚荣宝箱,zh-CN
Iron Wolves' Armory,铁狼军械,zh-CN
Iron Wolves' Elixir Supply,铁狼药剂补给,zh-CN
Iron Wolves' Final Harvest,铁狼的最终收割,zh-CN
Iron Wolves' Herbalist Hoard,铁狼草药师秘藏,zh-CN
Iron Wolves' Heroic Spoils,铁狼的英雄战利品,zh-CN
Iron Wolves' Messenger Case,铁狼的信使武器套,zh-CN
Iron Wolves' Messenger Gear,铁狼的信使装备,zh-CN
Iron Wolves' Weapon,铁狼武器,zh-CN
Ironfeather Glaive,铁羽剑刃戟,zh-CN
Ironwood Club,铁木棒,zh-CN
Ivory Horn of Nahantu,纳汉图的象牙角,zh-CN
Ivory Titan's Cuirass,纯洁泰坦的胸甲,zh-CN
Jacinth Shell,红锆石胄衣,zh-CN
Jade Crossbow,玉石弩,zh-CN
Jade Dragon's Pearl,玉龙盘珠,zh-CN
Jade Glaive,玉石剑刃戟,zh-CN
Jade Hook,碧玉钩镰,zh-CN
Jade Macuahuitl,玉石锯剑,zh-CN
Jade Relic,翡翠圣器,zh-CN
Jade Shell,玉石胄衣,zh-CN
Jade Wand,玉石魔杖,zh-CN
Jaguar Augments,猎豹强化,zh-CN
Jaguar Cache,猎豹宝匣,zh-CN
Jaguar Efficiency,猎豹效率,zh-CN
Jaguar Finesse,猎豹巧变,zh-CN
Jaguar Innovation,猎豹创新,zh-CN
Jaguar's Eye,猎豹之眼,zh-CN
Jaguar's Gaze,猎豹的凝视,zh-CN
Jaguar's Razor,猎豹锋刃,zh-CN
Jah,扎,zh-CN
Jambiya,扬匕亚,zh-CN
Jewelry Cache,首饰宝匣,zh-CN
Jo Staff,杖棍,zh-CN
Johanna's Namesake,乔汉娜的名号继承者,zh-CN
Journal Entry,日志条目,zh-CN
Journal Page,日志书页,zh-CN
"Journal of Zoltun Kulle, Entry 1",佐敦·库勒的日志，第一篇,zh-CN
"Journal of Zoltun Kulle, Entry 2",佐敦·库勒的日志，第二篇,zh-CN
"Journal of Zoltun Kulle, Entry 3",佐敦·库勒的日志，第三篇,zh-CN
"Journal of Zoltun Kulle, Entry 4",佐敦·库勒的日志，第四篇,zh-CN
"Journal of Zoltun Kulle, Entry 5",佐敦·库勒的日志，第五篇,zh-CN
Journey Cache,旅程宝匣,zh-CN
Judge's Scriptures,法官典籍,zh-CN
Judgement Sabatons,审判马靴,zh-CN
Judgment of Auriel,奥莉尔的审判,zh-CN
Judicant's Glaivehelm,审判官的战刃盔,zh-CN
Judicator Augments,审判者强化,zh-CN
Judicator Cache,审判者宝匣,zh-CN
Judicator Efficiency,审判者效能,zh-CN
Judicator Finesse,审判者巧变,zh-CN
Judicator Innovation,审判者创新,zh-CN
Judicator's Mask,裁判官的面具,zh-CN
Juggernaut Augments,主宰者强化,zh-CN
Juggernaut Cache,主宰者宝匣,zh-CN
Juggernaut Efficiency,主宰者效能,zh-CN
Juggernaut Innovation,主宰者创新,zh-CN
Jungle Cleaver,丛林砍斧,zh-CN
Jungle Thorn,丛林棘环,zh-CN
Junktooth's Bag of Oddities,废牙的奇物袋,zh-CN
Justiciar's Brand,审判官的烙印,zh-CN
Kabraxis' Will,卡布拉西斯的意志,zh-CN
Kallos Glaive,卡洛斯剑刃戟,zh-CN
Kama,扳镰,zh-CN
Kard,单刃匕首,zh-CN
Kathawort,卡萨草,zh-CN
Keen Glaive,锐利剑刃戟,zh-CN
Keen Kopis,锐利单刃剑,zh-CN
Keepsake,纪念物,zh-CN
Kehjistani Barding,凯基斯坦坐骑护具,zh-CN
Kehjistani Tack,凯基斯坦马甲,zh-CN
Kel,凯尔,zh-CN
Kemir's Stockpile,科米尔的仓库,zh-CN
Kervek the Putrid,腐败者凯尔维克,zh-CN
Kessime's Legacy,凯希米的传承,zh-CN
Khamsin Steppewalkers,热风步行靴,zh-CN
Khanjali,坎加利,zh-CN
Khazra Barding,卡兹拉坐骑护具,zh-CN
Khazra War Banner,卡兹拉战旗,zh-CN
Khopesh,镰刃剑,zh-CN
Killing Wind,杀戮之风,zh-CN
Kilt of Blackwing,黑翼幽裙,zh-CN
Kin-lord Band,族长之环,zh-CN
King Maker,造王者,zh-CN
Kingslayer,弑君者,zh-CN
Kite Shield,鸢盾,zh-CN
Klath-Ulna's Tithe,克拉斯·乌尔纳的税金,zh-CN
"Kleos, Spear of Athulua",克莱奥斯，阿图卢阿之矛,zh-CN
Knight Commander's Log,骑士指挥官的记录,zh-CN
Knight's Journal,骑士的日志,zh-CN
Knockhand Club,敲手木棒,zh-CN
Knowledgeable Charm,学识​神符,zh-CN
Kokalodon,科卡洛顿鱼,zh-CN
Kris,波刃剑,zh-CN
Kry,克莱,zh-CN
Kullean Tuning Prism,库勒调谐棱柱,zh-CN
Kurast Refinery,库拉斯特精工贮藏,zh-CN
Kurast Undercity Barding,库拉斯特幽暗之城坐骑护具,zh-CN
Laborer's Hammer,劳工锤,zh-CN
Lac,拉克,zh-CN
Laden War Club,沉重战锤,zh-CN
Lady Petal,花瓣小姐,zh-CN
Lair,巢穴,zh-CN
Lair Cache,巢穴宝匣,zh-CN
Lair Key,巢穴钥匙,zh-CN
Lamentation Choker,哀挽项圈,zh-CN
Lamplighter's Lantern-Staff,灯夫的提灯法杖,zh-CN
Lamplighter's Tack,灯夫马甲,zh-CN
Lantern of the Great Isle,巨岛之灯,zh-CN
Lapis Ward,青金石护戒,zh-CN
Large Axe,大型斧,zh-CN
Large Event Reward Cache,大型事件奖励宝匣,zh-CN
Large Obducite Cache I,欧伯度石大宝匣 I,zh-CN
Large Obducite Cache II,欧伯度石大宝匣 II,zh-CN
Large Scroll,大卷轴,zh-CN
Leaden Mace,铅锤,zh-CN
Leather Cache,皮革宝匣,zh-CN
Leather Doublet,皮制紧身上衣,zh-CN
Ledger Page,账本页,zh-CN
Ledger of Tithes Received,已收奉纳总账,zh-CN
Legacy of Disgrace,不光彩的遗物,zh-CN
Legendary Arcana,传奇秘法精粹,zh-CN
Legendary Coven Crate,传奇巫会之箱,zh-CN
Legendary Gift from the Ancestors,先祖的传奇之礼,zh-CN
Legendary Horadric Seal,传奇赫拉迪姆封印,zh-CN
Legendary Horadric Seal of Swiftness of Technique,传奇赫拉迪姆封印​迅捷之​技巧之,zh-CN
Legendary Ring Cache - Ruby,传奇戒指宝匣：红宝石,zh-CN
Legendary Ring Cache - Topaz,传奇戒指宝匣：黄宝石,zh-CN
Legendary Test Amulet,传奇测试护符,zh-CN
Legendary Test Axe1H,传奇测试单手斧,zh-CN
Legendary Test Dagger1H,传奇测试单手匕首,zh-CN
Legendary Test Focus,传奇测试聚能器,zh-CN
Legendary Test Mace1H,传奇测试单手钉头锤,zh-CN
Legendary Test Polearm2H,传奇测试双手长柄武器,zh-CN
Legendary Test Ring,传奇测试戒指,zh-CN
Legendary Test Scythe1H,传奇测试单手镰刀,zh-CN
Legendary Test Shield,传奇测试盾牌,zh-CN
Legendary Test Sword2H,传奇测试双手剑,zh-CN
Leggings of Karcheus,卡丘斯护腿,zh-CN
Leggings of Karcheus of Audacity,卡丘斯护腿​无畏之,zh-CN
Legion Cache,军团宝匣,zh-CN
Leonine Loop,烈狮指环,zh-CN
Lesser Elements of Witchcraft,次级巫法物资,zh-CN
Lesser Totem,小图腾,zh-CN
Lesser Tribute of Harmony,次级和谐贡品,zh-CN
Lesser Tribute of Ingenuity,次级巧思贡品,zh-CN
Lesser Tribute of the Horadrim,小型赫拉迪姆的贡品,zh-CN
Lesser Wand,小魔杖,zh-CN
Letter,信,zh-CN
Letter to Exalted Lazira,给崇高的拉孜娜的信,zh-CN
Letter to Iben Fahd,寄给伊本·法赫德的信,zh-CN
Levin Grasp,闪电之握,zh-CN
Lich Blade,巫妖之刃,zh-CN
Lich Wand,尸妖魔杖,zh-CN
Lidless Wall,警戒之墙,zh-CN
Lifesbane,丧命草,zh-CN
Lifeward Loop,护命指环,zh-CN
Light's Rebuke,圣光非难,zh-CN
Light-Blessed Amulet,圣光加赐护符,zh-CN
Lightning Augments,闪电强化,zh-CN
Lily,莉莉,zh-CN
Limbic Boundary,边缘限界,zh-CN
Liminal Echo,阈限回响,zh-CN
Liminal Echo Tome,阈限回响宝典,zh-CN
Linta of Bul-Kathos' Pride,布尔凯索骄傲之凌塔,zh-CN
Linta of Light's Epiphany,圣光启示之凌塔,zh-CN
Linta of the Bone Weaver,白骨编织者之凌塔,zh-CN
Linta of the Nameless,无名者之凌塔,zh-CN
Linta of the Old Mountain,远古崇山之凌塔,zh-CN
Linta of the Waking Touch,觉醒死触之凌塔,zh-CN
Lion's Eye,雄狮之眼,zh-CN
Litany of Sable,黑岩祷文,zh-CN
Lith,丽思,zh-CN
Little William,小威廉,zh-CN
Living Steel,活体钢铁,zh-CN
Living Stone Tablet,活体石板,zh-CN
Loathroot,厌树根,zh-CN
Locran's Talisman,洛克兰的护身符,zh-CN
Long Staff,长杖,zh-CN
Longshot,远击,zh-CN
Longsword,长剑,zh-CN
Loop of Baleful Intent,邪恶意图指环,zh-CN
Looter's Luck,掠夺者之运,zh-CN
Lorath's Barding,洛拉斯的坐骑护具,zh-CN
Lorath's Polearm,洛拉斯的长柄武器,zh-CN
Lorath's Skull,洛拉斯的头骨,zh-CN
Lord Zir's Amulet,齐尔领主的护符,zh-CN
Lord Zir's Personal Stash,齐尔领主的个人私藏,zh-CN
Lost Amulet,遗失的护符,zh-CN
Lost Dagger,遗失的匕首,zh-CN
Lost Journal,丢失的日志,zh-CN
Lotus-Eater Quarterstaff,吞莲者长杖,zh-CN
Loyalty's Mantle,忠诚斗篷,zh-CN
Lum,朗,zh-CN
Luminate Eye,辉光之眼,zh-CN
Luminate Eye Tome,辉光之眼宝典,zh-CN
Lunar Scepter,皎月节杖,zh-CN
Lupine Totem,狼图腾,zh-CN
Lurid Pact,骇人契约,zh-CN
Lush Cuff,华丽扣环,zh-CN
Luster,光泽,zh-CN
Lyssa's Coat,吕萨披甲,zh-CN
Lìliàng's Grand Accoutrement,力量的豪华缀饰,zh-CN
Mace,钉锤,zh-CN
Mace of Blazing Furor,炽热怒火钉锤,zh-CN
Mace of King Leoric,李奥瑞克王的钉锤,zh-CN
Mad Honey,疯蜜,zh-CN
Mad Wolf's Glee,疯狼的狂喜,zh-CN
Maddening Eye,疯狂之眼,zh-CN
Magic Horadric Seal,魔法赫拉迪姆封印,zh-CN
Magic Midwinter Purse,魔法黑冬节钱包,zh-CN
Magistrate's Ring,治安官的戒指,zh-CN
Magnificent Brigandine Caparison,华贵锁甲盛装,zh-CN
Magus Wand,魔导师魔杖,zh-CN
Major Ley Essence,高级能脉精魂,zh-CN
Major Tribute of Andariel,安达莉尔的大型贡品,zh-CN
Makeshift Wand,代用魔杖,zh-CN
Malachite Dagger,孔雀石匕首,zh-CN
Malaphic Curve,凶星弯弓,zh-CN
Malefic Crescent,凶邪新月,zh-CN
Malefic Gaze,恶毒凝视,zh-CN
Malignant Body Cache,恶念魔躯体宝匣,zh-CN
Malignant Heart,恶念之心,zh-CN
Malignant Heart Cache,恶念之心宝匣,zh-CN
Mallet,铁头锤,zh-CN
Malnok Cliffs,玛尔诺克悬崖,zh-CN
Mammalbane Bow,生灵灭杀之弓,zh-CN
Mammotheart,猛犸之心,zh-CN
Mana Infused Conjurations,注法召唤,zh-CN
Mana Shield,法力护盾,zh-CN
Manfilth,凡间污秽,zh-CN
Mangler,残伤者,zh-CN
Manhunter's Breeches,捕人者马裤,zh-CN
Manifold Cane,繁簇鹤杖,zh-CN
Mantle of Heavenly Opulence,神圣丰饶大氅,zh-CN
Mantle of Mountain's Fury,山峦之怒斗篷,zh-CN
Mantle of the Grey,灰者披肩,zh-CN
Marauder Axe,掠夺斧,zh-CN
Marblegild Totem,鎏金大理石图腾,zh-CN
March of the Goblins Emblem,地精的远征徽章,zh-CN
March of the Stalwart Soul,坚定灵魂的行军,zh-CN
Mark of the Old Wolf,老狼的印记,zh-CN
Marks of El'Druin,艾尔度因的印记,zh-CN
Marksman Augments — Basic,神射手强化：基础,zh-CN
Marksman Augments — Core,神射手强化：核心,zh-CN
Marksman Cache,神射手宝匣,zh-CN
Marksman Finesse,神射手巧变,zh-CN
Marotte Blade,马洛特之刃,zh-CN
Marrow Hatchet,骨髓战斧,zh-CN
Marrow Short Sword,骨髓短剑,zh-CN
Marshal's Visor,警长面甲,zh-CN
Mastercraft Bow,匠师长弓,zh-CN
Mastercraft Metal,大师金属,zh-CN
Mastermind Cache,战术大师宝匣,zh-CN
Masterworking,精造,zh-CN
Masterworking Cache,精造宝匣,zh-CN
Material Cache,材料宝匣,zh-CN
Material Collection of Gem Fragments,宝石碎片材料收藏,zh-CN
Material Collection of Gold,金币收藏,zh-CN
Material Collection of Keys,钥匙材料收藏,zh-CN
Material Collection of Primordial Dust,源生粉尘材料收藏,zh-CN
Material Collection of Salvage,分解材料收藏,zh-CN
Maul,槌,zh-CN
Maul of Effigy,神像巨槌,zh-CN
Meatgrinder,绞肉连枷,zh-CN
Meaty Offering,鲜肉祭品,zh-CN
Medical Notes,医学笔记,zh-CN
Meditations of Ormus: On Doors,奥玛斯沉思录：门,zh-CN
Meditations of Ormus: On Names,奥玛斯沉思录：名字,zh-CN
Meditations of Ormus: On Poison,奥玛斯沉思录：毒药,zh-CN
Medium Obducite Cache I,欧伯度石中宝匣 I,zh-CN
Medium Obducite Cache II,欧伯度石中宝匣 II,zh-CN
Melted Heart of Selig,塞利格的溶解之心,zh-CN
Mentor Wand,导师魔杖,zh-CN
Merchant's Gem Cache,商人的宝石宝匣,zh-CN
Merchant's Letter,商人的信,zh-CN
Merry,乐乐,zh-CN
Meshif's Sword,梅席夫之剑,zh-CN
Message from the Abbot,院长的信,zh-CN
Metamorph,变形,zh-CN
Mezzalune,新月鹿,zh-CN
Midwinter Nightmare Spoils,黑冬节梦魇战利品,zh-CN
Midwinter Purse,黑冬节钱包,zh-CN
Midwinter Spoils,黑冬节战利品,zh-CN
Midwinter Tomahawk,黑冬节战斧,zh-CN
Might of Qual-Kehk,夸尔凯克的伟力,zh-CN
Might of the Ursine,巨熊伟力,zh-CN
Military Axe,军斧,zh-CN
Military Pick,军镐,zh-CN
Millipedian Circle,千足指圈,zh-CN
Mind Wreath,心灵花环,zh-CN
Mind Wreath Grimoire,心灵花环魔典,zh-CN
Mine Foreman Logbook,矿工日志,zh-CN
Miner's Litany,矿工的连祷戒,zh-CN
Minion Augments,仆从强化,zh-CN
Minion Finesse,仆从巧变,zh-CN
Minor Tribute of Andariel,安达莉尔的小型贡品,zh-CN
Mischief Maker,恶作剧制造者,zh-CN
Misericorde,慈悲短剑,zh-CN
Missive,信函,zh-CN
Mjölnic Ryng,雷神之戒,zh-CN
Mlor of Arreat,亚瑞特之秘络,zh-CN
Mlor of Balazan's Bite,巴拉赞之噬之秘络,zh-CN
Mlor of Dauntless Faith,无畏信念之秘络,zh-CN
Mlor of Horazon's Chains,霍拉松的锁链之秘络,zh-CN
Mlor of Light's Epiphany,圣光启示之秘络,zh-CN
Mlor of Mefis' Fulcrum,墨菲斯之枢之秘络,zh-CN
Mlor of Practiced Technique,精进手段之秘络,zh-CN
Mlor of Sescheron's Fury,赛斯切隆怒火之秘络,zh-CN
Mlor of Spellbound Steel,魔缚之钢之秘络,zh-CN
Mlor of the Crucible,狂战士炼狱之秘络,zh-CN
Mlor of the Nameless,无名者之秘络,zh-CN
Mlor of the Threefold,三重道法之秘络,zh-CN
Mmrr'ael,秦端鱼,zh-CN
Mobility Aspects,机动威能,zh-CN
Mohlon's Fang,摩赫龙之牙,zh-CN
Moloch's Beating Flame,摩洛克的跳动之焰,zh-CN
Molten Band,熔火指环,zh-CN
Molten Lotus,熔火莲花,zh-CN
Molten Martyr,熔岩殉道者,zh-CN
Monkey Staff,猴杖,zh-CN
Monk’s Journal,僧侣的日志,zh-CN
Monsoon Line,季风之索,zh-CN
Monstrosity's Head,畸体之颅,zh-CN
Moonborn Stallion,月裔牡马,zh-CN
Moonlight,月光,zh-CN
Moonlight Ward Grimoire,月光结界魔典,zh-CN
Moonshot Bow,射月弓,zh-CN
Moontide Beacon,月潮信标,zh-CN
Morayaga,蛇鳗鱼,zh-CN
More Horadric Phials,更多赫拉迪姆魔药,zh-CN
More Witchcraft,更多巫法,zh-CN
Morlu Fleshward,魔奴血肉结界,zh-CN
Morning Star,流星锤,zh-CN
Morningstar,晨星,zh-CN
Mot,莫特,zh-CN
Mother's Embrace,圣母的拥抱,zh-CN
Mother's Knife,圣母的匕首,zh-CN
Movement Aspect Cache,移动威能宝匣,zh-CN
Mucus-Slick Egg,粘液覆盖的蛋,zh-CN
Murder of Banners,索命旗帜,zh-CN
Murl's Bag of Obols,穆尔的古币包裹,zh-CN
Murl's Bag of Overwhelming Obols,穆尔的超量古币包,zh-CN
Murl's Gift,穆尔的礼物,zh-CN
Murmuring Cache,低语宝匣,zh-CN
Murmuring Obols,低语古币,zh-CN
Musculata,肌肉胸甲,zh-CN
Musty Journal,发霉的日志,zh-CN
Musty Tome,发霉的书籍,zh-CN
Mutilator Plate,肢解者板甲,zh-CN
Myriad Stone,无穷之石,zh-CN
Myriad Stone Tome,无穷之石宝典,zh-CN
Mystery Ancestral Archetype Cache,神秘先祖原型宝匣,zh-CN
Mystery Archetype Cache,神秘原型宝匣,zh-CN
Mystery Greater Archetype Cache,神秘大型原型宝匣,zh-CN
Mystic’s Journal,秘士的日志,zh-CN
Mythic Treasure Bag,神话宝藏包裹,zh-CN
Mythic Tribute of Armaments,神话军械贡品,zh-CN
Mythic Unique Cache,神话暗金宝匣,zh-CN
Mythic Unique Horadric Seal,神话暗金赫拉迪姆封印,zh-CN
Nagu,纳古,zh-CN
Nahantu Cache,纳罕涂宝匣,zh-CN
Nahantu Tiger,纳罕涂猛虎,zh-CN
Nahantu Treasure Bag,纳罕涂宝藏包裹,zh-CN
Nails of the Gore-Crowned,血冠者利爪,zh-CN
Nanuq,纳努克,zh-CN
Natalya,娜塔亚,zh-CN
Natural Finesse,自然巧变,zh-CN
Natural Motion,自然机动,zh-CN
Natural Resistance,自然抗性,zh-CN
Natural Schemes,自然之法,zh-CN
Nature Magic Innovation,自然魔法创新,zh-CN
Nature Magic Wall,自然魔法墙,zh-CN
Nature's Teeth,自然之牙,zh-CN
Nazar,邪眼,zh-CN
Neathiron,耐瑟石,zh-CN
Nebulous Extract,星云萃取,zh-CN
Necklace of Inevitability,必然项链,zh-CN
Necromancer Efficiency,死灵法师效能,zh-CN
Necromancer Invigoration,死灵法师振奋,zh-CN
Necromancer Motion,死灵法师机动,zh-CN
Necromancer Wall,死灵法师之墙,zh-CN
Necromancer's Writings,死灵法师的文稿,zh-CN
Neme-Senga,奈美森加鱼,zh-CN
Neo,尼奥,zh-CN
Ner,讷尔,zh-CN
"Nesekem, the Herald",涅塞科姆，绝望先驱,zh-CN
Netherworld Harness,冥界甲胄,zh-CN
Nettle Mace,荨麻钉锤,zh-CN
Neyrelle's Defiance,蕾蕊儿的蔑视,zh-CN
Neyrelle's Hand,蕾蕊儿之手,zh-CN
Neyrelle's Letter,蕾蕊儿的书信,zh-CN
Niccolo,尼柯洛,zh-CN
Night Terror,暗夜恐魔,zh-CN
Nightborne Signet,夜裔玺戒,zh-CN
Nimble Staff,灵敏法杖,zh-CN
Nimbus,光轮,zh-CN
Noble Chiton,贵族短袍,zh-CN
Noble Slice,高贵之锋,zh-CN
Noblewoman's Dowel,贵妇人的短杖,zh-CN
Nomad's Longing Heart,游牧民的渴望之心,zh-CN
Note,便条,zh-CN
Notes on Looters’ Hand Drawn Map,抢掠者的手绘地图注释,zh-CN
Oak Wand,橡木魔杖,zh-CN
Obducite,欧伯度石,zh-CN
Oblivion,湮灭,zh-CN
Obsidian Blade,黑曜石剑,zh-CN
Obsidian Dreadboots,黑曜石骇靴,zh-CN
Obsidian Staff,黑曜石杖,zh-CN
Obsidian Totem,黑曜石图腾,zh-CN
Ocean's Largesse,海洋恩赏,zh-CN
Ocelot's Eye,豹猫之眼,zh-CN
Octopian Edge,八爪斧,zh-CN
Offensive Aspect Cache,进攻威能宝匣,zh-CN
Ohm,奥姆,zh-CN
Oikos-Hewer,家园斩击者,zh-CN
Okun's Catalyst,奥库恩的催化器,zh-CN
Old Crinkled Letter,皱巴巴的旧信,zh-CN
Old Journal,旧日志,zh-CN
Old book,旧书籍,zh-CN
Omen of Pain,痛苦之兆,zh-CN
One-Eyed Swordsman's Blade,独眼剑客之刃,zh-CN
One-Handed Weapon,单手武器,zh-CN
Onyx Glaive,黑石剑刃戟,zh-CN
Onyx Soul,玛瑙之魂,zh-CN
Ophidian Iris,蛇之幽瞳,zh-CN
Oracle's Wand,神谕者魔杖,zh-CN
Orbei Scholar's Notes,奥贝学者的便条,zh-CN
Ore Cache,矿石宝匣,zh-CN
Orichalcum Effigy,山铜铸像,zh-CN
Orinocta,奥里诺科塔,zh-CN
Ornate Triune Letter,精致的三神教信函,zh-CN
Orphan Maker,孤儿制造者,zh-CN
Orsivane,奥希凡,zh-CN
Ossified Scythe,骨化镰刀,zh-CN
Otherworld Standard,异界军旗,zh-CN
Ouruboric Spatha,衔尾蛇宽刃刀,zh-CN
Outcast's Handwraps,放逐者裹手,zh-CN
Outsider's Boots,外乡人靴,zh-CN
Outsider's Gloves,外乡人手套,zh-CN
Outsider's Hood,外乡人兜帽,zh-CN
Outsider's Pants,外乡人裤子,zh-CN
Outsider's Tunic,外乡人短衣,zh-CN
Overabundance,绰绰有余,zh-CN
Overgrown Caparison,蔓生盛装,zh-CN
Overkill,虐杀,zh-CN
Oyuun's Journals,欧芸的日志,zh-CN
Oyuun's Letter,欧芸的信,zh-CN
PTR Cache - Bloodied Jewelry - Hunger,PTR 宝匣: 血染首饰 - 饥渴词缀,zh-CN
PTR Cache - Class Temper Manuals,PTR 宝匣 - 职业回火手册,zh-CN
PTR Cache - Class Uniques,PTR 宝匣 - 职业暗金,zh-CN
PTR Cache - Generic Temper Manuals,PTR 宝匣 - 通用回火手册,zh-CN
PTR Cache - Generic Uniques,PTR 宝匣 - 通用暗金,zh-CN
PTR Cache - Horadric Jewels,PTR 宝匣 - 赫拉迪姆珠宝,zh-CN
PTR Cache - Lair Keys,PTR 宝匣 - 巢穴钥匙,zh-CN
PTR Cache - Mythic Uniques,PTR 宝匣 - 神话暗金,zh-CN
PTR Cache - Nightmare Escalation Sigils,PTR 宝匣 - 梦魇升级符印,zh-CN
PTR Cache - Runes of Invocation,PTR 宝匣（祈告符文）,zh-CN
PTR Cache - Runes of Ritual,PTR 宝匣（仪祭符文）,zh-CN
PTR Cache - Slaughterhouse Keys,PTR 宝匣: 屠宰场钥匙,zh-CN
Pachyderm Full-plate,厚皮全甲,zh-CN
Pack of Ghoul-Skin Gloves,一包食尸鬼皮手套,zh-CN
Pact Amulet,契约护符,zh-CN
Pact of Bone,白骨契约,zh-CN
"Pained Memory, Part 1",苦痛的回忆，第一部,zh-CN
"Pained Memory, Part 2",苦痛的回忆，第二部,zh-CN
"Pained Memory, Part 3",苦痛的回忆，第三部,zh-CN
"Pained Memory, Part 4",苦痛的回忆，第四部,zh-CN
"Pained Memory, Part 5",苦痛的回忆，第五部,zh-CN
Paingorger's Gauntlets,痛苦吞食者的护手,zh-CN
Paladin Guard,圣骑士守护,zh-CN
Paladin Lord's Bulwark,圣骑士领主的壁垒,zh-CN
Paladin Motion,圣骑士机动,zh-CN
Paladin Perseverance,圣骑士毅力,zh-CN
Paladin Recovery,圣骑士疗愈,zh-CN
Paladin Resolve,圣骑士决断,zh-CN
"Paladin Squire's Journal, Part One",圣骑士侍从的日志，第一部分,zh-CN
"Paladin Squire's Journal, Part Two",圣骑士侍从的日志，第二部分,zh-CN
Palatial Splendor,壮丽辉煌,zh-CN
Pale Barding,苍白坐骑护具,zh-CN
Pale Mark,苍白标记,zh-CN
Pale Perry,苍白的佩里,zh-CN
Pale Tack,苍白马甲,zh-CN
Paletongue,苍白之舌,zh-CN
Pandora,潘多拉,zh-CN
Pants,裤子,zh-CN
Parashu,罗摩斧,zh-CN
Parchment,羊皮纸,zh-CN
Pareidolic Ring,幻视之戒,zh-CN
Path of Trag'Oul,塔格奥的道途,zh-CN
Path of the Emissary,特使之路,zh-CN
Patriarch's Den,族长的巢穴,zh-CN
Peacemonger's Signet,和平倡导者的玺戒,zh-CN
Pearl of Warding,界护之珠,zh-CN
Peerless Pelte,无双轻盾,zh-CN
Pellet Bow,弹弓弩,zh-CN
Penitent Greaves,悔罪护胫,zh-CN
Penitent Hammer,悔罪之锤,zh-CN
Pentaforged Seal,五重锻铸印戒,zh-CN
Perplex Round,茫然之环,zh-CN
Personal Journal,个人日志,zh-CN
Petrified Wand,石化魔杖,zh-CN
Phantom Maker,鬼魂制造者,zh-CN
Phantom Oracle Mask,幽影先知面具,zh-CN
Phantom String Grimoire,幽影之弦魔典,zh-CN
Phoba of Balazan's Bite,巴拉赞之噬之弗巴,zh-CN
Phoba of Dark Pact,黑暗契约之弗巴,zh-CN
Phoba of Horazon's Chains,霍拉松的锁链之弗巴,zh-CN
Phoba of Light's Epiphany,圣光启示之弗巴,zh-CN
Phoba of Nafain's Bestiary,纳菲恩图鉴之弗巴,zh-CN
Phoba of Practiced Technique,精进手段之弗巴,zh-CN
Phoba of Sescheron's Fury,赛斯切隆怒火之弗巴,zh-CN
Phoba of Slaughter,屠戮之弗巴,zh-CN
Phoba of the Bone Weaver,白骨编织者之弗巴,zh-CN
Phoba of the Crucible,狂战士炼狱之弗巴,zh-CN
Phoba of the Nameless,无名者之弗巴,zh-CN
Phoba of the Sightless,盲眼难测之弗巴,zh-CN
Phoba of the Threefold,三重道法之弗巴,zh-CN
Phoba of the Waking Touch,觉醒死触之弗巴,zh-CN
Piece of Parchment,羊皮纸片,zh-CN
Piercer,刺匕,zh-CN
Piercing Wind,裂风,zh-CN
Pike,长柄枪,zh-CN
Pile of Vampiric Footwear,一堆吸血鬼的鞋子,zh-CN
Pilgrim's Staff,朝圣者法杖,zh-CN
Pincushioned Doll,针垫玩偶,zh-CN
Pirate Scroll,海盗卷轴,zh-CN
Pitfighter's Gull,深坑斗士的诈术,zh-CN
Plackart of Hefaetrus,赫法崔斯前护甲,zh-CN
Plains Augments,平原强化,zh-CN
Poc,珀,zh-CN
Pointed Finger Grimoire,指引之指魔典,zh-CN
Poison Frog Servant,毒蛙仆从,zh-CN
Polearm,长柄武器,zh-CN
Poleaxe,长柄斧,zh-CN
Potent Acrobatics Elixir,优效杂耍药剂,zh-CN
Potent Alloy,强力合金,zh-CN
Potent Assault Elixir,优效突击药剂,zh-CN
Potent Blood,涌能鲜血,zh-CN
Potent Blood Cache,涌能鲜血宝匣,zh-CN
Potent Crushing Elixir,优效粉碎药剂,zh-CN
Potent Elixir of Cold Resistance,优效抗冰药剂,zh-CN
Potent Elixir of Fire Resistance,优效抗火药剂,zh-CN
Potent Elixir of Lightning Resistance,优效抗电药剂,zh-CN
Potent Elixir of Poison Resistance,优效抗毒药剂,zh-CN
Potent Elixir of Shadow Resistance,优效暗抗药剂,zh-CN
Potent Iron Barb Elixir,优效铁刺药剂,zh-CN
Potent Precision Elixir,优效精准药剂,zh-CN
Potent Third Eye Elixir,优效第三只眼药剂,zh-CN
Potent Vampirism Elixir,优效吸血鬼药剂,zh-CN
Power Siphon,力量虹吸,zh-CN
Pragmatic Tuning Prism,实用调谐棱柱,zh-CN
Prava's Decree,普拉法的裁定,zh-CN
Prayer Scroll,祈祷卷轴,zh-CN
Precision Elixir,精准药剂,zh-CN
Pressurized Steam,加压蒸汽,zh-CN
Preywatcher,猎物窥伺者,zh-CN
Prid,普瑞德,zh-CN
Pride of Nahantu Barding,纳罕涂之傲坐骑护具,zh-CN
Primal Bascinet,原始尖嘴盔,zh-CN
Primal Breastplate,原始胸甲,zh-CN
Primal Chausses,原始紧身马裤,zh-CN
Primal Gauntlets,原始护手,zh-CN
Primal Sabatons,原始马靴,zh-CN
Prime Rib,上等肋排,zh-CN
Primitive Talisman,原始护身符,zh-CN
Primordial Chitin,原始几丁质甲,zh-CN
Primordial Fetish,远古物神,zh-CN
Prismatic Augments,棱镜强化,zh-CN
Profane Cage,亵渎牢笼,zh-CN
Profane Finesse,亵渎巧变,zh-CN
Profane Innovation,亵渎创新,zh-CN
Profane Mindcage,亵渎心牢,zh-CN
Prophetic Quarterstaff,预言长杖,zh-CN
Prophetic Urn,预言骨灰瓮,zh-CN
Protean Heart,千变之心,zh-CN
Protection of the Prime,先灵之佑,zh-CN
Protector Shield,保护者盾,zh-CN
Protector's Tuning Prism,保护调谐棱柱,zh-CN
Protectors' Warmth,保护者的热忱,zh-CN
Prym's Gift,普利姆的礼物,zh-CN
Pugio,军团匕首,zh-CN
Punisher,惩罚者,zh-CN
Pure Primordial Dust,纯净的源生粉尘,zh-CN
Purge the Infected,净化感染,zh-CN
Purified Claw of Andariel,安达莉尔的净化之爪,zh-CN
Purified Eye of Belial,彼列的净化之眼,zh-CN
Purified Horn of Duriel,督瑞尔的净化之角,zh-CN
Purified Lightbringer,净化之光明使者,zh-CN
Purified Tongue of Azmodan,阿兹莫丹的净化之舌,zh-CN
Purse of Desert Wonder,沙漠奇物宝袋,zh-CN
Putrid Scream,腐臭尖啸,zh-CN
Putrid Soul Collection,腐败灵魂收藏,zh-CN
Pyromancy Augments,爆焰强化,zh-CN
Pyromancy Augments — Fiery,爆焰强化——炽热,zh-CN
Pyromancy Cache,爆焰宝匣,zh-CN
Pyromancy Endurance,爆焰持久,zh-CN
Qax,卡克,zh-CN
Qin's Captivating Eye,琴的魅惑之眼,zh-CN
Quarrier's Ring,石工之戒,zh-CN
Quarter Staff,四分杖,zh-CN
Quarterstaff,长杖,zh-CN
Que,奎,zh-CN
Que-Hegan Steel,魁黑刚军械,zh-CN
Queen's Supreme,蛇后至尊,zh-CN
Quietus of Nafain,纳菲恩的寂灭,zh-CN
Quillgem Scamp,极刺恶兽,zh-CN
Radiant Treasure Bag,华丽的宝藏包裹,zh-CN
Rage of Harrogath,哈洛加斯之怒,zh-CN
Ragged Piece of Cloth,破烂的布片,zh-CN
Ragged Piece of Parchment,破烂的羊皮纸片,zh-CN
Raging Enigma,狂怒奥秘,zh-CN
Raging Enigma Grimoire,狂怒奥秘魔典,zh-CN
Ragnaros,拉格纳罗斯,zh-CN
Raheir Cache,拉赫尔宝匣,zh-CN
Raheir Masterworking Cache,拉赫尔精造宝匣,zh-CN
Raiment of the Infinite,无限法衣,zh-CN
Raiment of the Sea,苍海法衣,zh-CN
Rakanoth's Wake,拉卡诺斯的尾迹,zh-CN
Ramaladni's Magnum Opus,拉玛兰迪的杰作,zh-CN
Ramaladni's Magnum Opus (Crucible),拉玛兰迪的杰作（魔埚）,zh-CN
Random Legendary Rune,随机传奇符文,zh-CN
Random Rare or Legendary Rune,随机稀有或传奇符文,zh-CN
Random Rune,随机符文,zh-CN
Rank II Capstone Cache,级别 II 顶石宝匣,zh-CN
Rank III Capstone Cache,级别 III 顶石宝匣,zh-CN
Rank IV Capstone Cache,级别 IV 顶石宝匣,zh-CN
Rank V Capstone Cache,级别 V 顶石宝匣,zh-CN
Rank VI Capstone Cache,级别 VI 顶石宝匣,zh-CN
Ranking Cache,级别宝匣,zh-CN
Rare Arcana,稀有秘法精粹,zh-CN
Rare Gift from the Ancestors,先祖的稀有之礼,zh-CN
Rare Horadric Seal,稀有赫拉迪姆封印,zh-CN
Rat King's Claw,鼠王之爪,zh-CN
Rathma's Amulet,拉斯玛的护符,zh-CN
Rattling Bones,躁动血骨,zh-CN
Ravaged Journal,破烂不堪的日志,zh-CN
Ravager,劫掠斧,zh-CN
Raw Primordial Dust,原始的源生粉尘,zh-CN
Rawhide,生皮,zh-CN
Razorplate,剃刀甲,zh-CN
Razorwind,剃刀之风,zh-CN
Realmwarden's Scepter,灵界守护者的节杖,zh-CN
Reaper,夺魂者,zh-CN
Reaping Scythe,收割镰,zh-CN
Rebirth Edge,重生之刃,zh-CN
Reborn Band of the Hawk,重生的鹰之团,zh-CN
Recipe: Elixir of Hollow Unmaking,配方：腐虚屠灭药剂,zh-CN
Reclaimed Medallion of the Iron Wolves,被夺回的铁狼勋章,zh-CN
Red Blessing,猩红祝福,zh-CN
Red Sermon,血色布道,zh-CN
Red Sermon (Crucible),血色布道（魔埚）,zh-CN
Red-Cloaked Trophy,红披战利品,zh-CN
Reddamine,雷达曼草,zh-CN
Reddamine Buzz,雷达曼草活香,zh-CN
Refined Focus,精制聚能器,zh-CN
Refined Primordial Dust,精炼的源生粉尘,zh-CN
Regalia of the Sacred Creed,圣诫法衣,zh-CN
Reinforced Bow,加固之弓,zh-CN
Reinforced Crossbow,加固弩,zh-CN
Reins of the Athuluan War Mount,阿图卢阿战争坐骑缰绳,zh-CN
Reins of the Blood Bay Steed,血湾骏马的缰绳,zh-CN
Reins of the Bloody Liquid Steed,血腥液体战马的缰绳,zh-CN
Reins of the Bloody Steed,血色骏马的缰绳,zh-CN
Reins of the Brigand's Steed,强盗的骏马的缰绳,zh-CN
Reins of the Buckskin Bay Steed,鹿皮湾骏马的缰绳,zh-CN
Reins of the Caldeum Steed,卡尔蒂姆战马的缰绳,zh-CN
Reins of the Cavalier's Steed,骑兵战马的缰绳,zh-CN
Reins of the Dark Leopard,黑暗之豹缰绳,zh-CN
Reins of the Decaying Steed,腐朽骏马的缰绳,zh-CN
Reins of the Dustback Steed,沙背骏马的缰绳,zh-CN
Reins of the Executioner's Steed,处决者战马的缰绳,zh-CN
Reins of the Featherless Biped,无羽两足龙缰绳,zh-CN
Reins of the Granite-coat Steed,花岗岩色骏马的缰绳,zh-CN
Reins of the Grey Steed,灰色骏马的缰绳,zh-CN
Reins of the Leucistic Panther,白化黑豹缰绳,zh-CN
Reins of the Marsh Roan Steed,沼泽杂色骏马的缰绳,zh-CN
Reins of the Marshback Steed,沼背骏马的缰绳,zh-CN
Reins of the Mottled Steed,斑点骏马的缰绳,zh-CN
Reins of the Nahantu Leopard,纳罕涂花豹缰绳,zh-CN
Reins of the Nahantu Lion,纳罕涂雄狮缰绳,zh-CN
Reins of the Nahantu Panther,纳罕涂黑豹缰绳,zh-CN
Reins of the Old Nell Steed,老内尔骏马的缰绳,zh-CN
Reins of the Pale Steed,苍白骏马的缰绳,zh-CN
Reins of the Piebald Panther,杂斑黑豹缰绳,zh-CN
Reins of the Seal Brown Steed,深褐色骏马的缰绳,zh-CN
Reins of the Spotted Shalecoat Steed,斑点岩色骏马的缰绳,zh-CN
Reins of the Striped Steppe Steed,条纹平原骏马的缰绳,zh-CN
Reins of the Taiga Roan Steed,针叶林杂色骏马的缰绳,zh-CN
Reins of the Trapper's Steed,猎手马驹的缰绳,zh-CN
Relic,圣器,zh-CN
Relic Focus,圣器聚能器,zh-CN
Relic Skull,圣器头骨,zh-CN
Relic Totem,圣器图腾,zh-CN
Relics of Azeroth Currency,艾泽拉斯遗物货币,zh-CN
Remnant of Tal Rasha's Tomb,塔·拉夏的坟墓残余,zh-CN
Remorse,悔恨,zh-CN
Rendskull Mace,裂颅钉锤,zh-CN
Reptilian Staff,爬虫之杖,zh-CN
Research Log,研究记录,zh-CN
Resonant Primordial Dust,共鸣的源生粉尘,zh-CN
Resource Aspect Cache,资源威能宝匣,zh-CN
Resource Aspects,资源威能,zh-CN
Resourceful Tuning Prism,资源调谐棱柱,zh-CN
Resplendent Cache,华丽宝匣,zh-CN
Resplendent Coven Crate,华丽巫会之箱,zh-CN
Resplendent Spark,精美电花,zh-CN
Restless Rot,不息之腐,zh-CN
Revenant Bow,亡魂弓,zh-CN
Reverie Horn,幻梦之角,zh-CN
Revived Skull of the Soul Drinker,饮魂者的复生头骨,zh-CN
Rictus of Terror,骇怖苦笑,zh-CN
Rimeblood,凛霜之血,zh-CN
Ring,戒指,zh-CN
Ring I,戒指I,zh-CN
Ring II,戒指II,zh-CN
Ring III,戒指III,zh-CN
Ring IV,戒指IV,zh-CN
Ring IX,戒指IX,zh-CN
Ring V,戒指V,zh-CN
Ring VI,戒指VI,zh-CN
Ring VII,戒指VII,zh-CN
Ring VIII,戒指VIII,zh-CN
Ring X,戒指X,zh-CN
Ring XI,戒指XI,zh-CN
Ring XII,戒指XII,zh-CN
Ring XIII,戒指XIII,zh-CN
Ring XIV,戒指XIV,zh-CN
Ring XV,戒指XV,zh-CN
Ring XVI,戒指XVI,zh-CN
Ring XVII,戒指XVII,zh-CN
Ring of Mendeln,孟德恩之戒,zh-CN
Ring of Red Furor,赤红狂怒之戒,zh-CN
Ring of Splintered Wood,碎木之戒,zh-CN
Ring of Starless Skies,无星夜空之戒,zh-CN
Ring of Writhing Moon,扭曲月华之戒,zh-CN
Ring of the Midday Hunt,正午狩猎之戒,zh-CN
Ring of the Midnight Sun,午夜骄阳之戒,zh-CN
Ring of the Ravenous,恶馋者之戒,zh-CN
Ring of the Sacrilegious Soul,亵渎天性魂戒,zh-CN
Ripped Note,被撕破的便笺,zh-CN
Ripper Axe,开膛斧,zh-CN
Ritual Dagger,仪祭匕首,zh-CN
Ritual Impaler,仪祭穿刺者,zh-CN
Ritual Quarterstaff,仪式长杖,zh-CN
Ritual Staff,仪祭法杖,zh-CN
Ritualist Cache,仪祭者宝匣,zh-CN
Rock Breaker,碎石大锤,zh-CN
Rod of Kepeleke,科佩莱克之杖,zh-CN
Rogue Cloaking,游侠伪装,zh-CN
Rogue Innovation,游侠创新,zh-CN
Rogue Invigoration,游侠振奋,zh-CN
Rogue Motion,游侠机动,zh-CN
Rogue Persistence (Legacy),游侠持久（传承）,zh-CN
Rogue Recovery,游侠疗愈,zh-CN
Roina's Heirloom Amulet,洛伊娜的传家宝护符,zh-CN
Rondel,锥刺,zh-CN
Rook's Dirge,渡鸦挽歌,zh-CN
Rootfist,根拳,zh-CN
Rotting Lightbringer,腐朽的驭光者,zh-CN
Rough-hewn Wand,粗制魔杖,zh-CN
Royal Amethyst,皇家紫宝石,zh-CN
Royal Boneblade,皇家骨剑,zh-CN
Royal Diamond,皇家钻石,zh-CN
Royal Ruby,皇家红宝石,zh-CN
Royal Skull,皇家头骨宝石,zh-CN
Ruby,红宝石,zh-CN
Ruby Fragment,红宝石碎片,zh-CN
Ruby Jewelry Cache,首饰宝匣：红宝石,zh-CN
Rugged Stave,糙皮杖,zh-CN
Ruined Shield,破损盾牌,zh-CN
Rune Blade,符文剑,zh-CN
Rune Staff,符文杖,zh-CN
Runes: Condition,符文：条件,zh-CN
Runes: Effect,符文：效果,zh-CN
Runic Cleats,符文钉鞋,zh-CN
Runic Gloves,符文手套,zh-CN
Runic Leggings,符文腿甲,zh-CN
Runic Mail,符文锁甲,zh-CN
Runic Orb,符文宝珠,zh-CN
Runic Skullcap,符文小帽,zh-CN
Runic Staff,符文法杖,zh-CN
Rustbitten Dirk,锈斑短匕,zh-CN
Rustbitten Dirk (Crucible),锈斑短匕（魔埚）,zh-CN
Rusted Bardiche,生锈的月牙斧,zh-CN
Rusty Cow Bell,生锈的牛铃,zh-CN
Rusty Heirloom Dagger,生锈的传家宝匕首,zh-CN
Sabatons of Philios,菲力奥斯钢靴,zh-CN
Saboteur's Signet,破坏者的玺戒,zh-CN
Sabre of Tsasgal,萨斯加尔的马刀,zh-CN
Sabre of Tsasgal (Crucible),萨斯加尔的马刀（魔埚）,zh-CN
Sack of Skeleton Chokers,一袋骷髅项链,zh-CN
Sack of Vampire Spoils,吸血鬼战利品袋,zh-CN
Sack of Vampiric Torques,吸血鬼项圈袋子,zh-CN
Sacred Triune Arms Cache,神圣三神教武器宝匣,zh-CN
Sacrificial Kris,献祭波刃剑,zh-CN
Sacrificial Sickle,献祭镰刀,zh-CN
Sagaris,萨加里斯斧,zh-CN
Sage's Whisper,贤者低语,zh-CN
Sailor's Head,水手头颅,zh-CN
Sailor's Vessel,水手容器,zh-CN
Saltfin,盐鳍鱼,zh-CN
Salvage Cache,分解宝匣,zh-CN
Salvage Material Cache,分解材料宝匣,zh-CN
Sanctis of Kethamar,凯萨玛的圣物,zh-CN
Sanctus,圣钟,zh-CN
Sand-Worn Breeches,沙化马裤,zh-CN
Sand-Worn Cover,沙化帽,zh-CN
Sand-Worn Handwraps,沙化裹手,zh-CN
Sand-Worn Shoes,沙化鞋,zh-CN
Sand-Worn Vestment,沙化上衣,zh-CN
Sandscorched Shackles,炙沙枷锁,zh-CN
"Sanguivor, Blade of Zir",殷红飨宴，齐尔的巨刃,zh-CN
Sapphire Fragment,蓝宝石碎片,zh-CN
Sapping Crux,削弱之源,zh-CN
Sashes of the Wretched,悲惨者束带,zh-CN
Sated Bone Cache,饱足白骨宝匣,zh-CN
Sated Necrolyte's Cache,饱足通灵者的宝匣,zh-CN
Savagery,凶蛮,zh-CN
Sawtooth Blade,锯齿刃,zh-CN
Sawtooth Glaive,锯齿剑刃戟,zh-CN
Sawtooth Sickle,锯齿手镰,zh-CN
Scales of the Dead Sea,死海之鳞,zh-CN
Scapegoat,替罪羊,zh-CN
Scarred Seal,疤痕印戒,zh-CN
Scattered Prism,散光棱柱,zh-CN
Scattered Prism Cache,散光棱柱宝匣,zh-CN
Scavenger’s Journal,拾荒者的日志,zh-CN
Scents of the Desert Afternoon,午后沙海之息,zh-CN
Scepter of Queen Tharra I,萨阿拉女王一世权杖,zh-CN
Scepter of the Three,三神教杖锤,zh-CN
Scholar's Journal,学者的日志,zh-CN
Scimitar,西米塔弯刀,zh-CN
Scion of Hatred Barding,憎恨之裔坐骑护具,zh-CN
Scorched Demands,烧焦的诉求信,zh-CN
Scorched Page,烧焦的书页,zh-CN
Scorn of the Earth,大地的蔑视,zh-CN
Scornful Light,轻蔑之光,zh-CN
Scornful Light Tome,轻蔑之光宝典,zh-CN
Scorning Mask,轻蔑面具,zh-CN
Scorpion,蝎子,zh-CN
Scosglen Barding,索格伦坐骑护具,zh-CN
Scosglen Tack,索格伦马甲,zh-CN
Scoundrel Finesse,痞子巧变,zh-CN
Scoundrel's Kiss,痞子之吻,zh-CN
Scoundrel's Leathers,地痞的皮装,zh-CN
Scourge of Duriel,督瑞尔的灾祸,zh-CN
Scrap Leather,废料皮革,zh-CN
Scrap of Paper,碎纸片,zh-CN
Screamseal,尖啸印戒,zh-CN
Scribbled Note,字迹潦草的笔记,zh-CN
Scribbled Prayer,潦草的祷言,zh-CN
Scrimshaw Band,雕刻指环,zh-CN
Scroll Cache,卷轴宝匣,zh-CN
Scroll of Abundance,丰盛卷轴,zh-CN
Scroll of Amnesia,失忆卷轴,zh-CN
Scroll of Brutality,残忍卷轴,zh-CN
Scroll of Contained Goblins,禁锢地精的卷轴,zh-CN
Scroll of Escape,逃离卷轴,zh-CN
Scroll of Forging,锻造卷轴,zh-CN
Scroll of Grave Oil,墓油卷轴,zh-CN
Scroll of Restoration,恢复卷轴,zh-CN
Scythe,镰刀,zh-CN
Sea Lord's Fine Gloves,海王精制手套,zh-CN
Seahag's Reproach,海巫的责难,zh-CN
Seal of Control,控制符印,zh-CN
Seal of Control Tome,控制符印宝典,zh-CN
Seal of Denial,阻御符印,zh-CN
Seal of Denial Tome,阻御符印宝典,zh-CN
Seal of Power,力量符印,zh-CN
Seal of the Diamond Mind,钻石之心封印,zh-CN
Seal of the Golden Epiphany,金色顿悟封印,zh-CN
Seal of the Ophanim,座天使符印,zh-CN
Seal of the Second Trumpet,第二号角之印,zh-CN
Seal of the Severed Finger,断指封印,zh-CN
Seal of the Vizjerei,维兹杰雷印戒,zh-CN
Sealed Cache of Ichor,密封的脓液宝匣,zh-CN
Sealed Letter,密封的信函,zh-CN
Season Journey Crafting Cache,赛季旅程制作宝匣,zh-CN
Second Journey Cache,第二旅程宝匣,zh-CN
Second Journey Crafting Cache,第二旅程制作宝匣,zh-CN
Second Journey Equipment Cache,第二旅程装备宝匣,zh-CN
Seed of Horazon,霍拉松之种,zh-CN
Seer's Staff,先知法杖,zh-CN
Seething Opal of Equipment,装备之燃恨蛋白石,zh-CN
Seething Opal of Gold,金币之燃恨蛋白石,zh-CN
Seething Opal of Materials,材料之燃恨蛋白石,zh-CN
Seething Opal of Socketables,镶嵌之燃恨蛋白石,zh-CN
Seething Opal of Torment,折磨之燃恨蛋白石,zh-CN
Seneschal Stone Cache,侍仆石宝匣,zh-CN
Sepazontec,瑟帕佐泰克,zh-CN
Sepulcher Executor,送葬之刃,zh-CN
Serpent Stone,蛇石,zh-CN
Serpent's Bite,蟒噬,zh-CN
Serpent's Bone Bow,巨蟒骨弓,zh-CN
Serpent's Tongue,巨蟒之舌,zh-CN
Serpentine Wand,蛇杖,zh-CN
Serrated Axe,锯刃斧,zh-CN
Serrated Cleaver,锯齿切肉斧,zh-CN
Serrated Glaive,锯齿剑刃戟,zh-CN
Serrated Reaper,锯齿收割者,zh-CN
Seventh Journey Cache,第七旅程宝匣,zh-CN
Severed Hand of the Zakarum,萨卡兰姆的断手,zh-CN
Severed Head of Zagraal,札格纳的断首,zh-CN
Shadow Augments — Decay,暗影强化：凋零,zh-CN
Shadow Augments — Execution,暗影强化：处决,zh-CN
Shadow Cache,暗影宝匣,zh-CN
Shadow Finesse,暗影巧变,zh-CN
Shalamayne,萨拉迈恩,zh-CN
Shamanistic Hoop,萨满之环,zh-CN
Shamanistic Staff,萨满法杖,zh-CN
Shanar's Resonance,莎娜的共鸣,zh-CN
Shape of Scholars,学徒之相,zh-CN
Shapeshifting Endurance,变形持久,zh-CN
Shapeshifting Finesse,变形巧变,zh-CN
Shard of Agony,苦痛碎片,zh-CN
Shard of Verathiel,维拉瑟尔的碎片,zh-CN
Shard of Verathiel (Crucible),维拉瑟尔的碎片（魔埚）,zh-CN
Shard of Verathiel / The Third Blade,维拉瑟尔的碎片 / 三重美德之锋,zh-CN
Sharp Scythe,锐镰,zh-CN
Sharpened Finesse,锋利巧变,zh-CN
Sharpened Mace,锋利钉锤,zh-CN
Sharpened Polearm,锋利长柄武器,zh-CN
Sharpened Scythe,锋利镰刀,zh-CN
Shattered Gravestone,破碎墓碑,zh-CN
Shattered Sin of Azmodan,阿兹莫丹的破碎罪恶,zh-CN
Shattered Stone,碎冰嵌石,zh-CN
Shattered Vow,破碎的誓言,zh-CN
Shattered Vow (Crucible),破碎的誓言（魔埚）,zh-CN
Shelter of Light's Messenger,圣光信使的庇佑,zh-CN
Shield,盾,zh-CN
Shield Crest of Exile,流放者之护盾纹章,zh-CN
Shield of Mount Arreat,亚瑞特山护盾,zh-CN
Shipwrecked Mariner’s Log,船难海员的日志,zh-CN
Shiv,袖匕,zh-CN
Shock Augments — Discharge,电冲强化 - 释能,zh-CN
Shock Augments — Surge,电冲强化 - 电流奔涌,zh-CN
Shock Cache,电冲宝匣,zh-CN
Short Sword,短剑,zh-CN
Shortsword,袖剑,zh-CN
Shredded Orders,撕碎的命令,zh-CN
Shroud of False Death,虚假死亡之衣,zh-CN
Shroud of Khanduras,堪杜拉斯之衣,zh-CN
Shrouded Gift,隐秘之赐,zh-CN
Sica,西卡剑,zh-CN
Sidhe Bindings,仙灵裹手,zh-CN
Siege Bow,攻城弓,zh-CN
Siege Crossbow,攻城弩,zh-CN
Sigil Mastery,符印精通,zh-CN
Sigil Powder,符印粉末,zh-CN
Sigil of Braestaig,布雷斯塔纹戒,zh-CN
Signal Horn,传信号角,zh-CN
Signet of Pelghain,佩尔甘玺戒,zh-CN
Signet of the Father,天父玺戒,zh-CN
Silentstring,无声之弦,zh-CN
Silver Filigree Bow,银丝弓,zh-CN
Silver Gouger,银凿镰刀,zh-CN
Silver Ore,银矿石,zh-CN
Silver Scroll,白银卷轴,zh-CN
Silver Warp-Bow,白银翘曲弓,zh-CN
Silverbelly,银腹鱼,zh-CN
Simple Cache,简易宝匣,zh-CN
Simple Crossbow,简易弩,zh-CN
Simple Staff,简易杖,zh-CN
"Sinful Memory, Part 1",罪恶的回忆，第一部,zh-CN
"Sinful Memory, Part 2",罪恶的回忆，第二部,zh-CN
"Sinful Memory, Part 3",罪恶的回忆，第三部,zh-CN
"Sinful Memory, Part 4",罪恶的回忆，第四部,zh-CN
"Sinful Memory, Part 5",罪恶的回忆，第五部,zh-CN
Single-Minded Fury,鲁莽怒火,zh-CN
Sinner's Skull,罪人颅骨,zh-CN
Siphoning Gizmo,虹吸小物件,zh-CN
Sire of Sin,罪恶之父,zh-CN
Sixth Journey Cache,第六旅程宝匣,zh-CN
Skar's Bones,斯卡尔之骨,zh-CN
Skartaran Basilisk,斯卡塔兰炎鳞龙蜥,zh-CN
Skatsimi Tome,斯卡辛典籍,zh-CN
Skeletal Protector,骷髅护卫,zh-CN
Skillful Finesse,娴熟巧变,zh-CN
Skinripper,裂肤者,zh-CN
Skorch,焦枯,zh-CN
Skovos Cache,斯科沃斯宝匣,zh-CN
Skovosian Buskin,斯科沃斯半统靴,zh-CN
Skull,头骨宝石,zh-CN
Skull Crusher,碎颅锤,zh-CN
Skull Fragment,头骨宝石碎片,zh-CN
Skull Jewelry Cache,首饰宝匣: 头骨宝石,zh-CN
Skull Reaper,裂颅收割者,zh-CN
Skull Torch,颅骨火炬,zh-CN
Skull and Steel,颅与钢,zh-CN
Skullcleave,劈颅,zh-CN
Skullcracker,裂颅者,zh-CN
Skullsplitter,碎颅者,zh-CN
Sky Augments,天空强化,zh-CN
Skycaller,天空召唤者,zh-CN
Skyhunter,猎天者,zh-CN
Slayer Cache,杀戮者宝匣,zh-CN
Slayer's Cache,杀戮者的宝匣,zh-CN
Slayer's Crafting Cache,杀戮者的制作宝匣,zh-CN
Slayer's Equipment Cache,杀戮者的装备宝匣,zh-CN
Slayer's Finesse,杀戮者的巧变,zh-CN
Slayer's Summoning Cache,杀戮者的召唤宝匣,zh-CN
Sledge Hammer,长柄大锤,zh-CN
Sliver of Hate,憎恨碎条,zh-CN
Small Obducite Cache I,欧伯度石小宝匣 I,zh-CN
Small Obducite Cache II,欧伯度石小宝匣 II,zh-CN
Smashing Quarterstaff,碎击长杖,zh-CN
Smashing Star,粉碎之星,zh-CN
Smithed Axe,锻造之斧,zh-CN
Smithy Cache,铁匠宝匣,zh-CN
Smoldering Ember,闷燃余烬,zh-CN
Snake Axe,蛇斧,zh-CN
Snake Glaive,蛇剑刃戟,zh-CN
Socketables Cache,镶嵌物宝匣,zh-CN
Sodden Letter,浸湿的信件,zh-CN
Soggy Letter,浸水的信,zh-CN
Soil Augments,土壤强化,zh-CN
Soiled Leaflet,污损的传单,zh-CN
Solemn Reflection,庄严反思,zh-CN
Something Super Cool,超酷的东西,zh-CN
Song of the Mountain,山峦之歌,zh-CN
Soot-stained Letter,沾满黑灰的信,zh-CN
Soothing Spices,舒心草,zh-CN
Sorcerer Control,巫师控制,zh-CN
Sorcerer Finesse,巫师巧变,zh-CN
Sorcerer Innovation,巫师创新,zh-CN
Sorcerer Innovation - Fiery,巫师创新 - 烈焰,zh-CN
Sorcerer Innovation — Fiery,巫师创新 - 烈焰,zh-CN
Sorcerer Motion,巫师机动,zh-CN
Sorcerer Stability,巫师稳定,zh-CN
Soul Harvest,灵魂收割,zh-CN
Soul Taker,夺魂者,zh-CN
Soulbrand,灵魂烙印,zh-CN
Soulburst Staff,灵魂爆裂法杖,zh-CN
Soulwatch Hoop,灵魂守望之环,zh-CN
South Sea Quarterstaff,南海长杖,zh-CN
Southland Loop,南国指环,zh-CN
Sovereign Greaves,君王护胫,zh-CN
Sovereign Helm,君王头盔,zh-CN
Sovereign Mail,君王锁甲,zh-CN
Sovereign Tassets,君王裙甲,zh-CN
Sovereign Vambraces,君王臂甲,zh-CN
Spark of Creation,创生电花,zh-CN
Spark of Creation Tome,创生电花宝典,zh-CN
Sparr,弯镰,zh-CN
Spathion,斯帕西翁剑,zh-CN
Specialist Evolution,专业进化,zh-CN
Specimen Notes,样品笔记,zh-CN
Spectacle's Cowl,奇观兜帽,zh-CN
Spectral Augur of Civo,幽灵塞沃神谕鱼,zh-CN
Spectral Crookfish,幽灵诡鳍鱼,zh-CN
Spectral Drakonbeard,幽灵龙须鱼,zh-CN
Spectral Kokalodon,幽灵科卡洛顿鱼,zh-CN
Spectral Morayaga,幽灵蛇鳗鱼,zh-CN
Spectral Neme-Senga,幽灵奈美森加鱼,zh-CN
Spectral Zakarati,幽灵扎卡拉提鱼,zh-CN
Spellbinder,缚法者,zh-CN
Spellbook,魔法书,zh-CN
Spellstone Staff,法术石之杖,zh-CN
Spheral Astrolabe,天球星盘,zh-CN
Sphere Quantification,球体量化,zh-CN
Spicy Paletongue,辛辣苍白之舌,zh-CN
Spiked Baton,钉棍,zh-CN
Spinal,脊剑,zh-CN
Spinal Wand,脊柱魔杖,zh-CN
Spinalonga,刺骨长锤,zh-CN
Spinamikra,脊骨重锤,zh-CN
Spine of Tathamet,塔萨迈特的脊骨,zh-CN
Spiral Coin,螺旋币,zh-CN
Spiral Morning,螺旋晨星,zh-CN
Spirit Dance,灵魂之舞,zh-CN
Spirit Hall Finesse,众灵之厅巧变,zh-CN
Spirit Quarterstaff,灵力长杖,zh-CN
Spirit Scythe,灵魂镰刀,zh-CN
Spiritborn Endurance,灵巫坚忍,zh-CN
"Spiritborn Field Notes, Entry One",灵巫实地记录，第一篇,zh-CN
"Spiritborn Field Notes, Entry Three",灵巫实地记录，第三篇,zh-CN
"Spiritborn Field Notes, Entry Two",灵巫实地记录，第二篇,zh-CN
Spiritborn Finesse,灵巫巧变,zh-CN
Spiritborn Guard,灵巫防护,zh-CN
Spiritborn Motion,灵巫机动,zh-CN
Spiritborn Recovery,灵巫疗愈,zh-CN
Spiritborn Resolve,灵巫决意,zh-CN
Spiritomachy Core,诸灵纷争之核,zh-CN
Spitter Heart,喷吐者之心,zh-CN
Spoils of the Realm Conqueror,异界征服者的战利品,zh-CN
Spotted Mushroom,斑点菇,zh-CN
Stacked Notes,堆叠的笔记,zh-CN
Staff,杖,zh-CN
Staff of Elemental Command,元素统御法杖,zh-CN
Staff of Endless Rage,无尽怒火法杖,zh-CN
Staff of Lam Esen,兰姆·艾森之杖,zh-CN
Staff of Zerae,泽瑞伊之杖,zh-CN
Stained Diary,染污的日记,zh-CN
Stamina Potion,耐力药水,zh-CN
Star Flail,流星连枷,zh-CN
Starfall Coronet,星陨冠冕,zh-CN
Stay Fresh Meat Box,鲜肉保鲜盒,zh-CN
Steadfast Boots,坚定靴子,zh-CN
Steadfast Gloves,坚定手套,zh-CN
Steadfast Hood,坚定兜帽,zh-CN
Steadfast Pants,坚定裤子,zh-CN
Steadfast Tunic,坚定短衣,zh-CN
Steel Defender,钢铁卫士,zh-CN
Steel Scythe,钢镰,zh-CN
Steel Wand,钢魔杖,zh-CN
Steppe Band,平原指环,zh-CN
Steppe Barding,平原坐骑护具,zh-CN
Steppe Fetish Mask,平原物神面具,zh-CN
Steppe Tack,平原马甲,zh-CN
Sterling,斯特林,zh-CN
Stick,树枝,zh-CN
Stiletto,小剑,zh-CN
Stone Blade,石刃,zh-CN
Stone Flail,石制连枷,zh-CN
Stone Scythe,石镰,zh-CN
Stone of Vehemen,暴烈之石,zh-CN
Storm Augments,风暴强化,zh-CN
Storm Cache,风暴宝匣,zh-CN
Storm Finesse,风暴巧变,zh-CN
Storm of the Wilds,荒野风暴,zh-CN
Storm's Companion,风暴之友,zh-CN
Stormshield,风暴之盾,zh-CN
Strange Journal,奇怪的日志,zh-CN
Strange Key,奇怪的钥匙,zh-CN
Strides of War,战争护腿,zh-CN
Strike of Stormhorn,风暴利角之击,zh-CN
Strong Acrobatics Elixir,强效杂耍药剂,zh-CN
Strong Assault Elixir,强效突击药剂,zh-CN
Strong Crushing Elixir,强效粉碎药剂,zh-CN
Strong Elixir of Cold Resistance,强效抗冰药剂,zh-CN
Strong Elixir of Fire Resistance,强效抗火药剂,zh-CN
Strong Elixir of Lightning Resistance,强效抗电药剂,zh-CN
Strong Elixir of Poison Resistance,强效抗毒药剂,zh-CN
Strong Elixir of Shadow Resistance,强效暗抗药剂,zh-CN
Strong Iron Barb Elixir,强效铁刺药剂,zh-CN
Strong Precision Elixir,强效精准药剂,zh-CN
Strong Third Eye Elixir,强效第三只眼药剂,zh-CN
Strong Vampirism Elixir,强效吸血鬼药剂,zh-CN
Studded Axe,镶钉斧,zh-CN
Sturdy Boots,坚固靴子,zh-CN
Sturdy Chest Armor,坚固胸甲,zh-CN
Sturdy Gloves,坚固手套,zh-CN
Sturdy Helm,坚固头盔,zh-CN
Sturdy Hood,坚固兜帽,zh-CN
Sturdy Pants,坚固裤子,zh-CN
Sturdy Saddle,坚固马鞍,zh-CN
Sturdy Staff,坚固法杖,zh-CN
Sturdy Tunic,坚固短衣,zh-CN
Stygian Stone,冥狱石,zh-CN
Subo Cache,苏波宝匣,zh-CN
Subo Masterworking Cache,苏波精造宝匣,zh-CN
Subterfuge Efficiency,诡诈效能,zh-CN
Subterfuge Expertise,诡诈专精,zh-CN
"Sulfuras, Hand of Ragnaros",萨弗拉斯，炎魔拉格纳罗斯之手,zh-CN
Summoning Cache,召唤宝匣,zh-CN
Sunbird's Gorget,太阳鸟颈饰,zh-CN
Sunbrand,阳炎烙印,zh-CN
Sunburst Diadem,阳炎冠冕,zh-CN
Sundered Night,撕裂长夜,zh-CN
Sunscar Girdle,阳痕束带,zh-CN
Sunstained War-Crozier,阳痕战争牧杖,zh-CN
Superior Boots,精良靴子,zh-CN
Superior Gloves,精良手套,zh-CN
Superior Leather,精良皮革,zh-CN
Superior Pants,精良裤子,zh-CN
Superior Shield,精良盾牌,zh-CN
Superior Tunic,精良短衣,zh-CN
Supplication,祈愿,zh-CN
Survivor’s Journal,幸存者的日志,zh-CN
Swift Death,瞬亡,zh-CN
Swiftwind,迅捷之风,zh-CN
Sword,剑,zh-CN
Sword-Staff,剑杖,zh-CN
Tal,塔尔,zh-CN
Tal Rasha's Iridescent Loop,塔·拉夏的虹彩指环,zh-CN
Tale of Oldstones,古石阵的传说,zh-CN
Tam,塔姆,zh-CN
Targe,臂盾,zh-CN
Tassets of the Dawning Sky,破晓天空裙甲,zh-CN
Tattered Journal,破烂的日志,zh-CN
Tattered Map,破烂的地图,zh-CN
Tattered Missive,破烂的信函,zh-CN
Tattered Page,破烂的书页,zh-CN
Tattered Zakarum Missive,破烂的萨卡兰姆信函,zh-CN
Tears of Blood,鲜血之泪,zh-CN
Tearveil Amulet,裂幕护符,zh-CN
Teb,泰布,zh-CN
Tec,泰克,zh-CN
Tecpatl,石祭刀,zh-CN
Temerity,骄狂,zh-CN
Tempest Roar,风暴咆哮,zh-CN
Tenebrous Arms,阴暗武装,zh-CN
Terrestrial Nebula,陆上星云,zh-CN
Thalassic Cuirass,远洋战甲,zh-CN
The Basilisk,蛇怪之杖,zh-CN
The Bear's Claw,熊之爪,zh-CN
The Birth of Hell,地狱的诞生,zh-CN
The Black Trophy,黑色战利品,zh-CN
The Blade of Sight Aflame,燃目流火之刃,zh-CN
The Butcher's Block,屠夫砧板,zh-CN
The Butcher's Cleaver,屠夫的砍斧,zh-CN
The Cow King's Crown,母牛之王冠冕,zh-CN
The Crab with the Knife,持刀螃蟹,zh-CN
The Creatures of Night,午夜生物,zh-CN
The Cycle,死生轮回,zh-CN
The Dragon's Courage,龙之勇气,zh-CN
The Dragon's Tapestry,繁杂龙纹,zh-CN
The Eightfold Idol,八重神像,zh-CN
The End,结局,zh-CN
The Fecund Seal,丰饶符印,zh-CN
The Felled Council,堕落理事会,zh-CN
The Gloom Ward,幽暗结界,zh-CN
The Golden Lantern,金色神灯,zh-CN
The Grandfather,祖父,zh-CN
The Grandfather (Crucible),祖父（魔埚）,zh-CN
The Hand of Naz,纳兹之手,zh-CN
The Hateful Stone,憎恨之石,zh-CN
The Head of Malphas,玛尔法斯的头颅,zh-CN
The Hemat Stone,赫马特之石,zh-CN
The Iron Wolves' Dependable Cache,铁狼的实用宝匣,zh-CN
The Iron Wolves' Most Dependable,铁狼的妙用宝匣,zh-CN
The Jin Bayt,魔灵之屋,zh-CN
The Maestro,艺术大师,zh-CN
The Mortacrux,死亡匕首,zh-CN
The Mortacrux (Crucible),死亡匕首（魔埚）,zh-CN
The Mortacrux / The Umbracrux,死亡匕首 / 暗影匕首,zh-CN
The Oculus,法瞳,zh-CN
The One Beyond Reason,超脱之物,zh-CN
The Open Eye of Gorgorra,戈戈拉的睁眼,zh-CN
"The Orbei Monastery, Part 1",奥贝修道院，第一部分,zh-CN
"The Orbei Monastery, Part 2",奥贝修道院，第二部分,zh-CN
The Red-Eyed Fish,红眼鱼,zh-CN
The Relentless Heart,无情核心,zh-CN
The Starflux,流移星漩,zh-CN
The Starflux Tome,流移星漩宝典,zh-CN
The Stillblade,寂灭之刃,zh-CN
The Third Blade,三重美德之锋,zh-CN
The Third Blade (Crucible),三重美德之锋（魔埚）,zh-CN
The Umbracrux,暗影匕首,zh-CN
The Undercrown,幽冥王冠,zh-CN
The Unmaker,废命者,zh-CN
Thief's Letter,窃贼的信件,zh-CN
Thief's Shank,盗贼匕首,zh-CN
Third Eye Elixir,第三只眼药剂,zh-CN
Third Journey Cache,第三旅程宝匣,zh-CN
Third Journey Crafting Cache,第三旅程制作宝匣,zh-CN
Third Journey Equipment Cache,第三旅程装备宝匣,zh-CN
Third Journey Summoning Cache,第三旅程召唤宝匣,zh-CN
Thorn Army,荆棘大军,zh-CN
Thorn Body,荆棘身体,zh-CN
Thousand-Eye Reaver,千眼劫掠者,zh-CN
Thousand-Eye Reaver (Crucible),千眼劫掠者（魔埚）,zh-CN
Thrice-Woven Nightmare,三重编织噩梦,zh-CN
Thul,图,zh-CN
Thundergod's Blessing,雷神之赐,zh-CN
Tibault's Will,迪博特的意志,zh-CN
Tickles,轻拂,zh-CN
Timeworn Conduit,斑驳导能器,zh-CN
Timeworn Letter,陈旧的信,zh-CN
Timue's Journal,蒂姆伊的日志,zh-CN
Tiny Augur of Civo,小型塞沃神谕鱼,zh-CN
Tiny Celestial Augur of Civo,小型天界塞沃神谕鱼,zh-CN
Tiny Celestial Crookfish,小型天界诡鳍鱼,zh-CN
Tiny Celestial Drakonbeard,小型天界龙须鱼,zh-CN
Tiny Celestial Kokalodon,小型天界科卡洛顿鱼,zh-CN
Tiny Celestial Morayaga,小型天界蛇鳗鱼,zh-CN
Tiny Celestial Neme-Senga,小型天界奈美森加鱼,zh-CN
Tiny Celestial Zakarati,小型天界扎卡拉提鱼,zh-CN
Tiny Crookfish,小型诡鳍鱼,zh-CN
Tiny Demonic Augur of Civo,小型恶魔塞沃神谕鱼,zh-CN
Tiny Demonic Crookfish,小型恶魔诡鳍鱼,zh-CN
Tiny Demonic Drakonbeard,小型恶魔龙须鱼,zh-CN
Tiny Demonic Kokalodon,小型恶魔科卡洛顿鱼,zh-CN
Tiny Demonic Morayaga,小型恶魔蛇鳗鱼,zh-CN
Tiny Demonic Neme-Senga,小型恶魔奈美森加鱼,zh-CN
Tiny Demonic Zakarati,小型恶魔扎卡拉提鱼,zh-CN
Tiny Drakonbeard,小型龙须鱼,zh-CN
Tiny Kokalodon,小型科卡洛顿鱼,zh-CN
Tiny Morayaga,小型蛇鳗鱼,zh-CN
Tiny Neme-Senga,小型奈美森加鱼,zh-CN
Tiny Spectral Augur of Civo,小型幽灵塞沃神谕鱼,zh-CN
Tiny Spectral Crookfish,小型幽灵诡鳍鱼,zh-CN
Tiny Spectral Drakonbeard,小型幽灵龙须鱼,zh-CN
Tiny Spectral Kokalodon,小型幽灵科卡洛顿鱼,zh-CN
Tiny Spectral Morayaga,小型幽灵蛇鳗鱼,zh-CN
Tiny Spectral Neme-Senga,小型幽灵奈美森加鱼,zh-CN
Tiny Spectral Zakarati,小型幽灵扎卡拉提鱼,zh-CN
Tiny Zakarati,小型扎卡拉提鱼,zh-CN
Toadling's Wish,小蟾蜍之愿,zh-CN
Toadling's Wish Grimoire,小蟾蜍之愿魔典,zh-CN
Tomb Wand,随葬魔杖,zh-CN
Tome,宝典,zh-CN
Toothed Reaper,锯齿收割者,zh-CN
Topaz Fragment,黄宝石碎片,zh-CN
Topaz Jewelry Cache,首饰宝匣：黄宝石,zh-CN
Torment Staff,折磨法杖,zh-CN
Torn Net,破烂鱼网,zh-CN
Torn Note,破损的便笺,zh-CN
Torn Notebook Page,被撕下的笔记本书页,zh-CN
Torn Page,撕下的书页,zh-CN
Torn Paper,撕碎的书页,zh-CN
Torn Parchment,撕烂的羊皮纸,zh-CN
Torn Tome Pages,撕烂的典籍书页,zh-CN
Totem,图腾,zh-CN
Totemic Staff,图腾法杖,zh-CN
Tower,塔盾,zh-CN
Towerfell,崩塔,zh-CN
Trace of Echoes,回响之痕,zh-CN
Traces of the Maiden,侍女的踪迹,zh-CN
Trade Consortium Strongbox,贸易联盟保险箱,zh-CN
Trade Consortium Tack,贸易联盟马甲,zh-CN
TradingTestItem,交易测试物品,zh-CN
Trag'Oul's Consort,塔格奥的配偶,zh-CN
Trap Augments,陷阱强化,zh-CN
Trap Expertise,陷阱专精,zh-CN
Trapper Cache,布陷高手宝匣,zh-CN
Traveling Merchant's Tack,旅行商人的马甲,zh-CN
Trawghll,特洛哇啦,zh-CN
Tread of Umbral Gales,阴界疾风之履,zh-CN
Treasure Bag,宝藏包裹,zh-CN
Treasure Bag of Ascendance,晋升宝藏包裹,zh-CN
Treasure Beast Barding,宝藏野兽坐骑护具,zh-CN
Treasure Chest Key,神殿宝箱钥匙,zh-CN
Treasure of the Artificer,工匠的宝藏,zh-CN
Trembling Ring,颤动之戒,zh-CN
Tribute of Andariel,安达莉尔的贡品,zh-CN
Tribute of Armaments,军械贡品,zh-CN
Tribute of Ascendance (Resolute),晋升贡品（决绝）,zh-CN
Tribute of Growth,赘生物供品,zh-CN
Tribute of Harmony,和谐供品,zh-CN
Tribute of Ingenuity,巧思贡品,zh-CN
Tribute of Radiance (Resolute),光辉贡品（决绝）,zh-CN
Tribute of Refinement,精炼贡品,zh-CN
Tribute of Titans,巨人贡品,zh-CN
Tribute of the Horadrim,赫拉迪姆的贡品,zh-CN
Trident,三叉戟,zh-CN
Trimetal Ring,三合金属之戒,zh-CN
Triune Anointment Parcel,三神教魔膏包裹,zh-CN
Triune Antipathy Parcel,三神教憎恶包裹,zh-CN
Triune Arms Cache,三神教武器宝匣,zh-CN
Triune Blackblood Parcel,三神教黑血包裹,zh-CN
Triune Blood Font,三神教鲜血洗礼盆,zh-CN
Triune Crate,三神教箱子,zh-CN
Triune Decree,三神教法令,zh-CN
Triune Missive,三神教信函,zh-CN
Triune Parcel,三神教包裹,zh-CN
Triune Strongbox,三神教保险箱,zh-CN
Triune Strongbox of Endurant Faith,三神教忠贞信仰保险箱,zh-CN
Triune Vitriol Parcel,三神教强酸包裹,zh-CN
Trophy Tusk,战利品獠牙,zh-CN
Truncheon,短棍,zh-CN
Tuned Glaive,精调剑刃戟,zh-CN
Tunic,短衣,zh-CN
Tuning Stone: Arcing,调和石: 电弧,zh-CN
Tuning Stone: Bleeding,调和石: 流血,zh-CN
Tuning Stone: Breaking,调和石: 击破,zh-CN
Tuning Stone: Burning,调和石: 燃烧,zh-CN
Tuning Stone: Devastation,调和石: 灭绝,zh-CN
Tuning Stone: Duration,调和石: 延效,zh-CN
Tuning Stone: Dusk,调和石: 黄昏,zh-CN
Tuning Stone: Efficiency,调和石: 效能,zh-CN
Tuning Stone: Electrocution,调和石: 电刑,zh-CN
Tuning Stone: Evernight,调和石: 永夜,zh-CN
Tuning Stone: Fortify,调和石: 强固,zh-CN
Tuning Stone: Frigid,调和石: 僵冻,zh-CN
Tuning Stone: Genesis,调和石: 源生,zh-CN
Tuning Stone: Gripping,调和石: 紧握,zh-CN
Tuning Stone: Initiative,调和石: 先机,zh-CN
Tuning Stone: Mockery,调和石: 嘲弄,zh-CN
Tuning Stone: Multishot,调和石: 弹幕,zh-CN
Tuning Stone: Piercing,调和石: 刺穿,zh-CN
Tuning Stone: Poison,调和石: 毒素,zh-CN
Tuning Stone: Registered Damage,调和石: 承伤,zh-CN
Tuning Stone: Resource,调和石: 资源,zh-CN
Tuning Stone: Safeguard,调和石: 护卫,zh-CN
Tuning Stone: Seeking,调和石: 索敌,zh-CN
Tuning Stone: Slowing,调和石: 减速,zh-CN
Tuning Stone: Swift,调和石: 迅捷,zh-CN
Tuning Stone: Tactical,调和石: 战术,zh-CN
Tuning Stone: Voluminous,调和石: 广域,zh-CN
Tuskhelm of Joritz the Mighty,勇武的乔里茨的獠牙盔,zh-CN
Twiggins,特维金枝,zh-CN
Twilight Warding,暮光结界,zh-CN
Twin Axe,双锋斧,zh-CN
Twin Strikes,双重打击,zh-CN
Twin-blade,双刃,zh-CN
Two-Handed Axe,双手斧,zh-CN
Two-Handed Hammer,双手锤,zh-CN
Two-Handed Mace,双手钉锤,zh-CN
Two-Handed Scythe,双手镰刀,zh-CN
Two-Handed Sword,双手剑,zh-CN
Two-Section Flail,双节连枷,zh-CN
Tyrael's Might,泰瑞尔之力,zh-CN
Tyrant Labrys,暴君双刃斧,zh-CN
Tyrant's Bane,暴君之灾,zh-CN
Tzic,兹克,zh-CN
Ugly Bastard Helm,丑陋私生子之盔,zh-CN
Ultimate Efficiency — Barbarian,终极技能效能：野蛮人,zh-CN
Ultimate Efficiency — Druid,终极技能效能：德鲁伊,zh-CN
Ultimate Efficiency — Rogue,终极技能效能——游侠,zh-CN
Ultimate Efficiency — Sorcerer,终极技能效能：巫师,zh-CN
Umbral Tatters,月蚀碎片,zh-CN
Una's Lament,乌娜的哀恸,zh-CN
Unbending Choker,刚强项圈,zh-CN
Unbroken Chain,不破束链,zh-CN
Unceasing Ancestors' Legendary Runes Cache,先祖的传奇符文恒久宝匣,zh-CN
Uncertain Governing Stone Cache,未知统御石宝匣,zh-CN
Uncertain Heart,未知之心,zh-CN
Uncertain Invoker,未知召唤器,zh-CN
Uncertain Seneschal Stone Cache,未知侍仆石宝匣,zh-CN
Uncertain Tuning Stone Cache,未知调和石宝匣,zh-CN
Unchained Zakarum Repository,挣开锁链的萨卡兰姆宝库,zh-CN
Uncommon Bow,非凡弓,zh-CN
Uncommon Crossbow,非凡弩,zh-CN
Undelivered Letter,未寄出的信,zh-CN
Undercity Alms,幽暗之城救济品,zh-CN
Undercity Temple Barding,幽暗之城神殿骑甲坐骑护具,zh-CN
Underworld Appendages,幽冥附肢,zh-CN
Unique Coven Crate,暗金巫会之箱,zh-CN
Unpredictable Alchemy,莫测炼金术,zh-CN
Unsealed Exorcist's Cache,解开封印的驱魔师宝匣,zh-CN
Unsealed Oxen Tribe Cache,解开封印的牛族宝匣,zh-CN
Unsealed Penitent's Cache,解开封印的悔罪宝匣,zh-CN
Unsent Letter,未寄出的信,zh-CN
Unspeakable Goods,难以言喻的货物,zh-CN
Unstable Power,动荡力量,zh-CN
Unsung Ascetic's Wraps,无名苦行僧的裹手,zh-CN
Unusual Ore,不寻常的矿石,zh-CN
Ur-Predator Ward,原始掠食者结界,zh-CN
Urivar's Charred Sword,乌里瓦尔的焦黑长剑,zh-CN
Urivar's Letter,乌里瓦尔的信,zh-CN
Urivar's Orders,乌里瓦尔的命令,zh-CN
Urivar's Shattered Face,乌里瓦尔的破碎面具,zh-CN
Ursine Totem,熊图腾,zh-CN
Useless Key,无用的钥匙,zh-CN
Utility Aspect Cache,通用威能宝匣,zh-CN
Utility Aspects,通用威能,zh-CN
Vajra,金刚杵,zh-CN
Vampiric Alchemy Supplies,吸血鬼的炼金物资,zh-CN
Vampiric Assassin's Dagger,吸血鬼刺客的匕首,zh-CN
Vampiric Crafting Supplies,吸血鬼的制作物资,zh-CN
Vampiric Signet Cache,吸血鬼玺戒宝匣,zh-CN
Vampirism Elixir,吸血鬼药剂,zh-CN
Vanguard Cache,先锋宝匣,zh-CN
Vani's Journal,瓦尼的日记,zh-CN
Vardok’s Note,瓦铎剋的便条,zh-CN
Varshan Summoning Cache,瓦尔申召唤宝匣,zh-CN
Varshan's Heart,瓦尔申之心,zh-CN
Varshan's Severed Head,瓦尔申被斩下的头颅,zh-CN
Varyana Cache,瓦尔亚纳宝匣,zh-CN
Vasily's Prayer,瓦西里的祷告,zh-CN
Vehement Augments,暴烈强化,zh-CN
Vehement Halo,暴烈晕环,zh-CN
Veiled Crystal,萦雾水晶,zh-CN
Vengeful Sinew,复仇肌腱,zh-CN
Vengeful Spirit,复仇的灵体,zh-CN
Vestment of Baleful Intent,邪恶意图法衣,zh-CN
Vex,威克斯,zh-CN
Vhenard's Esoteric Signet,维纳德的神秘玺戒,zh-CN
Vial of Power,能量瓶剂,zh-CN
Vicious Malignant Ichor,凶暴恶念魔脓液,zh-CN
Vigo's Protecting Amulet,维戈的防御护符,zh-CN
Vile Censer,秽邪香炉,zh-CN
Vile Phylactery,邪恶护命匣,zh-CN
Villager's Journal,村民的日志,zh-CN
Visavajra,十字金刚杵,zh-CN
Vision of the Firestorm,火焰风暴的幻象,zh-CN
Vitriol,强酸,zh-CN
Vivid Whimsy,幻彩异想鱼,zh-CN
Vizjerei Journal Page,维兹杰雷日志书页,zh-CN
Voice of the Stars,群星之声,zh-CN
Voice of the Stars Grimoire,群星之声魔典,zh-CN
Volatile Primordial Dust,不稳的源生粉尘,zh-CN
Vox Omnium,纷乱之声,zh-CN
Vox Omnium / The Basilisk,纷乱之声 / 蛇怪之杖,zh-CN
Vulgar Chain,粗鄙锁链,zh-CN
Vulture Talon Grimoire,秃鹫之爪魔典,zh-CN
Wand,魔杖,zh-CN
Wanderer's Boots,流浪者靴,zh-CN
Wanderer's Helm,流浪者头盔,zh-CN
Wanderer's Hood,流浪者兜帽,zh-CN
Wandering Death's Spoils,徘徊死魔的战利品,zh-CN
Waning Sun Riders,残阳骑靴,zh-CN
Waning Sun Tunic,残阳短衣,zh-CN
War Axe,战斧,zh-CN
War Chief’s Journal,军官的日志,zh-CN
War Crescent,战争新月斧,zh-CN
War Crest,战争纹章,zh-CN
War Crossbow,战争弩,zh-CN
War Hammer,战锤,zh-CN
War Javelin,战争标枪,zh-CN
War Mallet,铁头战锤,zh-CN
War Plans Party Rewards,战争计划小队奖励,zh-CN
War Sickle,战争手镰,zh-CN
War Staff,战争杖,zh-CN
War Sword,战争剑,zh-CN
War Table Scroll,战争桌卷轴,zh-CN
Warcaster,战争投射者,zh-CN
Warcouncil Band,战争议会指环,zh-CN
Ward,结界,zh-CN
Ward of the White Dove,白鸽结界,zh-CN
Ward-Hammer,结界之锤,zh-CN
Warlord Boots,督军长靴,zh-CN
Warlord Gauntlets,督军护手,zh-CN
Warlord Greathelm,督军大盔,zh-CN
Warlord Leg Plates,督军腿甲,zh-CN
Warlord Plate,督军板甲,zh-CN
Warmuster Totem,战争召唤者图腾,zh-CN
Warrior's Shield,战士盾,zh-CN
Wasteland Augments,废土强化,zh-CN
Wasteland Innovation,废土创新,zh-CN
Wastelander Cache,废土行者宝匣,zh-CN
Wat,瓦特,zh-CN
Watchman's Log,看守者的日志,zh-CN
Waterlogged Cache,渍水宝匣,zh-CN
Waterlogged Journal,浸水的日志,zh-CN
Waterlogged Missive,水浸的信函,zh-CN
Waterlogged Ring,浸水的戒指,zh-CN
Wave of Woe,灾祸之浪,zh-CN
Wax-sealed Letter,蜡封信件,zh-CN
Waxing Gibbous,盈月当空,zh-CN
Waxing Gibbous (Crucible),盈月当空（魔埚）,zh-CN
Wayfarer's Boots,远行者靴,zh-CN
Wayfarer's Gloves,远行者手套,zh-CN
Wayfarer's Helm,远行者头盔,zh-CN
Wayfarer's Pants,远行者裤子,zh-CN
Wayfarer's Tunic,远行者短衣,zh-CN
Weak Acrobatics Elixir,弱效杂耍药剂,zh-CN
Weak Assault Elixir,弱效突击药剂,zh-CN
Weak Crushing Elixir,弱效粉碎药剂,zh-CN
Weak Iron Barb Elixir,弱效铁刺药剂,zh-CN
Weak Third Eye Elixir,弱效第三只眼药剂,zh-CN
Weak Vampirism Elixir,弱效吸血鬼药剂,zh-CN
Weapon,武器,zh-CN
Weapon Attunement — Barbarian,武器调谐：野蛮人,zh-CN
Weapon Attunement — Necromancer,武器调谐：死灵法师,zh-CN
Weapon Augments,武器强化,zh-CN
Weapon Cache,武器宝匣,zh-CN
Weapon Mastery Efficiency,武器精通效能,zh-CN
Weathered Boots,风化靴子,zh-CN
Weathered Bow,风化弓,zh-CN
Weathered Breeches,风化马裤,zh-CN
Weathered Cover,风化帽,zh-CN
Weathered Gloves,风化手套,zh-CN
Weathered Scythe,风化镰刀,zh-CN
Weathered Staff,风化杖,zh-CN
Weathered Tunic,风化短衣,zh-CN
Weekly Bonus Spoils,每周额外战利品,zh-CN
Weekly Citadel Coin Cache,每周城堡金币宝匣,zh-CN
Wendigo Brand,温迪戈印戒,zh-CN
Werebear Augments,熊人强化,zh-CN
Werebear Cache,熊人宝匣,zh-CN
Werebear Innovation,熊人创新,zh-CN
Werewolf Augments,狼人强化,zh-CN
Werewolf Cache,狼人宝匣,zh-CN
Werewolf Finesse,狼人巧变,zh-CN
Whispering Key,低语钥匙,zh-CN
Wicked Pact Grimoire,邪恶契约魔典,zh-CN
Widow's Web,寡妇织网,zh-CN
Wildcaller Totem,荒野呼唤者图腾,zh-CN
Wildheart Hunger,野性之心的饥饿,zh-CN
Will of Rathma,拉斯玛的意志,zh-CN
Will of Stone,顽石意志,zh-CN
Willbreaker,破心者,zh-CN
Willbreaker Tome,破心者宝典,zh-CN
Wilted Potential,凋萎潜能,zh-CN
Windforce,风之力,zh-CN
Windlass,鞭风弩,zh-CN
Window to Creation,创造之窗,zh-CN
Windslicer,斩风,zh-CN
Wings of the Betrayer,背叛者之翼,zh-CN
Witch's Travel-Totem,女巫的旅行图腾,zh-CN
Witching Hour,巫术时刻,zh-CN
Witching Phalange,巫术指骨,zh-CN
Witness to Woe,灾厄之证,zh-CN
Wizard's Touch,魔法师之触,zh-CN
Wolf's Bite,狼噬,zh-CN
Wolfram Ore,黑钨矿石,zh-CN
Word of Hakan,哈坎的口谕,zh-CN
Worldknot Ring,世界瘤结之戒,zh-CN
Worldly Afflictions,世俗苦难,zh-CN
Worldly Destruction,世俗毁灭,zh-CN
Worldly Endurance,老练持久,zh-CN
Worldly Finesse,老练巧变,zh-CN
Worldly Fortune,老练之幸,zh-CN
Worldly Scourge,世俗灾祸,zh-CN
Worldly Stability,老练稳定,zh-CN
Worn Diary,破旧的日记,zh-CN
Worn Journal,破旧的日志,zh-CN
Worshipper's Ring,膜拜者之戒,zh-CN
Worthless Gold Cache,毫无价值的藏金匣,zh-CN
Wound Drinker,饮伤者,zh-CN
Woven Quarterstaff,交织长杖,zh-CN
Wrath Efficiency,愤怒效能,zh-CN
Wreath of Auric Laurel,金辉月桂之环,zh-CN
Wreathed Mace,环状钉锤,zh-CN
Writhing Band of Trickery,诡诈之盘曲指环,zh-CN
Writhing Vine,蠕动藤蔓,zh-CN
Wushe Nak Pa,乌阇南帕,zh-CN
Wyrdskin,诡邪之皮,zh-CN
Wyrmcurse Stave,龙咒法杖,zh-CN
X'Fal's Corroded Signet,埃克斯法的锈蚀玺戒,zh-CN
Xal,扎尔,zh-CN
Xan,艾克西安,zh-CN
Xiphos,西福斯短剑,zh-CN
Xol,佐尔,zh-CN
Yataghan,亚塔甘剑,zh-CN
Yen's Blessing,延的祝福,zh-CN
Yom,约姆,zh-CN
Ysevete's Dirge,伊塞薇忒的挽歌,zh-CN
Yul,尤尔,zh-CN
Zakarati,扎卡拉提鱼,zh-CN
Zakarum Emblem,萨卡兰姆徽章,zh-CN
Zan,赞恩,zh-CN
Zealot Augments,狂热者强化,zh-CN
Zealot Blade,狂徒剑,zh-CN
Zealot Cache,狂热者宝匣,zh-CN
Zealot Efficiency,狂热者效能,zh-CN
Zealot Finesse,狂热者巧变,zh-CN
Zealot Innovation,狂热者创新,zh-CN
Zec,泽克,zh-CN
Zeta Khopesh,泽塔镰刃剑,zh-CN
"Zin'rokh, Destroyer of Worlds",辛洛斯，诸界的毁灭者,zh-CN
Zir's Bloody Skull,齐尔的血腥头骨,zh-CN
Zoological Survey,动物学调查,zh-CN
