source,target,tgt_lng
...and I Shall Rage,……而我將怒號（我即怒火）,zh-CN
...and Protect me from Harm,……並免我於傷痛（消灾的庇护）,zh-CN
...and Scatter Them to the Winds,……並驅散於長風之中（风卷残云）,zh-CN
0.1.1e Patch Notes,0.1.1e 更新檔說明,zh-CN
0.1.1f Patch Notes,0.1.1f 更新檔說明,zh-CN
0.2.0d Patch Notes,0.2.0d 更新檔說明,zh-CN
0.2.0g Patch Notes,0.2.0g 更新檔說明,zh-CN
0.3.0c Patch Notes,0.3.0c 更新檔說明,zh-CN
0.3.1 Patch Notes,0.3.1 更新檔說明,zh-CN
0.4.0d Patch Notes,0.4.0d 更新檔說明,zh-CN
0.4.0e Patch Notes,0.4.0e 更新檔說明,zh-CN
0.5.1 Patch Notes,0.5.1 版本更新公告,zh-CN
0.5.2 Patch Notes,0.5.2 版本更新公告,zh-CN
0.5.4 Patch Notes,0.5.4 版本更新公告,zh-CN
A Solid Plan,可靠的计划,zh-CN
Ab Aeterno,源於永恆（无始之时）,zh-CN
Abandoned City,遺棄城市（废弃之城）,zh-CN
Abasement,貶抑（屈辱）,zh-CN
Abberant Power,異常力量（异变之力）,zh-CN
Aberrant Sledge,怪異攻城錘（畸变巨锤）,zh-CN
Abiding Hex,永久咒術（恒远魔蛊）,zh-CN
Absent Amulet,虛無護身符（失神项链）,zh-CN
Abyss,深渊,zh-CN
Abyss Stash Tab,深淵倉庫頁,zh-CN
Abyss Tablet,深淵碑牌（深渊石板）,zh-CN
Abyssal Apparition,深渊幻象,zh-CN
Abyssal Conduit,深淵連結（深渊通道）,zh-CN
Abyssal Depths,無盡深淵（绝望深渊）,zh-CN
Abyssal Eye,深渊之眼,zh-CN
Abyssal Fissure,深淵裂谷,zh-CN
Abyssal Flail,深淵鏈錘（深渊连枷）,zh-CN
Abyssal Ire,深渊之怒,zh-CN
Abyssal Lich,深淵妖巫（深渊巫妖）,zh-CN
Abyssal Modifiers,深渊词缀,zh-CN
Abyssal Pact,深淵冥約（Abyssal Pact）,zh-CN
Abyssal Signet,深淵之記（深渊印戒）,zh-CN
Abyssal Wasting,深淵耗損（深渊耗散）,zh-CN
Accelerated Growth,飛速生長（迅猛绽放）,zh-CN
Accelerated Growth II,飛速生長II（迅猛绽放II）,zh-CN
Acceleration,加速,zh-CN
Account Bound,帳號綁定（账户绑定）,zh-CN
Accuracy,命中,zh-CN
Accurate,命中（精准）,zh-CN
Acidic Concoction,酸性灵药,zh-CN
Acolyte of Chayula,夏烏拉侍僧（夏乌拉追随者）,zh-CN
Acrid Wand,刺鼻法杖（刻薄法杖）,zh-CN
Acrimony,毒辣（尖刻）,zh-CN
Acrobatics,移形换影,zh-CN
Act,章節,zh-CN
Act 1,第 1 章,zh-CN
Act 2,第 2 章,zh-CN
Act 3,第 3 章,zh-CN
Act 4,第四章,zh-CN
Activating Marks,啟動印記（激活印记）,zh-CN
Adaptable Assault,可適應攻擊（灵活突袭）,zh-CN
Adaptation,適應（适者生存）,zh-CN
Adaptive Alloy,適應合金（适性合金）,zh-CN
Adaptive Biology,適應性生物學（适应生物学）,zh-CN
Adaptive Capability,應變能力（应变性能）,zh-CN
Adaptive Catalyst,適性催化劑（应变催化剂）,zh-CN
Adaptive Rune,適應符文,zh-CN
Adaptive Skin,適應皮膚（应变外观）,zh-CN
Added Skill Use Time,增加技能使用時間（附加技能使用时间）,zh-CN
Adding to Stat Totals,增添能力總量（附加至总属性）,zh-CN
Additional Projectiles,额外投射物,zh-CN
Additional Rare Monsters,额外稀有怪物,zh-CN
Adept Rune,嫻熟符文（行家符文）,zh-CN
Adherent Bow,信徒之弓（联排之弓）,zh-CN
Adherent Cuffs,追隨者腕帶（信徒袖带）,zh-CN
Adherent Leggings,信徒護腿（联排绑腿）,zh-CN
Adherent's Raiment,信徒之衣,zh-CN
Adhesive Grenades I,黏性擲彈 I（胶粘榴弹 I）,zh-CN
Adhesive Grenades II,黏性擲彈 II（胶粘榴弹 II）,zh-CN
Adhesive Grenades III,黏性擲彈 III（胶粘榴弹 III）,zh-CN
Admixture,混合劑（混合物）,zh-CN
Admonisher,告誡者（训诫）,zh-CN
Adonia's Ego,艾多尼亞的自負（阿多尼娅的自我）,zh-CN
Adorned Wraps,裝飾裹手（华饰裹手）,zh-CN
Adrenaline Rush,腎上腺素（激情冲动）,zh-CN
Advanced Munitions,先進彈藥（尖端弹药）,zh-CN
Advanced Thaumaturgy,進階奇術（奇术深造）,zh-CN
Advancing Storm,推進風暴（风暴行军）,zh-CN
Adverse Growth,逆向增長（逆向增生）,zh-CN
Aegis Quarterstaff,神禦細杖（神盾节杖）,zh-CN
Aerisvane's Wings,艾瑞斯凡恩之翼（艾瑞斯维恩之翼）,zh-CN
Affinity,亲和,zh-CN
Affliction Enforcer,痛苦執行（腐化执行者）,zh-CN
Afflictions,苦痛（痛苦）,zh-CN
Afterimage,殘像（残影）,zh-CN
Aftershock I,余震 I,zh-CN
Aftershock II,余震 II,zh-CN
Aftershock III,余震 III,zh-CN
Aftershocks,余震,zh-CN
Against the Anvil,千錘百鍊（迎砧击打）,zh-CN
Against the Darkness,力抗黑暗（抗衡黑暗）,zh-CN
Against the Elements,元素對抗（对抗元素）,zh-CN
Aged Cuffs,陳舊腕帶（风霜袖带）,zh-CN
Aged Tower Shield,陈旧塔盾,zh-CN
Aggravated Bleeding,加劇流血（恶性流血）,zh-CN
Aggravated Ignite,加劇點燃（恶性点燃）,zh-CN
Aggravating any Bleeding,加劇任何流血（使流血变为恶性）,zh-CN
Aggravation,加劇（伤口恶化）,zh-CN
Agile Sprinter,敏捷衝刺者（敏捷奔跑者）,zh-CN
Agile Succession,敏捷演替（灵敏连击）,zh-CN
Agonising Calamity,慘痛災禍（苦痛血祸）,zh-CN
Ahn's Citadel,汉恩的城塞,zh-CN
Ailith's Chimes,艾里絲的管鐘（艾利丝钟琴）,zh-CN
Ailment Application,施加異常狀態（异常状态应用）,zh-CN
Ailments,异常状态,zh-CN
Aim for the Jugular,瞄準要害（直击命门）,zh-CN
Akoyan Club,艾古亞棍棒（阿科扬战棒）,zh-CN
Akoyan Spear,艾古亞長矛（阿科扬战矛）,zh-CN
"Akthi, the Final Sting",最終之刺．艾克提（阿克西，终命毒刺）,zh-CN
Albino Rhoa Feather,白化的羽毛,zh-CN
Alchemical Oil,煉金之油（炼金秘油）,zh-CN
Alchemist's Boon,煉金師恩惠（炼金师的恩典）,zh-CN
Aldur's Legacies,阿德爾的傳承（奥杜尔的遗产）,zh-CN
Aldur's Saga,阿德爾的傳奇（奥杜尔之传说）,zh-CN
Align Fate,命运同调,zh-CN
Alignment I,聯合 I（相性 I）,zh-CN
Alignment II,聯合 II（相性 II）,zh-CN
Alignment III,聯合 III（相性 III）,zh-CN
Alkem Eira,神谕,zh-CN
All For One,萬眾歸一（众志成城）,zh-CN
All Natural,純然天性（纯粹自然）,zh-CN
Allies,友方（友军）,zh-CN
Allies Leech the same amount,友方偷取相同數值（友军等量偷取）,zh-CN
Alloy,合金,zh-CN
Alloy Crossbow,合金十字弓（合金战弩）,zh-CN
Alpha Talisman,統領魔符（首领魔符）,zh-CN
Alpha's Howl,極地之嗥（极地之眼）,zh-CN
Alpine Ridge,高山山脊（严寒高岭）,zh-CN
Altar Robe,祭坛长袍,zh-CN
Altered Brain Chemistry,換腦化學（易思换灵）,zh-CN
Altered Collarbone,畸變的鎖骨（变形锁骨）,zh-CN
Altered Flesh,變形肉體（重塑身躯）,zh-CN
Alternating Current,交流電（交流电涌）,zh-CN
Amanamu's Gaze,阿姆那姆的邪眼（埃曼纳姆的凝视）,zh-CN
Amanamu's Tithe,阿姆那姆的稅賦（阿曼娜姆的奉纳）,zh-CN
Amazon,亚马逊,zh-CN
Amber Amulet,琥珀护身符,zh-CN
Ambivalent Command,矛盾命令（矛盾指令）,zh-CN
Ambrosia,仙饌蜜酒（仙馔）,zh-CN
Ambrosia II,仙饌蜜酒 II（仙馔 II）,zh-CN
Ambush,伏击,zh-CN
Amethyst Charm,紫晶護符（紫晶咒符）,zh-CN
Amethyst Ring,紫晶戒指,zh-CN
Ammo Conservation I,彈藥保存 I（节省弹药 I）,zh-CN
Ammo Conservation II,彈藥保存 II（节省弹药 II）,zh-CN
Ammo Conservation III,彈藥保存 III（节省弹药 III）,zh-CN
Ammunition,弹药,zh-CN
Among the Hordes,部族之上（统御兽群）,zh-CN
Amor Mandragora,阿莫爾．曼德拉戈拉（爱神曼陀罗）,zh-CN
Amphora Relic,陶罐聖物（土罐遗物）,zh-CN
Amulet Womb,項鍊母胎（项链孕育槽位）,zh-CN
Amulets,项链,zh-CN
An Appropriate Vault,合適寶庫（适宜宝库）,zh-CN
An Audience With The King,覲見國王（谒王之约）,zh-CN
Anaemia,缺血（贫血）,zh-CN
Ancestor Tower Shield,先祖塔盾,zh-CN
Ancestral Aid,先祖援助（先祖之助）,zh-CN
Ancestral Alacrity,先祖迅捷（先祖的敏锐）,zh-CN
Ancestral Artifice,先祖詭計（先祖的巧谋）,zh-CN
Ancestral Bond,先祖魂约,zh-CN
Ancestral Boost,先祖強化（先祖加持）,zh-CN
Ancestral Boosted Spells,先祖強化法術（先祖加持法术）,zh-CN
Ancestral Call I,先祖怒嚎 I（先祖召唤 I）,zh-CN
Ancestral Call II,先祖怒嚎 II（先祖召唤 II）,zh-CN
Ancestral Call III,先祖怒嚎 III（先祖召唤 III）,zh-CN
Ancestral Conduits,祖靈導體（先祖的传达）,zh-CN
Ancestral Cry,先祖战吼,zh-CN
Ancestral Empowerment,先祖威能（先祖神威）,zh-CN
Ancestral Mail,先祖锁甲,zh-CN
Ancestral Mending,先祖治癒（先祖的愈合）,zh-CN
Ancestral Reach,先祖所向（先祖降临）,zh-CN
Ancestral Spirits,先祖之魂（先祖之灵）,zh-CN
Ancestral Tiara,先祖頭冠（先祖冠冕）,zh-CN
Ancestral Unity,先祖同心（先祖的团结）,zh-CN
Ancestral Warrior Totem,先祖战士图腾,zh-CN
Anchorite Garb,隱者裝束（隐士束衣）,zh-CN
Ancient Aegis,遠古神盾（上古神盾）,zh-CN
Ancient Augment,遠古增幅（远古增幅器）,zh-CN
Ancient Bastion,遠古堅堡（远古要塞）,zh-CN
Ancient Blooms,遠古之綻（远古之花）,zh-CN
Ancient Buckler,远古轻盾,zh-CN
Ancient Collarbone,古老的鎖骨（远古锁骨）,zh-CN
Ancient Concentrated Liquid Fear,遠古濃縮液態恐懼（远古浓缩的液化恐惧）,zh-CN
Ancient Concentrated Liquid Isolation,遠古濃縮液態孤立（远古浓缩的液化孤独）,zh-CN
Ancient Concentrated Liquid Suffering,遠古濃縮液態苦難（远古浓缩的液化痛苦）,zh-CN
Ancient Crisis Fragment,远古危机碎片,zh-CN
Ancient Cuffs,遠古腕帶（远古袖带）,zh-CN
Ancient Diluted Liquid Greed,遠古稀釋的液態貪婪（远古稀释的液化贪婪）,zh-CN
Ancient Diluted Liquid Guilt,遠古稀釋的液態罪惡（远古稀释的液化内疚）,zh-CN
Ancient Diluted Liquid Ire,遠古稀釋的液態憤怒（远古稀释的液化愤怒）,zh-CN
Ancient Enmities,遠古宿怨（远古仇怨）,zh-CN
Ancient Gateway,遠古閘門（远古通道）,zh-CN
Ancient Greatblade,遠古巨刃（上古巨剑）,zh-CN
Ancient Hex,古典魔女（上古邪术）,zh-CN
Ancient Infuser,遠古灌注器（远古注能装置）,zh-CN
Ancient Jawbone,古老的顎骨（远古颚骨）,zh-CN
Ancient Leggings,远古护腿,zh-CN
Ancient Liquid Despair,遠古液態絕望（远古液化绝望）,zh-CN
Ancient Liquid Disgust,遠古液態厭惡（远古液化憎恶）,zh-CN
Ancient Liquid Emotions,遠古液態情感（远古液化情感）,zh-CN
Ancient Liquid Envy,遠古液態忌妒（远古液化嫉妒）,zh-CN
Ancient Liquid Paranoia,遠古液態偏執（远古液化偏执）,zh-CN
Ancient Mail,遠古鎖甲（远古链甲）,zh-CN
Ancient Mitts,遠古長手套（远古护手）,zh-CN
Ancient Modifiers,远古词缀,zh-CN
Ancient Potent Liquid Contempt,遠古增幅液態怨恨（远古强效的液化轻蔑）,zh-CN
Ancient Potent Liquid Ferocity,遠古增幅液態蔑視（远古强效的液化凶残）,zh-CN
Ancient Potent Liquid Melancholy,遠古增幅液態憂鬱（远古强效的液化悲哀）,zh-CN
Ancient Rib,古老的肋骨（远古肋骨）,zh-CN
Ancient Rune of Animosity,遠古敵意符文（憎恨之远古符文）,zh-CN
Ancient Rune of Control,遠古控制符文（操控之远古符文）,zh-CN
Ancient Rune of Decay,遠古腐朽符文（腐朽之远古符文）,zh-CN
Ancient Rune of Detonation,遠古引爆符文（引爆之远古符文）,zh-CN
Ancient Rune of Discovery,遠古探索符文（披露之远古符文）,zh-CN
Ancient Rune of Dueling,遠古決鬥符文（决斗之远古符文）,zh-CN
Ancient Rune of Prowess,遠古卓越符文（英勇之远古符文）,zh-CN
Ancient Rune of Retaliation,遠古復仇符文（报复之远古符文）,zh-CN
Ancient Rune of Shattering,遠古粉碎符文（碎离之远古符文）,zh-CN
Ancient Rune of Splinters,遠古分裂符文（碎片之远古符文）,zh-CN
Ancient Rune of Witchcraft,遠古巫術符文（巫术之远古符文）,zh-CN
Ancient Rune of the Horde,遠古部族符文（部落之远古符文）,zh-CN
Ancient Rune of the Titan,遠古泰坦符文（泰坦之远古符文）,zh-CN
Ancient Visor,遠古護面盔（远古面甲）,zh-CN
Andvarius,贪欲之记,zh-CN
Anger Management,憤怒管理（怒火统御）,zh-CN
Animus Exchange,意志轉換（命源交换）,zh-CN
Animus Splinters,意志斷片（命源碎片）,zh-CN
Anomaly Map,异常地图,zh-CN
Answered Call,先祖之引（呼求回应）,zh-CN
Anticipation,秘术预知,zh-CN
Antidote Charm,解毒護符（抗毒咒符）,zh-CN
Antler Focus,靈鹿法器,zh-CN
"Anundr, the Sandworm",沙蟲．艾能德（阿农德，沙虫）,zh-CN
Anvil Maul,鐵砧重錘（铁砧巨锤）,zh-CN
Anvil's Weight,沉砧之勢（铁砧的重量）,zh-CN
AoE,範圍效果（效果区域）,zh-CN
Apep's Supremacy,艾普霸權（艾普的霸权）,zh-CN
Apex Predators,頂尖掠食者（巅峰掠食者）,zh-CN
Apex of the Moment,巅峰时刻,zh-CN
Apocalypse,壞滅災變（天启）,zh-CN
Apostle Leggings,使徒护腿,zh-CN
Apron of Emiran,埃米蘭之裙（艾米兰的兜裙）,zh-CN
Arakaali's Gift,艾爾卡莉的贈禮（阿拉卡力的礼物）,zh-CN
Arakaali's Lust,艾爾卡莉之慾（阿拉卡力的欲望）,zh-CN
Arbiter's Ignition,仲裁者的燃灼（仲裁官的点燃）,zh-CN
Arbiter's Reach,仲裁者的延伸（仲裁官之握）,zh-CN
Arc,电弧,zh-CN
Arcane Alchemy,秘能鍊金術（秘术炼金）,zh-CN
Arcane Ascension,秘术升华,zh-CN
Arcane Blossom,秘能之花（秘术绽放）,zh-CN
Arcane Dirk,奧術短刀（秘术短匕）,zh-CN
Arcane Intensity,秘能強化（秘术激荡）,zh-CN
Arcane Mixtures,秘能混合物（秘术灵药）,zh-CN
Arcane Nature,奧術本質（秘术自然）,zh-CN
Arcane Possession,奧法附身（奥术附身）,zh-CN
Arcane Remnants,秘術痕跡（秘术残片）,zh-CN
Arcane Rune,奧術符文,zh-CN
Arcane Surge,秘能波動（秘术增强）,zh-CN
Arcanist's Etcher,奧術蝕刻師（奥术师的铭刻）,zh-CN
Arced Longsword,弧形長劍（弧刃长剑）,zh-CN
Archaeological Interest,考古價值（考古兴趣）,zh-CN
Arched Greataxe,拱形巨斧（弧刃大斧）,zh-CN
Architect's Orb,策匠石（建筑师宝珠）,zh-CN
Archmage,大法师,zh-CN
Archnemesis Mods,宿敵詞綴（罪恶枷锁词缀）,zh-CN
Archon Buff,統治者增益效果（执政官增益状态）,zh-CN
Archon of Chayula,夏烏拉統治者（夏乌拉执政官）,zh-CN
Archon of Undeath,亡靈統治者（亡灵执政官）,zh-CN
Archon of the Blizzard,暴風雪御法者（暴雪执政官）,zh-CN
Archon of the Storm,風暴統治者（风暴执政官）,zh-CN
Arcing Quarterstaff,電弧細杖（弧影节杖）,zh-CN
Arctic Armour,极地装甲,zh-CN
Arctic Howl,極地狂嚎（极地战嚎）,zh-CN
Are you sure you want to do that?,你確定要那樣做嗎？（你确定你想这么做？）,zh-CN
Area of Effect Skills,範圍效果技能（效果区域技能）,zh-CN
Arid Plains,旱原（干渴荒漠）,zh-CN
Arid Stability,乾旱穩定性（乏味稳定）,zh-CN
Arjun's Medal,亞瓊的獎章（阿尔琼的勋章）,zh-CN
Armaments of Evil,邪惡軍備（邪恶武装）,zh-CN
Armour,护甲,zh-CN
Armour Break,護甲破壞（护甲破损）,zh-CN
Armour Break I,護甲破壞 I（护甲破损 I）,zh-CN
Armour Break II,護甲破壞 II（护甲破损 II）,zh-CN
Armour Break III,護甲破壞 III（护甲破损 III）,zh-CN
Armour Break below 0,破甲低於 0（低于 0 时的护甲破损）,zh-CN
Armour Breaker,護甲碎擊（摧甲重击）,zh-CN
Armour Demolisher I,护甲破坏者 I,zh-CN
Armour Demolisher II,护甲破坏者 II,zh-CN
Armour Explosion,护甲爆破,zh-CN
Armour Movement Penalties,护甲移动惩罚,zh-CN
Armour Piercing Rounds,穿甲彈藥（贯甲弹药）,zh-CN
Armoured,裝甲的（重甲）,zh-CN
Armoured Cap,裝甲便帽（覆甲帽）,zh-CN
Armoured Shields,裝甲護盾（护甲盾牌）,zh-CN
Armoured Vest,裝甲背心（铠装背心）,zh-CN
Armourer's Scrap,护甲片,zh-CN
Arms Length,伸手可及（一臂之隔）,zh-CN
Array Buckler,排列輕盾（阵列轻盾）,zh-CN
Arrayed Focus,陣列法器（排列法器）,zh-CN
Arsonist,縱火者（纵火狂）,zh-CN
Artificer's Orb,巧匠石,zh-CN
Artificer's Shard,工匠碎片（巧匠石碎片）,zh-CN
Artillery Ballista,火砲砲塔（火力弩炮）,zh-CN
Artillery Bow,砲火弓（轰击弓）,zh-CN
Artillery Strike,砲火打擊（炮击）,zh-CN
Arvil's Wheel,阿瓦爾之輪（阿维尔之轮）,zh-CN
As the Whispers Demand,正如低語所求（如低语所愿）,zh-CN
Ascendancy,昇華職業,zh-CN
Ascendancy Points,昇華天賦點數（升华点数）,zh-CN
Ascetic Garb,苦行者裝束（苦修束衣）,zh-CN
Asceticism,禁慾主義（清心寡欲）,zh-CN
"Ashar, the Sand Mother",流沙之母．艾夏（阿莎尔，流沙主母）,zh-CN
Ashbark Talisman,燼木魔符（灰烬树皮魔符）,zh-CN
Ashen Staff,灰燼長杖（枯灰长杖）,zh-CN
Ashrend,拂烬,zh-CN
"Asinia, the Praetor's Consort",政務官配偶．阿席妮雅（阿辛妮娅，执政官的伴侣）,zh-CN
Asphyxia's Wrath,冰灵之吼,zh-CN
Aspiring Genius,野心天才（壮志奇才）,zh-CN
Assailum,刺殺（千里狙敌）,zh-CN
Assassin Garb,刺客裝束（暗影束衣）,zh-CN
Astral Projection,星空投影（星界投射）,zh-CN
Astramentis,均衡之符,zh-CN
Astrid's Creativity,阿斯垂德的創造（阿斯特丽德的创造）,zh-CN
At your Command,任你指揮（悉听遵命）,zh-CN
Atalui's Bloodletting,阿特路伊的出血（阿图鲁伊的放血术）,zh-CN
Atlas,輿圖,zh-CN
Atlas Passive,輿圖天賦,zh-CN
Atlas Upgrade Items,輿圖升級道具（异界升级物品）,zh-CN
Atmohua's Soul Core of Retreat,艾特瑪哈的撤退靈魂核心（阿特莫瓦的退却灵核）,zh-CN
Atop the World,世界之巅,zh-CN
Atsak's Sight,阿札克之瞳（阿萨克的凝视）,zh-CN
Attacks,攻击,zh-CN
Attributes,能力（属性）,zh-CN
Attrition,損耗（持久鏖战）,zh-CN
Attuned Wand,調和法杖（调谐法杖）,zh-CN
Atziri's Acuity,阿兹里的捷思,zh-CN
Atziri's Allure,阿兹里的魅惑,zh-CN
Atziri's Assets,阿茲里的資產（阿兹里资产）,zh-CN
Atziri's Call,阿兹里的呼唤,zh-CN
Atziri's Communion,阿茲里的共融（阿兹里的圣礼）,zh-CN
Atziri's Contempt,阿茲里的輕視（阿兹里的蔑视）,zh-CN
Atziri's Disdain,阿茲里的蔑視,zh-CN
Atziri's Impatience,阿茲里的不耐（阿兹里的焦躁）,zh-CN
Atziri's Rule,阿茲里的統御（阿兹里的统治）,zh-CN
Atziri's Soul Core of Alacrity,阿茲里的敏捷靈魂核心,zh-CN
Atziri's Soul Core of Devotion,阿茲里的奉獻靈魂核心,zh-CN
Atziri's Soul Core of Inoculation,阿茲里的免疫靈魂核心,zh-CN
Atziri's Soul Core of Vitality,阿茲里的活力靈魂核心,zh-CN
Atziri's Splendour,阿兹里的威权,zh-CN
Atziri's Step,阿兹里的金履,zh-CN
Atziri's Temple,阿茲里的神廟,zh-CN
"Atziri, the Red Queen",豔紅女王．阿茲里,zh-CN
Augment,增幅（增幅器）,zh-CN
Augmented Effigies,拼接假象（强化雕像）,zh-CN
Augmented Flesh,增幅血肉,zh-CN
Augury,预兆之地,zh-CN
Auras,光环,zh-CN
"Aurelian, the Grand Adjudicator",大裁決者．奧瑞利安（奥瑞利安，大裁决者）,zh-CN
Aurseize,富贵之运,zh-CN
Austere Garb,樸素裝束（简朴束衣）,zh-CN
Authority,权威,zh-CN
Auto Reload,自动装填,zh-CN
Automaton Studies,機甲研究（神兵之学）,zh-CN
Avatar of Evolution,演化化身（进化具象）,zh-CN
Avatar of Fire,火之化身,zh-CN
"Avelyne, the Withered Rose",凋零玫瑰．艾維琳（艾芙琳，凋零玫瑰）,zh-CN
Avian Mask,飛羽之面（飞羽面具）,zh-CN
Avian Robe,飞羽长袍,zh-CN
Avian Targe,飞羽圆盾,zh-CN
Avian Tiara,飛羽頭冠（飞羽冠冕）,zh-CN
Avidity,貪慾（热望）,zh-CN
Avoiding Deflection,避免偏斜（规避偏转）,zh-CN
Axe Slash,斧鉞斬（斧挥砍）,zh-CN
Axes,斧（斧类）,zh-CN
Axiom Warden,典獄長格言（公义卫士）,zh-CN
"Azarian, the Forsaken Son",遺忘之子．阿薩里恩（阿扎瑞安，忘却之子）,zh-CN
Azcapa's Medallion,阿茲卡帕聖徽（阿兹卡帕的纹章）,zh-CN
"Azmadi, the Faridun Prince",阿兹马迪，法里顿王子,zh-CN
Azmeri Brew,阿茲莫里之酒（阿兹莫里调制）,zh-CN
Azmeri Reliquary Key,阿茲莫里的寶庫鑰匙（阿兹莫里圣物厅钥匙）,zh-CN
Azmeri Spirit,阿茲莫里魂靈（阿兹莫里之灵）,zh-CN
Azmerian Ranges,阿茲莫里山脈（阿兹莫里山区）,zh-CN
Azmerian Swarms,阿茲莫里群落（阿兹莫里虫群）,zh-CN
Azmerian Wolf,阿兹莫里巨狼,zh-CN
Azure Amulet,蒼藍項鍊（碧蓝项链）,zh-CN
Back in Action,重返戰鬥（重返战阵）,zh-CN
Backstabbing,背刺（偷袭）,zh-CN
Backup Plan,備案（后备方案）,zh-CN
Backwash,餘波（逆流水道）,zh-CN
"Bahlak, the Sky Seer",天空先知．巴拉克（巴赫拉克，苍穹先知）,zh-CN
Balance of Power,力量平衡,zh-CN
"Balbala, the Traitor",叛徒．芭芭拉（叛徒贝尔巴拉）,zh-CN
Baleful Augmentation,險惡增幅（惊悚增幅）,zh-CN
Ball Lightning,天雷之珠,zh-CN
Ball and Chain,球和鎖鏈（链球强袭）,zh-CN
Ballista Totems,砲塔圖騰（弩炮图腾）,zh-CN
Bandage Wraps,绷带裹手,zh-CN
Banded Wombgift,捆扎之胎贈（束带孕育赠礼）,zh-CN
Bandit Hatchet,強盜斧（盗匪手斧）,zh-CN
Bandit Mace,盜賊之錘（强盗之锤）,zh-CN
Bandit Mask,盜賊之面（盗贼面具）,zh-CN
Bangled Sandals,鐲子便鞋（手镯鞋履）,zh-CN
Banishing Flame,驅逐烈焰（放逐烈焰）,zh-CN
Banner,旗帜,zh-CN
Banner Skills,鬥旗技能（旗帜技能）,zh-CN
Bannerman,掌旗手（旗手）,zh-CN
Barbarian Plate,野蠻人鎧甲（野蛮人战铠）,zh-CN
Barbaric Strength,野蠻力量（蛮族之力）,zh-CN
Barbarous Quarterstaff,野蠻細杖（蛮族节杖）,zh-CN
Barbed Allegiance,带刺忠诚,zh-CN
Barbed Bracers,鉤刺護腕（倒刺护腕）,zh-CN
Barbed Spear,鉤刺長矛（倒刺长矛）,zh-CN
Barbs I,倒刺 I（荆棘倒刺 I）,zh-CN
Barbs II,倒刺 II（荆棘倒刺 II）,zh-CN
Barbs III,倒刺 III（荆棘倒刺 III）,zh-CN
Bardiyan Craftsmanship,吟遊匠人（巴迪亚工艺）,zh-CN
Barkskin,木質外膚（树肤术）,zh-CN
Baroque Gloves,巴洛克手套,zh-CN
Baroque Targe,巴洛克圆盾,zh-CN
Barrage,弹幕,zh-CN
Barren Atoll,贫瘠环礁,zh-CN
Barricade Tower Shield,障壁塔盾,zh-CN
Barrier Invocation,屏障祈願（屏障咒言）,zh-CN
Barrier Quarterstaff,屏障細杖（护身节杖）,zh-CN
Barrier of Venarius,維納利斯之障（维纳留斯壁垒）,zh-CN
Barya of Kelari,克拉里的巨靈之幣（凯拉里之巴雅）,zh-CN
Barya of Navira,納維拉的巨靈之幣（纳薇拉之巴雅）,zh-CN
Barya of Ruzhan,魯兹安的巨靈之幣（鲁詹之巴雅）,zh-CN
Baryanic Leylines,巴雅地脉,zh-CN
Base Skill Attack Time,技能基礎攻擊時間（基础技能攻击时间）,zh-CN
Base Type,基底（基底类型）,zh-CN
Bashing Beast,猛擊野獸（猛兽重击）,zh-CN
Basic Jewel,基礎珠寶（基本珠宝）,zh-CN
Basic Maps,基础地图,zh-CN
Basic Strongbox,基础保险箱,zh-CN
Bastille,堡壘（幽闭监牢）,zh-CN
Bastion Sabatons,堅堡鎧靴（坚城壁垒战靴）,zh-CN
Bastion of Light,光明壁壘（光明堡垒）,zh-CN
Battershout,猛擊吶喊（震撼战吼）,zh-CN
Battle Axe,戰斧（鏖战之斧）,zh-CN
Battle Fever,战斗狂热,zh-CN
Battle Pick,戰鬥鎬（战镐）,zh-CN
Battle Trance,战斗迷神,zh-CN
Battle-hardened,历战老兵,zh-CN
Bazaar,喧鬧集市（集市）,zh-CN
Beacon of Azis,阿基斯的信標（阿吉斯的道标）,zh-CN
Beaded Circlet,串珠頭環（珠饰头冠）,zh-CN
Bear,熊,zh-CN
Bear Form,巨熊型態（巨熊形态）,zh-CN
Bear Idol,巨熊魔偶（巨熊雕像）,zh-CN
Bear's Roar,熊之咆吼（熊之怒吼）,zh-CN
Bearded Axe,鉤刺斧（钩刃斧）,zh-CN
Bearskin Mantle,熊皮披肩（熊皮斗篷）,zh-CN
Beastial Skin,野獸皮膚（猛兽之肤）,zh-CN
Beaten to a Pulp,打成肉泥（打成纸浆）,zh-CN
Become Hollow,聖化（化身虚空）,zh-CN
Beef,壮汉,zh-CN
Beetlebite,甲蟲噬咬（甲虫之口）,zh-CN
Befit the Challenge,勝任挑戰（顺应挑战）,zh-CN
Behead I,斩首 I,zh-CN
Behead II,斩首 II,zh-CN
Behemoth,巨獸,zh-CN
Beidat's Gaze,貝達特之視（贝达特的凝视）,zh-CN
Beidat's Hand,贝达特之手,zh-CN
Beidat's Will,貝達意志（贝达特的意志）,zh-CN
Beira of the Rotten Pack,腐敗獸群．貝伊拉（腐败兽群的贝拉）,zh-CN
Beira's Anguish,貝伊拉的悲痛（贝拉的苦楚）,zh-CN
Belly of the Beast,兽腹,zh-CN
Belt Womb,腰帶母胎（腰带孕育槽位）,zh-CN
Belts,腰带,zh-CN
"Benedictus, First Herald of Utopia",烏托邦的第一使者．本篤特斯（本尼迪克图斯，乌托邦首席使徒）,zh-CN
Berek's Grip,贝雷克的冰与雷之曲,zh-CN
Berek's Pass,贝雷克的冰与火之歌,zh-CN
Berek's Respite,贝雷克的火与雷之乐,zh-CN
Berserk,狂戰（盛怒）,zh-CN
Bestial Rage,野獸狂怒（兽性怒火）,zh-CN
Betrayal of Aldur,阿德爾的背叛（奥杜尔之背叛）,zh-CN
Between Sand and Sea,山海之間（沙海之间）,zh-CN
Between Two Worlds,介於兩界（双界的间隙）,zh-CN
Beyond Death,超越死亡,zh-CN
Beyond Reach,無法到達（望而不及）,zh-CN
Beyond the Body,肉身之外（超越肉体）,zh-CN
Bhatair's Storm,瓦特爾的風暴（巴蒂尔的风暴）,zh-CN
Bhatair's Vengeance,瓦特爾的復仇（巴蒂尔的复仇）,zh-CN
Bidding I,出價 I（奉命 I）,zh-CN
Bidding II,出價 II（奉命 II）,zh-CN
Bidding III,出價 III（奉命 III）,zh-CN
Bifurcated Critical Hits,分岔暴擊（分叉暴击）,zh-CN
Bijouborne,寶石之源（珠宝承载者）,zh-CN
Bind Spectre,束縛幽魂（束缚灵体）,zh-CN
Binding Chains,束縛連鎖（束缚之链）,zh-CN
Biome,生物群系（地貌）,zh-CN
Biostatic Ring,恆生之戒（生息戒指）,zh-CN
Birth of Fury,憤怒的誕生（怒火降生）,zh-CN
Birthright Buckle,天生權利扣環（天赋扣带）,zh-CN
Biting Frost,寒霜噬咬（刺骨寒意）,zh-CN
Biting Frost I,刺骨冰霜I（刺骨寒意 I）,zh-CN
Biting Frost II,刺骨冰霜II（刺骨寒意 II）,zh-CN
Bitter Dead,苦澀衰亡（苦涩死亡）,zh-CN
Bitterbloom,苦心花（苦涩之花）,zh-CN
Black Powder Blitz,火藥疾行（黑火药闪击）,zh-CN
Black Scythe Artifact,黑暗血鐮文物（黑镰神器）,zh-CN
Black Scythe Training,黑暗血鐮訓練（黑镰的训练）,zh-CN
Black Sun Crest,黑阳之冠,zh-CN
Blackbraid,黑辮（黑髻）,zh-CN
Blackened Heart,黑化之心,zh-CN
Blackfire Crossbow,黑火十字弓（黯焰战弩）,zh-CN
Blackflame,黯炎（黑焰）,zh-CN
Blackflame Covenant,黯炎盟約（黑焰血誓）,zh-CN
Blackgleam,黑炎之芒,zh-CN
Blackheart,幽暗之语,zh-CN
"Blackjaw, the Remnant",遺忘的黑顎（遗世的黑颚）,zh-CN
Blacksmith Maul,鐵匠重錘（锻造巨锤）,zh-CN
Blacksmith's Whetstone,磨刀石,zh-CN
Blacksteel Crest Shield,烏鋼紋章盾（黑钢纹章盾）,zh-CN
Blacksteel Gauntlets,烏鐵護手（黑钢手甲）,zh-CN
Blacksteel Sabatons,烏鋼鎧靴（黑钢战靴）,zh-CN
Blacksteel Tower Shield,黑钢塔盾,zh-CN
Blade Catcher,捕刃者（空手入白刃）,zh-CN
Blade Flurry,刀鋒亂舞（刀刃乱舞）,zh-CN
Bladed Quarterstaff,帶刃細杖（锋刃节杖）,zh-CN
Bladeguard Buckler,刃衛輕盾（刀刃守护轻盾）,zh-CN
Blasphemy,渎神,zh-CN
Blazing Arms,炽焰武臂（怒火武装）,zh-CN
Blazing Critical,燃焰暴擊（炽烈绝杀）,zh-CN
Blazing Flux,烈火熔劑（炽焰溶剂）,zh-CN
Blazon Crest Shield,家徽紋章盾（饰印纹章盾）,zh-CN
Bleached Shoals,白化淺灘（褪色浅滩）,zh-CN
Bleak Crossbow,無情十字弓（刺骨战弩）,zh-CN
Bleed I,流血 I,zh-CN
Bleed II,流血 II,zh-CN
Bleed III,流血 III,zh-CN
Bleed IV,流血 IV,zh-CN
Bleeding,流血,zh-CN
Bleeding Concoction,流血混合物（创伤灵药）,zh-CN
Bleeding Out,出血致死,zh-CN
Blessed Claymore,祝福大劍（蒙福大剑）,zh-CN
Blessing of the Moon,月之祝福（月之赐福）,zh-CN
Blessing of the Source,根源祝福（源之祝福）,zh-CN
Blight Stash Tab,凋落倉庫頁,zh-CN
Blind,致盲,zh-CN
Blind I,致盲 I,zh-CN
Blind II,致盲 II,zh-CN
Blinding Flash,致盲閃光（夺目眩光）,zh-CN
Blinding Strike,致盲打击,zh-CN
Blindside,偷襲（盲点）,zh-CN
Blink,闪现,zh-CN
Blistering Bond,極熱護環（沸腾桎梏）,zh-CN
Block,格挡,zh-CN
Blood Barbs,鮮血荊棘（赤红刀锋）,zh-CN
Blood Boil,鮮血沸騰（血沸）,zh-CN
Blood Hunt,鮮血狩獵（猎血寻腥）,zh-CN
Blood Loss,失血,zh-CN
Blood Mage,血法師（命源法师）,zh-CN
Blood Magic,祭血术,zh-CN
Blood Price,血償（血债）,zh-CN
Blood Rush,鮮血狂襲（血脉贲张）,zh-CN
Blood Tearing,撕裂血肉（崩裂血脉）,zh-CN
Blood Transfusion,鮮血傳輸（鲜血输注）,zh-CN
Blood of Rage,狂怒之血（怒火之血）,zh-CN
Blood of the Warrior,战士之血,zh-CN
Blood of the Wolf,惡狼之血（巨狼之血）,zh-CN
Blood on the Stones,石上之血（石上鲜血）,zh-CN
Blood-Quenched Bulwark,抑血壁壘（血淬壁垒）,zh-CN
Bloodbarrier,鮮血屏障（血垒障壁）,zh-CN
Bloodhound's Mark,鮮血獵犬印記（血犬印记）,zh-CN
Bloodless,不流血者（无血之躯）,zh-CN
Bloodletting,滲血（放血）,zh-CN
Bloodletting Dagger,出血匕首（放血匕首）,zh-CN
Bloodletting Rune,出血符文,zh-CN
Bloodlust,嗜血（血怒）,zh-CN
Bloodrite Vestments,血儀法衣（血祭法衣）,zh-CN
Bloodstained,血漬（血痕）,zh-CN
Bloodstone Amulet,血石項鍊（血岩项链）,zh-CN
Bloodthirsty,嗜血的（渴饮）,zh-CN
Bloodwood,血林（赤染危林）,zh-CN
Bloody Flowers' Rebellion,太腥花之亂（猛烈开花）,zh-CN
Bloody Savagery,血腥殘暴（残酷的暴行）,zh-CN
Blooming Field,盛放田野（兴荣原野）,zh-CN
Blue Flames of Chayula,夏烏拉之藍炎（蓝色夏乌拉之焰）,zh-CN
Blueflame Bracers,蓝焰护腕,zh-CN
Blueprints,蓝图,zh-CN
Bluff,絕壁（峭壁）,zh-CN
Blunt Arrows,重擊箭（钝击箭）,zh-CN
Blunt Quiver,鈍箭袋（钝矢箭袋）,zh-CN
Blur,模糊（模糊身影）,zh-CN
Blurred Motion,無影行蹤（飞身残影）,zh-CN
Boar Idol,野豬魔偶（野猪雕像）,zh-CN
Boarding Hatchet,登船斧（跳帮手斧）,zh-CN
Body Armours,胸甲,zh-CN
Body Rune,肉體符文（身躯符文）,zh-CN
Bolstered Mitts,加固長手套（增固护手）,zh-CN
Bolstering Presence,振奮光環（振奋气场）,zh-CN
Bolstering Yell,壯膽咆哮（振奋呐喊）,zh-CN
Bolting Quarterstaff,雷霆細杖（霹雳节杖）,zh-CN
Bombard Crossbow,轟擊十字弓（轰炸战弩）,zh-CN
Bombardier,投弹手,zh-CN
Bond Rune,羈絆符文,zh-CN
Bond of the Ape,猿猴之羈絆（狂猿之契）,zh-CN
Bond of the Cat,靈貓之羈絆（捷豹之契）,zh-CN
Bond of the Mamba,曼巴之羈絆（眼镜蛇之契）,zh-CN
Bond of the Owl,鴞之羈絆（猫头鹰之契）,zh-CN
Bond of the Viper,毒蛇之羈絆（毒蛇之契）,zh-CN
Bond of the Wolf,狼之羈絆（巨狼之契）,zh-CN
Bonded Modifiers,命定詞綴（绑定词缀）,zh-CN
Bonded Precision,契合精準（羁绊精准）,zh-CN
Bone Blast,骨之爆破（针刺爆发）,zh-CN
Bone Cage,骨牢（画地为牢）,zh-CN
Bone Chains,骸骨連鎖（白骨锁链）,zh-CN
Bone Offering,骸骨奉獻（装甲奉献）,zh-CN
Bone Raiment,骸骨之衣（坠饰之衣）,zh-CN
Bone Shrapnel,骨片（钙质碎片）,zh-CN
Bone Wand,骸骨法杖（钙石法杖）,zh-CN
Bones of Ullr,烏勒爾之骨（灵骸之履）,zh-CN
Boneshatter,碎骨（七伤破）,zh-CN
Boneshedder,骸骨削切（脱骨者）,zh-CN
Bonestorm,骸骨風暴（尖刺风暴）,zh-CN
Bonus Reward,额外奖励,zh-CN
Boon of the Beast,野獸之賜（野兽恩泽）,zh-CN
Boons,恩惠（恩赐）,zh-CN
Boots,鞋子,zh-CN
Born of Middengard,密登加德之裔（源自米登加德）,zh-CN
Boss of the Bog,沼澤霸主（沼泽之主）,zh-CN
Bound Boots,綑綁長靴（缚革长靴）,zh-CN
Bound Bracers,緊縛護腕（缚革护腕）,zh-CN
Bound Cuffs,綑綁腕帶（缚革袖带）,zh-CN
Bound Leggings,綑綁護腿（缚革绑腿）,zh-CN
Bound Sandals,綑綁便鞋（缚革鞋履）,zh-CN
Boundless Energy I,無盡能量 I（无边能量 I）,zh-CN
Boundless Energy II,無盡能量 II（无边能量 II）,zh-CN
Boundless Growth,無限生長,zh-CN
Bountiful Bloodlines,富足血統（富饶的血脉）,zh-CN
Bounty Hunter,赏金猎人,zh-CN
Bounty I,寶物 I（丰饶 I）,zh-CN
Bounty II,懸賞 II（丰饶 II）,zh-CN
Bounty of the Fields,田野餽贈（田野馈赠）,zh-CN
Bow Shot,弓箭射擊（弓射击）,zh-CN
Bows,弓（弓类）,zh-CN
Braced Sabatons,加固鎧靴（加固战靴）,zh-CN
Braced Tower Shield,加固塔盾,zh-CN
Braided Cuffs,編織腕帶（编织袖带）,zh-CN
Brain Freeze,凍凍腦（脑部冻结）,zh-CN
Brain Rattler,脑乱者,zh-CN
Brain Storm,头脑风暴,zh-CN
"Brakka, the Withered Crone",凋零老嫗．布拉卡（芭卡拉，凋零老妪）,zh-CN
"Brakkus, the Juggernaut",勇士．布拉克斯（布拉库斯，主宰者）,zh-CN
Bramblejack,刺棘宝甲,zh-CN
Brambleslam,荊棘猛擊（遍地荆棘）,zh-CN
Branched Spear,分支長矛（分叉战矛）,zh-CN
Branching Bolts,分叉弩箭（分叉闪电）,zh-CN
Branching Fissures I,分岔裂縫 I（分叉裂缝 I）,zh-CN
Branching Fissures II,分岔裂縫 II（分叉裂缝 II）,zh-CN
Branded With Hexes,邪術烙印（诅咒烙印）,zh-CN
Bravado,雙刃之力（逞勇之姿）,zh-CN
Breach,裂痕（裂隙）,zh-CN
Breach Ring,裂痕戒指（裂隙戒指）,zh-CN
Breach Splinter,裂痕斷片（裂隙碎片）,zh-CN
Breach Stash Tab,裂痕倉庫頁,zh-CN
Breach Tablet,裂痕碑牌（裂隙石板）,zh-CN
Breachlord Sac,裂痕領主囊腫（裂隙领主圣器）,zh-CN
Breachlord's Amalgam,裂痕領主的融合（裂隙领主的融合体）,zh-CN
Breachlord's Rift,裂痕領主的裂隙（裂隙领主的分歧）,zh-CN
Breachstone Womb,裂痕石母胎（裂隙石孕育槽位）,zh-CN
Breachstones,裂痕石（裂隙石）,zh-CN
Break Endurance,打破忍耐（崩解耐力）,zh-CN
Break Posture,破壞姿態（摧垮架势）,zh-CN
Breakage,破裂（破甲）,zh-CN
Breaking Blows,粉碎之擊（破灭强击）,zh-CN
Breaking Point,臨界點（断裂点）,zh-CN
Breaks Armour,破壞護甲值（粉碎护甲）,zh-CN
Breath of Aldur,阿德爾的吐息（奥杜尔之呼吸）,zh-CN
Breath of Fire,火焰之息,zh-CN
Breath of Ice,寒冰之息,zh-CN
Breath of Lightning,闪电之息,zh-CN
Breath of the Mountains,山地之息（群山之息）,zh-CN
Breeding Program,育種計畫（繁育计划）,zh-CN
Brew Concoction,酿造灵药,zh-CN
Briarpatch,荊棘叢（荆刺之缚）,zh-CN
Brigand Mace,強盜之錘,zh-CN
Brigand Mask,強盜之面（强盗面具）,zh-CN
Brimmed Helm,邊緣之盔（宽沿之盔）,zh-CN
Brinerot Ferocity,海盜兇殘（苦咸之凶）,zh-CN
Bring Forth the Unseen,喚出隱匿之物（召来未见之物）,zh-CN
Bring Me Your Leader,叫領頭的來（我要见你们的头）,zh-CN
Bringer of Flame,火焰呼喚者（烈焰使者）,zh-CN
Bringer of Order,秩序使者,zh-CN
Bringer of the Apocalypse,災厄信使（天启使者）,zh-CN
Brink I,邊緣 I（崩溃边缘 I）,zh-CN
Brink II,邊緣 II（崩溃边缘 II）,zh-CN
Briny Carapace,鹹水甲殼（咸潮背甲）,zh-CN
Briskwrap,荒途,zh-CN
Bristleboar,鬃豬（棘体猪肤）,zh-CN
Brittle,易碎,zh-CN
Brittle Armour,易碎鎧甲（脆弱护甲）,zh-CN
Broad Greatsword,阔刃巨剑,zh-CN
Broad Spear,闊刃長矛（宽首长矛）,zh-CN
Broadhead Quiver,寬頭箭袋（宽矢箭袋）,zh-CN
Broadsword,阔剑,zh-CN
Broken Boss Faces,打爛頭目的臉（破碎首领之面）,zh-CN
Broken Circle Artifact,破碎之環文物（裂环神器）,zh-CN
Broken Stance,卸防姿態（破碎姿态）,zh-CN
Bronze Greaves,青铜胫甲,zh-CN
Bronzebeard,銅鬚（青铜须髯）,zh-CN
"Brughor, the Insatiable",無饜者．布魯高（布拉霍尔，贪噬者）,zh-CN
Brush Off,輕易擺脫（拂扫）,zh-CN
Brutal,殘忍（凶残）,zh-CN
Brutal Execution,殘暴行動（残暴处决）,zh-CN
Brutality I,野性残暴 I,zh-CN
Brutality II,野性残暴 II,zh-CN
Brutality III,野性残暴 III,zh-CN
Brute Strength,蛮力,zh-CN
Brutus' Brain,布魯特斯的腦（布鲁特斯之脑）,zh-CN
Brutus' Lead Sprinkler,布鲁特斯的刑具,zh-CN
Brynhand's Mark,布林漢的印記（布琳翰德印记）,zh-CN
Buckled Wraps,帶扣裹手（扣带裹手）,zh-CN
Bucklers,轻盾,zh-CN
Buff,增益,zh-CN
Buff/Debuff Effect,增益/减益效果,zh-CN
Buff/Debuff Magnitude,增益效果／減益效果幅度（增益/减益状态强度）,zh-CN
Buffs,增益效果（增益）,zh-CN
Build Planner,流派規劃器,zh-CN
Building Toxins,蓄積毒素（积聚毒素）,zh-CN
Bullseye,靶心（正中靶心）,zh-CN
Bulwark,壁垒,zh-CN
Bulwark Greaves,壁壘脛甲（堡垒胫甲）,zh-CN
Bulwark Tower Shield,守護塔盾（堡垒塔盾）,zh-CN
Burgeon I,萌發 I（迅猛增幅 I）,zh-CN
Burgeon II,萌發 II（迅猛增幅 II）,zh-CN
Burial Bog,埋葬沼澤（沉沦深沼）,zh-CN
Buried Alive,活埋,zh-CN
Buried Ambition,深埋野心（定时引爆）,zh-CN
Buried Animosity,埋葬憎惡（深埋怨恨）,zh-CN
Burn Away,焚燒殆盡（焚灭）,zh-CN
Burn the Harvest,燃燒豐收（焚毁收成）,zh-CN
Burning,燃烧,zh-CN
Burning Inscription,爆燃銘文（燃烧铭文）,zh-CN
Burning Nature,燃燒之性（性如烈火）,zh-CN
Burning Strikes,灼熱打擊（燃烧打击）,zh-CN
Burnished Gauntlets,拋光護手（冷芒手甲）,zh-CN
Burnout,燃盡（焚尽）,zh-CN
Burst of Energy,能量爆湧（能量爆发）,zh-CN
Bursting Decay,爆發腐蝕（腐朽迸发）,zh-CN
Bursting Fen Toad,爆發沼地蟾蜍（爆裂沼蟾）,zh-CN
Bursting Plague,爆裂瘟疫（迸发之疫）,zh-CN
Bushwhack,突襲（踏林长靴）,zh-CN
Byrnabas,布萊納巴斯（伯纳巴斯）,zh-CN
Cabalist Helm,秘術師之盔（秘法家头盔）,zh-CN
Cackling Companions,奸笑鬣狗群（鬣狗同伴）,zh-CN
Cacophony,不諧之音（刺耳怒吼）,zh-CN
Cadence,終止（节律）,zh-CN
Cadigan's Epiphany,卡迪根的頓悟（卡迪甘的顿悟）,zh-CN
Cadiro's Gambit,卡迪羅的詭計（卡迪罗的赌局）,zh-CN
"Caedron, the Hyena Lord",土狼領主．凱爾壯（凯德隆，土狼之王）,zh-CN
Caer Tarth,凱爾塔斯（赛尔塔斯）,zh-CN
Calculated Hunter,精算獵者（谋定猎手）,zh-CN
Calculated Investment,精算投資（传奇之战）,zh-CN
Caldera,火山炎口（寂灵之渊）,zh-CN
Calescent Hammer,升温之锤,zh-CN
Calgyra's Arc,凱爾捷拉之弧（凯尔格拉的弧光）,zh-CN
Call Upon the Deep,呼喚深淵（唤于深渊）,zh-CN
Call of the Brotherhood,意志呼唤,zh-CN
Call of the Shadows,暗影呼唤,zh-CN
Call of the Spirit,魂靈呼喚（万灵召唤）,zh-CN
Called Shots,預告射擊（言出箭随）,zh-CN
Calming Devotion,冷靜的奉獻（平静的奉献）,zh-CN
Caltrops,蒺藜（铁蒺藜）,zh-CN
Cambric Wraps,棉布裹手（细麻布裹手）,zh-CN
Canal Hideout,藏身处：运河,zh-CN
Candlemaker,製燭者（塑烛者）,zh-CN
"Candlemass, the Living Rite",存活儀式．燭光（烛火雕像，活化者）,zh-CN
Cannibalism I,食人 I（吞灵 I）,zh-CN
Cannibalism II,食人 II（吞灵 II）,zh-CN
Cannonade Crossbow,砲擊十字弓（轰鸣战弩）,zh-CN
"Cannons, Ready!",砲彈準備好了！（炮兵就位！）,zh-CN
Canyon,炙阳峡谷,zh-CN
Captain Gauntlets,隊長護手（队长手套）,zh-CN
Captain Hartlin,哈特林統帥（哈特林船长）,zh-CN
Captivating Companionship,迷人陪伴（醉人的友谊）,zh-CN
Carapace Catalyst,甲壳催化剂,zh-CN
Careful Aim,細心瞄準（精确瞄准）,zh-CN
Careful Assassin,谨慎的刺客,zh-CN
Careful Consideration,小心翼翼（深谋远虑）,zh-CN
Carnage Heart,屠戮之心,zh-CN
Carrion Call,腐肉呼喚（不洁召唤）,zh-CN
Cartographer's Strongbox,制图师的保险箱,zh-CN
Carved Cunning,雕紋狡詰（雕琢诡诈）,zh-CN
Carved Earth,鑿刻大地（雕琢大地）,zh-CN
Carved Greaves,雕刻脛甲（雕饰胫甲）,zh-CN
Carved Majesty,雕紋威嚴（雕琢威严）,zh-CN
Carved Mischief,雕紋惡戲（雕琢祸心）,zh-CN
Carved Targe,雕刻圓盾（雕纹圆盾）,zh-CN
Carved Tenacity,雕紋堅韌（雕琢坚韧）,zh-CN
Carving Hatchet,雕刻斧（刨肉手斧）,zh-CN
Cascadable Skills,可爆發技能（可扩散技能）,zh-CN
Cascading Storm,極速風暴（地刺风暴）,zh-CN
Cassis Helm,卡賽斯之盔（海螺头盔）,zh-CN
Cast on Block,格挡时施放,zh-CN
Cast on Charm Use,使用護符時施放（使用咒符时施放）,zh-CN
Cast on Critical,暴击时施放,zh-CN
Cast on Death,死亡時施放（被击败时施放）,zh-CN
Cast on Dodge,閃避時施放（躲闪时施放）,zh-CN
Cast on Elemental Ailment,元素异常状态时施放,zh-CN
Cast on Freeze,冰凍時施放（冻结时施放）,zh-CN
Cast on Ignite,点燃时施放,zh-CN
Cast on Melee Kill,近戰擊殺時施放（近战击败时施放）,zh-CN
Cast on Melee Stun,近战击晕时施放,zh-CN
Cast on Minion Death,召喚物死亡時施放（召唤生物死亡时施放）,zh-CN
Cast on Shock,感电时施放,zh-CN
Cast when Damage Taken,受伤时施放,zh-CN
Cast when Stunned,暈眩時施放（被晕眩时施放）,zh-CN
Cast while Channelling,引導時施放（吟唱时施放）,zh-CN
Castaway,漂流者之所（颠沛领域）,zh-CN
Caster Weapons,法術武器（施法武器）,zh-CN
Casting Cascade,連續施法（集联施法）,zh-CN
Cat Idol,靈貓魔偶（灵猫雕像）,zh-CN
Cat O' Nine Tails,九尾貓（九尾灵猫）,zh-CN
Cataclysm's Wake,浩劫覺醒（灾变之后）,zh-CN
Catalysing Elements,催化元素（元素催化）,zh-CN
Catalysis,催化（催化反应）,zh-CN
Catalysts,催化剂,zh-CN
Catapult,投石车,zh-CN
Catha's Brilliance,凱莎的輝煌（卡莎的光辉）,zh-CN
Catharsis,宣洩（泄除）,zh-CN
Catlike Agility,靈貓狡捷（灵豹矫健）,zh-CN
Cautious Concoctions,謹慎調製物（谨慎调和物）,zh-CN
Cavalry Boots,骑兵长靴,zh-CN
Cavalry Bow,骑兵之弓,zh-CN
Celestial Alloy,星界合金（天界合金）,zh-CN
Celestial Rune,眾星符文,zh-CN
Cenotes,天然井（地下暗河）,zh-CN
Ceremonial Ablution,儀式淨身（净罪礼仪）,zh-CN
Ceremonial Halberd,儀式斧槍（祭仪长戟）,zh-CN
Ceremonial Robe,仪式长袍,zh-CN
Chain,连锁,zh-CN
Chain Flail,鎖鏈鏈錘（精索连枷）,zh-CN
Chain I,连锁 I,zh-CN
Chain II,连锁 II,zh-CN
Chain III,连锁 III,zh-CN
Chain Mail,鎖鍊鎖甲（环锁甲）,zh-CN
Chain Tiara,鎖鍊頭冠（锁链冠冕）,zh-CN
Chain Vestments,鎖鏈法衣（链甲长衣）,zh-CN
Chainbreaker,除鏈師（破枷除锁）,zh-CN
Chainsting,鏈鎖之刺（缚链之针）,zh-CN
Chakra of Breathing,呼吸脉轮,zh-CN
Chakra of Elements,元素脉轮,zh-CN
Chakra of Impact,冲击脉轮,zh-CN
Chakra of Life,生命脉轮,zh-CN
Chakra of Rhythm,韵律脉轮,zh-CN
Chakra of Sight,視野脈輪（灵视脉轮）,zh-CN
Chakra of Stability,稳定脉轮,zh-CN
Chakra of Thought,思维脉轮,zh-CN
Challenging Foe,挑戰強敵（棘手劲敌）,zh-CN
Champion Cuirass,冠军胸甲,zh-CN
Champion Helm,勇士之盔（勇士头盔）,zh-CN
Chance Shard,機率碎片（机会石碎片）,zh-CN
Chance can Surpass 100%,滿溢機率（溢出几率）,zh-CN
Chance to Block,格擋機率（格挡几率）,zh-CN
Chance to Freeze,冰凍機率（冻结几率）,zh-CN
Chances in excess of 100%,機率高於 100%（超过 100% 的几率）,zh-CN
Changeling Talisman,變形魔符（易形魔符）,zh-CN
Channel,通道（通水渠道）,zh-CN
Channelled Heritage,引导传承,zh-CN
Channelling,引導（吟唱）,zh-CN
Chaos,混沌,zh-CN
Chaos Attunement,混沌同調（混沌协调）,zh-CN
Chaos Bolt,混沌弩箭（混沌箭）,zh-CN
Chaos Damage,混沌伤害,zh-CN
Chaos Inoculation,异灵之体,zh-CN
Chaos Mastery,混沌专精,zh-CN
Chaos Orb,混沌石,zh-CN
Chaos Resistant,混沌抵抗（混沌抗性）,zh-CN
Chaos Surge,混沌波動（混沌涌动）,zh-CN
Chaotic Freeze,混沌冰凍（混沌冻结）,zh-CN
Charge Profusion I,充能滿盈 I（能量球激增 I）,zh-CN
Charge Profusion II,充能滿盈 II（能量球激增 II）,zh-CN
Charge Regulation,充能調節（能量球调节）,zh-CN
Charged Mark,蓄電印記（充能印记）,zh-CN
Charged Shots I,充能射击 I,zh-CN
Charged Shots II,充能射击 II,zh-CN
Charged Staff,充能長杖（充能杖）,zh-CN
Charges,能量球,zh-CN
Charging Rune,充能符文,zh-CN
Charm Bounty,護符恩惠（咒符恩典）,zh-CN
Charmed Shoes,護符輕鞋（魅力便鞋）,zh-CN
Charms,護符（咒符）,zh-CN
Charred Shortsword,焦黑短劍（焦痕短剑）,zh-CN
Chasm,裂口,zh-CN
Chayula's Catalyst,夏烏拉的催化劑（夏乌拉催化剂）,zh-CN
Chayula's Gift,夏烏拉之禮（夏乌拉之赐）,zh-CN
Checkpoints,记录点,zh-CN
Checkpoints in Maps,地圖檢查點（地图记录点）,zh-CN
Chernobog's Pillar,五芒屏障,zh-CN
"Chetza, the Feathered Plague",羽毛瘟疫．切札（切扎，飞羽灾疫）,zh-CN
Chieftain Cuirass,酋长胸甲,zh-CN
Chill,冰缓,zh-CN
Chilled Ground,冰缓地面,zh-CN
Chilled to the Bone,徹骨（寒霜蚀骨）,zh-CN
Chilling Flux,冰寒熔劑（冰寒溶剂）,zh-CN
Chillproof,禦寒（防冰缓）,zh-CN
Chiming Staff,鳴響長杖（鸣谐长杖）,zh-CN
Chiseled Targe,鑿刻圓盾（镌凿圆盾）,zh-CN
Chitus' Heart,切特斯之心,zh-CN
Chober Chaber,忠诚之锤,zh-CN
Choir of the Storm,暴风之语,zh-CN
Cholotl's Soul Core of War,斯拉托的戰爭靈魂核心（查罗特的战争灵核）,zh-CN
Chronomancer,時空幻術師（塑时术师）,zh-CN
Chronomancy,時空法術（时占术）,zh-CN
Cinched Boots,繫帶長靴（束带长靴）,zh-CN
Cinderbark Talisman,灰樹皮魔符（烬皮魔符）,zh-CN
Cinquedea,五指短劍（五指剑）,zh-CN
Circular Teachings,循環教義（循证的训诫）,zh-CN
Cirel of Tarth's Light,塔斯的西瑞爾之光（塔斯之光的西雷尔）,zh-CN
Cirel's Cultivation,西瑞爾的耕植（西雷尔的教化）,zh-CN
Citadel,城塞,zh-CN
Citaqualotl's Soul Core of Foulness,希特克拉多的腐壞靈魂核心（奇塔夸雷特的腐秽灵核）,zh-CN
Citaqualotl's Thesis,希特克拉多的假說（奇塔夸雷特的圣典）,zh-CN
City Walls,古城之牆（城市壁垒）,zh-CN
Clarity I,清晰 I,zh-CN
Clarity II,清晰 II,zh-CN
Clash,交鋒（形势逆转）,zh-CN
Claw Stab,利爪刺擊（爪突刺）,zh-CN
Claws,爪（爪类）,zh-CN
Clean Shot,俐落射擊（一击中的）,zh-CN
Cleansed,已净化,zh-CN
Clear Skies,蒼空（万里晴空）,zh-CN
Clear Space,清空區域（清理空间）,zh-CN
Cleric Vestments,教士法衣（圣徒长衣）,zh-CN
Clever Construction,巧妙構築（聪明的建设）,zh-CN
Cliffside,崖壁（崖际岛）,zh-CN
Climate Change,氣候變遷（气候变化）,zh-CN
Cloak of Defiance,卫道之袍,zh-CN
Cloak of Flame,烈炎之袍,zh-CN
Cloaked Mail,斗篷鎖甲（披风锁甲）,zh-CN
Cloistered,神隱（隔绝）,zh-CN
Close Combat I,近身戰 I（近战 I）,zh-CN
Close Combat II,近身戰 II（近战 II）,zh-CN
Close Confines,狹小界限（一步之遥）,zh-CN
Close Range,近距离,zh-CN
Close to the Surface,接近地表,zh-CN
Closed Beta,封閉測試,zh-CN
Closed Helm,緊閉之盔（封闭之盔）,zh-CN
Closer to the Heavens,咫尺天堂（更近天穹）,zh-CN
Cluster Bombs,團簇炸彈（集束炸弹）,zh-CN
Cluster Grenade,集束擲彈（集束榴弹）,zh-CN
Coal Stoker,添煤工（司炉的炭火）,zh-CN
Coalesced Corruption,腐化融合體（凝聚腐化）,zh-CN
Coat of Red,腥紅外衣（赤红外套）,zh-CN
Coated Arms,塗層武器（涂层利器）,zh-CN
Coated Knife,塗層匕首（涂毒锋刃）,zh-CN
Coffer Relic,寶箱聖物（匣柜遗物）,zh-CN
Coiled Buckler,盤繞輕盾（盘曲轻盾）,zh-CN
Coiling Bolts,寂纏彈（盘绕魔弹）,zh-CN
Cold,冰冷（冰霜）,zh-CN
Cold Attunement,冰冷同調（冰霜协调）,zh-CN
Cold Coat,寒霜外衣（凝冰为甲）,zh-CN
Cold Damage,冰冷傷害（冰霜伤害）,zh-CN
Cold Exposure,冰冷曝曬（冰霜曝露）,zh-CN
Cold Mastery,冰冷專精（冰霜专精）,zh-CN
Cold Nature,冰寒之性（性如寒冰）,zh-CN
Cold Penetration,冰冷穿透（冰霜穿透）,zh-CN
Cold Resistant,冰冷抵抗（冰霜抗性）,zh-CN
Cold Rune,冰冷符文,zh-CN
Collapsing Horizon,崩塌的地平線（崩塌视界）,zh-CN
"Colm, the Rancorous",怨毒者．柯姆（科尔姆，怨恨者）,zh-CN
Colossal Capacity,巨量承載（巨人神力）,zh-CN
Colossal Life Flask,高阶生命药剂,zh-CN
Colossal Mana Flask,高阶魔力药剂,zh-CN
Colossal Weapon,巨無霸武器（巨神兵器）,zh-CN
Combat Alchemy,战斗炼金术,zh-CN
Combat Frenzy,战斗狂怒,zh-CN
Combo,连击,zh-CN
Combo Finisher I,連擊終結輔助 I（连击终结 I）,zh-CN
Combo Finisher II,連擊終結輔助 II（连击终结 II）,zh-CN
Come on! Face me!,來吧！面對我！（来啊！面对我！）,zh-CN
Comet,彗星（彗星落）,zh-CN
Coming Calamity,灾难使者,zh-CN
Coming Soon,敬请期待,zh-CN
Command,命令,zh-CN
Commander Gauntlets,指揮官護手（军官手甲）,zh-CN
Commander Greathelm,指揮官巨盔（军官巨盔）,zh-CN
Commander Sword,指揮官劍（统帅利剑）,zh-CN
Commanding Presence,指揮之環（指挥姿态）,zh-CN
Commanding Rage,號令怒火（掌控怒火）,zh-CN
Commandment,誡命（调遣）,zh-CN
Commiserate,憐憫（以己度人）,zh-CN
Companion: {0},盟友：{0}（伙伴：{0}）,zh-CN
Companions,盟友（伙伴）,zh-CN
Competing Explorers,競爭探險家（竞争探险者）,zh-CN
Competitive Archaeology,競爭考古（竞争性考古）,zh-CN
Complete Refinement,提煉完成（完全精炼）,zh-CN
Composite Bow,合成弓,zh-CN
Compounding Ignite,惡化點燃（复合点燃）,zh-CN
Compressed Duration I,縮短持續時間 I（持续时间压缩 I）,zh-CN
Compressed Duration II,縮短持續時間 II（持续时间压缩 II）,zh-CN
Comradery,同袍情誼（同舟共济）,zh-CN
Conall the Hunted,受獵者康納爾（被追杀的康纳尔）,zh-CN
Concentrated Area,集中範圍（范围集中）,zh-CN
Concentrated Liquid Fear,濃縮液態恐懼（浓缩的液化恐惧）,zh-CN
Concentrated Liquid Isolation,濃縮液態孤立（浓缩的液化孤独）,zh-CN
Concentrated Liquid Suffering,濃縮液態苦難（浓缩的液化痛苦）,zh-CN
Concentration,集中（专注）,zh-CN
Concoct I,調製 I（调和术 I）,zh-CN
Concoct II,調製 II（调和术 II）,zh-CN
Concussive Attack,连续攻击,zh-CN
Concussive Runes,震荡符文,zh-CN
Concussive Spells,震盪法術（冲击法术）,zh-CN
Conditional,条件,zh-CN
Conditional Usage,條件使用（条件性使用）,zh-CN
Conductive Embrace,擁抱導電（电光之拥）,zh-CN
Conductive Runes,傳導符文（导电符文）,zh-CN
Conductivity,导电,zh-CN
Conduit,能量連結（能量连接）,zh-CN
Confined Exaltation,侷限喜悅（受限狂喜）,zh-CN
Conflagrating Path,爆燃之路（燃爆之径）,zh-CN
Confluence,汇流处,zh-CN
Congealed Mist,凝固迷霧（凝结之雾）,zh-CN
Conjurer Mantle,巫術師披肩（咒者斗篷）,zh-CN
Conjures Flamewalls,召唤烈焰之墙,zh-CN
Conjures Ice Prisons,召唤冰牢,zh-CN
"Connal, the Tormented",苦難之靈．康納爾（柯纳尔，磨难者）,zh-CN
Connected Support Gems,連結的輔助技能（相连的辅助宝石）,zh-CN
Conqueror Plate,征服者鎧甲（霸王战铠）,zh-CN
Consecrate,奉献,zh-CN
Consecrated Ground,奉献地面,zh-CN
Conservative Casting,謹慎施法（节能施法）,zh-CN
Considered Casting,細思施法（审慎施法）,zh-CN
Consistent Intake,持續承受（均匀气息）,zh-CN
Constant Gale,不變勁風（不息强风）,zh-CN
Constricting,緊縮（巨力挤轧）,zh-CN
Constricting Command,限制之令（收缩指令）,zh-CN
Construct Crossbow,絕命十字弓（构造战弩）,zh-CN
Construct Hammer,建造錘（施工锤）,zh-CN
Construct Studies,建構研究（构造之学）,zh-CN
Contagion,瘟疫,zh-CN
Contracts,契約書（契约）,zh-CN
Controlled Chaos,受控混沌（受控的混沌）,zh-CN
Controlled Climates,氣候控制（受控天气）,zh-CN
Controlled Destruction,精准破坏,zh-CN
Controlled Hazard,危險抑制（受控危技）,zh-CN
Controlled Metamorphosis,受控的蛻變（可控变形）,zh-CN
Controlling Magic,操控魔法（支配魔法）,zh-CN
Convalescence,恢復期（康复）,zh-CN
Convenient Beliefs,便利信仰,zh-CN
Converging Paths,交錯道途（万径归流）,zh-CN
Cooked,熟透（小菜一碟）,zh-CN
Cool Headed,冷靜（冷静头脑）,zh-CN
Cooldown Recovery I,冷卻時間恢復 I（冷却回复 I）,zh-CN
Cooldown Recovery II,冷卻時間恢復 II（冷却回复 II）,zh-CN
Cooldown Recovery Rate,冷卻時間恢復率（冷却回复速度）,zh-CN
Copper Citadel,青銅城塞（古铜城塞）,zh-CN
Core Destabiliser,核心擾亂器（核心失稳装置）,zh-CN
Core of the Guardian,守護者核心（守护者的核心）,zh-CN
Cornathaum,科那索姆（锋锥之帽）,zh-CN
Corona Amulet,日冕護身符（日冕项链）,zh-CN
Corona of the Red Sun,紅日之冕（赤红艳阳之冠）,zh-CN
Corpse Conservation,屍體保存（灵柩留存）,zh-CN
Corpse's Clutch,屍骨之握（尸体之握）,zh-CN
Corpses,屍體（灵柩）,zh-CN
Corpsewade,屍骨之靴（涉灵）,zh-CN
Corroded Greathelm,腐蚀巨盔,zh-CN
Corroded Longsword,腐蝕長劍（锈斑长剑）,zh-CN
Corrosion,衰敗（腐蚀）,zh-CN
Corrupted,已汙染（已腐化的）,zh-CN
Corrupted Blood,腐化之血,zh-CN
Corrupted Boss,腐化頭目（腐化首领）,zh-CN
Corrupted Items,已汙染物品（腐化物品）,zh-CN
Corrupted Lattices,敗滅晶格（腐化晶格）,zh-CN
Corrupted Lifeforce,腐化生命力（被腐化的命能）,zh-CN
Corrupted Monsters,已汙染的怪物（腐化怪物）,zh-CN
Corrupted Mutations,腐化突變（腐化变异）,zh-CN
Corrupted Nexus,腐化聖域（腐化枢纽）,zh-CN
Corrupted Soul,腐化之魂（腐化的灵魂）,zh-CN
Corrupted Vision,腐化視界（腐化幻象）,zh-CN
Corrupting Cry I,汙染戰吼 I（腐化战吼 I）,zh-CN
Corrupting Cry II,汙染戰吼 II（腐化战吼 II）,zh-CN
Corruption,腐化,zh-CN
Corruption Endures,腐化永存（腐化耐力）,zh-CN
Corsair Cap,海盜便帽（海贼帽）,zh-CN
Corsair Coat,海盗外套,zh-CN
Corsair Vest,海盜背心（海贼背心）,zh-CN
Corvus Mantle,烏鴉披肩（灵鸦斗篷）,zh-CN
Cospri's Will,卡斯普里意志,zh-CN
Count Geonor,吉恩诺伯爵,zh-CN
Counterstancing,反擊姿態（反击架势）,zh-CN
Countess Seske's Rune of Archery,伯爵夫人瑟絲可的箭術符文（塞丝克伯爵夫人的箭术符文）,zh-CN
Coursing Current,雷鳴湍流（奔雷疾走）,zh-CN
Coursing Energy,奔流能量（喷流之能）,zh-CN
Coursing Spear,追獵長矛（追击战矛）,zh-CN
Courtesan Mannan's Rune of Cruelty,花魁蔓南的殘酷符文（交际花曼南的残酷符文）,zh-CN
Couture of Crimson,緋紅訂製服（赤红礼装）,zh-CN
Covered Sabatons,遮蓋鎧靴（掩护战靴）,zh-CN
Covered in Oil,被油纏身（黏油缠身）,zh-CN
Covert Hood,隱蔽兜帽（匿踪兜帽）,zh-CN
Covetous Arrows,贪婪箭,zh-CN
Coward's Legacy,懦夫的遺產（懦夫之遗）,zh-CN
Cowardly Fate,怯懦之運（懦弱的命运）,zh-CN
Cower Before the First Ones,第一族面前畏懼（屈服于初生之子）,zh-CN
Cowled Helm,斗篷之盔（掩面之盔）,zh-CN
Cracklecreep,裂紋怪客（爆裂蔓延）,zh-CN
Crackling Barrier,電流屏障（霹雳屏障）,zh-CN
Crackling Flux,碎雷熔劑（雷霆溶剂）,zh-CN
Crackling Palm,閃光掌（霹雳掌）,zh-CN
Crackling Quarterstaff,裂紋細杖,zh-CN
Crafted Modifiers,工艺词缀,zh-CN
Crafting,工藝,zh-CN
Craftsman's Creed,匠人準則（工匠信条）,zh-CN
Craggy Peninsula,崎嶇半島（乱石半岛）,zh-CN
Craiceann's Rune of Recovery,奎爾珊的恢復符文（克林斯昂的回复符文）,zh-CN
Craiceann's Rune of Warding,奎爾珊的守護符文（克林斯昂的守护符文）,zh-CN
Cranial Impact,顱骨衝擊（裂颅强击）,zh-CN
Crashing Wave,震波（溅水白浪）,zh-CN
Crater,隕石坑（陨坑）,zh-CN
Craving Slaughter,渴望屠殺（杀戮之渴）,zh-CN
Crazed Minions,發狂召喚物（癫狂召唤生物）,zh-CN
Creature of Death,死亡之獸（死亡生物）,zh-CN
Creature of Magic,魔法之獸（魔法生物）,zh-CN
Creek,小溪（奔流溪涧）,zh-CN
Creeping Chill,寒冰蔓延（蔓延霜寒）,zh-CN
Cremating Cries,火化嚎叫（焚化战吼）,zh-CN
Cremation,熔炎送葬（火焚）,zh-CN
Crematorium Worker,火葬場之徒（焚尸工）,zh-CN
Crescendo Arrows,強鳴箭（渐强箭）,zh-CN
Crescendo I,逐漸增強 I（渐入佳境 I）,zh-CN
Crescendo II,逐漸增強 II（渐入佳境 II）,zh-CN
Crescendo III,逐漸增強 III（渐入佳境 III）,zh-CN
Crescent Axe,新月斧（月牙斧）,zh-CN
Crescent Quarterstaff,新月細杖（月牙节杖）,zh-CN
Crescent Targe,新月圆盾,zh-CN
Crest of Ardura,阿杜拉之冠（阿杜拉荣徽）,zh-CN
Crimson Amulet,赤红项链,zh-CN
Crimson Assault,緋紅攻擊（猩红强袭）,zh-CN
Crimson Power,緋紅之力（腥红之力）,zh-CN
Crimson Shores,緋紅海岸（猩红海岸）,zh-CN
Crippling Toxins,致残毒素,zh-CN
Crit Resistant,暴擊抵抗（暴击抗性）,zh-CN
Critical Damage Bonus,暴击伤害加成,zh-CN
Critical Exploit,弱點善用（致命利用）,zh-CN
Critical Hits,暴击,zh-CN
Critical Overload,暴擊超載（致命超载）,zh-CN
Critical Weakness,暴击弱点,zh-CN
Crone Knife,巫婆小刀（巫妪小刀）,zh-CN
Cross Slash,縱橫劈斬（双爪劈击）,zh-CN
Cross Strike,十字打擊（交错打击）,zh-CN
Crossblade Spear,十字刃長矛（十字长矛）,zh-CN
Crossbow Ammunition Skills,十字弓彈藥技能（战弩弹药技能）,zh-CN
Crossbow Shot,十字弓射擊（战弩射击）,zh-CN
Crossbows,十字弓（战弩）,zh-CN
Crown Mace,皇冠之錘（冠首之锤）,zh-CN
Crown of Eyes,邪眼之冠,zh-CN
Crown of Thorns,刺棘之冠,zh-CN
Crown of the Pale King,殒皇之冠,zh-CN
Crown of the Victor,勝者之冠（胜者桂冠）,zh-CN
Crucible Tower Shield,磨煉塔盾（熔铸塔盾）,zh-CN
Crude Bow,粗制弓,zh-CN
Cruel Fate,殘酷命運（命运多舛）,zh-CN
Cruel Hegemony,殘暴霸權（残酷霸权）,zh-CN
Cruel Methods,殘忍手段（凶残手段）,zh-CN
Cruel Strength,殘忍力量（残酷力量）,zh-CN
Cruel Talisman,残酷魔符,zh-CN
Crumbling Maul,崩毀重錘（摧枯巨锤）,zh-CN
Crushed,壓碎（碾压）,zh-CN
Crushing Blows,粉碎重擊（粉碎打击）,zh-CN
Crushing Fear,死懼碎擊（恐惧终结）,zh-CN
Crushing Impacts,輾壓痛擊（粉碎冲击）,zh-CN
Crushing Judgement,粉碎審判（威压裁决）,zh-CN
Crushing Terror,粉碎恐懼（毁坏之怖）,zh-CN
Crushing Verdict,毀滅裁決（倾力裁决）,zh-CN
Crux of Nothingness,無量困境（虚无之症）,zh-CN
Crypt,靜謐陵墓（寂静地窟）,zh-CN
Cryptic Crown,隐秘之冠,zh-CN
Cryptic Helm,隱秘之盔（神秘头盔）,zh-CN
Cryptic Key,晦澀之鑰（神秘钥匙）,zh-CN
Cryptic Leggings,隱祕護腿（隐秘绑腿）,zh-CN
Crystal Elixir,水晶灵药,zh-CN
Crystal Focus,水晶法器,zh-CN
Crystalline Flesh,結晶血肉（结晶之躯）,zh-CN
Crystalline Overgrowth,晶化生長（蔓生晶体）,zh-CN
Crystalline Patterns,晶化模塊（水晶纹样）,zh-CN
Crystalline Phylactery,晶化護符（结晶护命匣）,zh-CN
Crystalline Resistance,结晶抗性,zh-CN
Crystalline Shards,結晶碎片（水晶碎片）,zh-CN
Crystallised Corruption,结晶腐化,zh-CN
Crystallised Form,晶化型態（晶化形态）,zh-CN
Crystallised Immunities,水晶化免疫（水晶免疫）,zh-CN
Cull The Weak,撲殺弱者（终结弱者）,zh-CN
Cull the Hordes,剿敵（汰除）,zh-CN
Culling Strike,撲殺（终结）,zh-CN
Culling Strike I,撲殺 I（终结 I）,zh-CN
Culling Strike II,撲殺 II（终结 II）,zh-CN
Culmination I,頂點 I（登峰造极 I）,zh-CN
Culmination II,頂點 II（登峰造极 II）,zh-CN
Cult of Chaos,混沌崇拜（混沌秘仪）,zh-CN
Cult of Fire,烈火崇拜（火焰秘仪）,zh-CN
Cult of Ice,冰霜崇拜（寒冰秘仪）,zh-CN
Cult of Lightning,雷霆崇拜（风暴秘仪）,zh-CN
Cult of the Rains,雨之邪教,zh-CN
Cultist Bow,教徒之弓（教徒弓）,zh-CN
Cultist Crown,教徒之冠（密教头冠）,zh-CN
Cultist Focus,教徒法器（密会法器）,zh-CN
Cultist Gauntlets,教徒護手（密会手甲）,zh-CN
Cultist Greathammer,教徒巨錘（教徒大锤）,zh-CN
Cultist Tower Shield,教徒塔盾（密会塔盾）,zh-CN
Cultivate the Sea,海洋栽培（发掘异象）,zh-CN
Curious Spirits,好奇魂靈（好奇万灵）,zh-CN
Curiously Durable Stone,奇特堅固石頭（皮实顽石）,zh-CN
Currency,通货,zh-CN
Currency Stash Tab,通貨倉庫頁,zh-CN
Currency Womb,通貨母胎（通货孕育槽位）,zh-CN
Curse of the Abyss,深渊诅咒,zh-CN
Curse on Block,格擋時詛咒（格挡时施放诅咒）,zh-CN
Cursecarver,咒刻者（刻咒）,zh-CN
Cursed Ground,詛咒地面（诅咒之地）,zh-CN
Curses,诅咒,zh-CN
Cursespeaker's Robe,詛咒語者長袍（诅咒术士长袍）,zh-CN
Curved Weapon,彎曲武器（曲刃战械）,zh-CN
Cut Off the Lesser,削減風險（剔除次品）,zh-CN
Cut to the Bone,刀刀見骨（透骨之劲）,zh-CN
Cutlass,軍用長刃（军用长刀）,zh-CN
Cyclonic Alloy,氣旋合金（飓风合金）,zh-CN
Cyclonic Rune,氣旋符文,zh-CN
Daevata's Wind,德瓦塔之風（戴瓦塔的幻风）,zh-CN
Dagger Stab,匕首刺擊（匕首突刺）,zh-CN
Daggerfoot Shoes,捷足輕鞋（捷足便鞋）,zh-CN
Daggers,匕首,zh-CN
Damage Absorption,伤害吸收,zh-CN
Damage Contributing to Ailments,有助於異常狀態的傷害（伤害作用于异常状态）,zh-CN
Damage Conversion,傷害轉換（伤害转化）,zh-CN
Damage Gained as extra X,獲得相當於傷害的額外 X 傷害（获得 X 的额外伤害）,zh-CN
Damage Taken From Minions First,召喚物優先承受傷害（怪物仆从优先承受伤害）,zh-CN
Damage Types,伤害类型,zh-CN
Damaging Ailments,傷害型異常狀態（伤害性异常状态）,zh-CN
Dampening Shield,抑制護盾（抑能护盾）,zh-CN
Dance with Death,和死共舞（与亡共舞）,zh-CN
Danger in the Wilds,荒野险境,zh-CN
Dangerous Blossom,危險綻放（灾厄绽放）,zh-CN
Danse Macabre,骷髏之舞（死亡之舞）,zh-CN
Daresso's Passion,德瑞索的热情,zh-CN
Dark Blade,黑暗之刃（黑暗之锋）,zh-CN
Dark Bloodlines,暗血血統（黑暗血脉）,zh-CN
Dark Depths,黑暗深淵（幽暗深处）,zh-CN
Dark Effigy,黑暗雕像（黑暗塑像）,zh-CN
Dark Entries,黑暗侵襲（没入黑暗）,zh-CN
Dark Entropy,黑暗無序（黑暗熵增）,zh-CN
Dark Pact,暗夜血契（暗夜契约）,zh-CN
Dark Whispers,黑暗低語（暗言）,zh-CN
Darkness Enthroned,夜惡降臨,zh-CN
Darkray Vectors,暗雷,zh-CN
Dastard Armour,惡徒護甲（懦夫护甲）,zh-CN
Dauntless,無畏（不动如山）,zh-CN
Dawn of the Hunt,狩獵黎明,zh-CN
Daze,目眩（恍惚）,zh-CN
Dazing Blocks,目眩格擋（恍惚格挡）,zh-CN
Dazing Cry,目眩戰吼（恍神咆哮）,zh-CN
Dazzle,眩目,zh-CN
Dead can Dance,亡者之舞（亡魂舞步）,zh-CN
Deadeye,锐眼,zh-CN
Deadly Fate,致命之運（危难的命运）,zh-CN
Deadly Flourish,致命華舞（致命剑花）,zh-CN
Deadly Force,致命武力（夺命力量）,zh-CN
Deadly Herald,致命先驅（致命之捷）,zh-CN
Deadly Invocations,致命祈願（致命咒祈）,zh-CN
Deadly Map Boss,致命地圖頭目（危险的地图首领）,zh-CN
Deadly Poison I,致命毒藥 I（致命毒素 I）,zh-CN
Deadly Poison II,致命毒藥 II（致命毒素 II）,zh-CN
Deadly Resolve,致死決意（致命决心）,zh-CN
Deadly Swarm,致命群襲（群凶毕至）,zh-CN
Deadly Thorns,致命荆棘,zh-CN
Deafening Cries,震耳吶喊（战吼如雷）,zh-CN
Death Articulated,死亡之聲（死神铰链）,zh-CN
Death Mail,死亡锁甲,zh-CN
Death Mantle,死亡披肩（死亡斗篷）,zh-CN
Death Mask,死亡之面（死神之面）,zh-CN
Death Rune,死亡符文,zh-CN
Death Rush,亡者呼唤,zh-CN
Death from Afar,遠迎死劫（远方的死神）,zh-CN
Death's Harp,冥使之琴,zh-CN
Deathblow,致命一擊（死神的袭击）,zh-CN
Deathmarch,死亡行進（终末行军）,zh-CN
Deathrattle,逝亡呢喃,zh-CN
Debilitate,虛弱（疲惫）,zh-CN
Debuffs,減益效果（减益）,zh-CN
Decay,腐蝕（腐朽死地）,zh-CN
Decaying Hex,腐朽咒術（衰颓魔蛊）,zh-CN
Decimating Strike,屠戮打擊（破灭打击）,zh-CN
Decisive Retreat,明哲保身（果断撤退）,zh-CN
Decompose,分解（降解）,zh-CN
Decorated Helm,裝飾之盔（华饰之盔）,zh-CN
Decree of Acuity,敏銳敕令（敏锐法令）,zh-CN
Decree of Flight,翔天敕令（飞行法令）,zh-CN
Decree of Loyalty,忠誠敕令（忠诚法令）,zh-CN
Decrepifying Curse,衰老詛咒（朽迈诅咒）,zh-CN
Dedication to Kitava,奇塔弗奉獻（敬奉奇塔弗）,zh-CN
Deep Cuts I,深度切割 I（凌迟 I）,zh-CN
Deep Cuts II,深度切割 II（凌迟 II）,zh-CN
Deep Freeze,深度冰凍（深度冻结）,zh-CN
Deep Trance,深度恍惚（深度专注）,zh-CN
Deep Wounds,深層創傷（深度创伤）,zh-CN
Deepening Shadows,加深陰影（深化暗影）,zh-CN
Deerstalker Hood,獵鹿者之兜（猎踪兜帽）,zh-CN
Default Attack,普通攻击,zh-CN
Default Attack Damage,普通攻擊傷害（默认攻击伤害）,zh-CN
Defender's Resolve,防衛者決意（守护者的决心）,zh-CN
Defensive Reflexes,防禦反應（戒备反射）,zh-CN
Defensive Stance,防御姿态,zh-CN
Defiance,反抗（抗争）,zh-CN
Defiance Banner,反抗之旗（抗争战旗）,zh-CN
Defiance of Destiny,拒絕命運（命运之抗争）,zh-CN
Deflect,偏斜（偏转）,zh-CN
Deforestation,伐林地（毁坏的林场）,zh-CN
Deformed Steel,殘破堅鋼（扭曲钢铁）,zh-CN
Defy I,違抗 I（顽抗 I）,zh-CN
Defy II,違抗 II（顽抗 II）,zh-CN
Deidbell,丧钟,zh-CN
Dekharan Crest Shield,部下紋章盾（德卡拉纹章盾）,zh-CN
Delayed Danger,延遲危險（延迟危害）,zh-CN
Delayed Gratification,延遲滿足感（延迟满足）,zh-CN
Delayed Reaction,延遲反應（延迟激活）,zh-CN
Deliberation,審慎（从容不迫）,zh-CN
Delirious Players,譫妄的玩家（亢奋玩家）,zh-CN
Delirium,譫妄（惊悸迷雾）,zh-CN
Delirium Stash Tab,譫妄倉庫頁,zh-CN
Delirium Tablet,譫妄碑牌（惊悸迷雾石板）,zh-CN
Delve Socketable Currency,掘獄插槽通貨（地心探索：可镶嵌的通货）,zh-CN
Delve Stackable Socketable Currency,掘獄可堆疊有插槽通貨（地心探索可堆叠可插入通货）,zh-CN
Delve Stash Tab,掘獄收藏倉庫頁,zh-CN
Demolitionist,破壞者（爆破专家）,zh-CN
Demon Form,惡魔變身（走火入魔）,zh-CN
Demon Magus,惡魔瑪格思（恶魔术士）,zh-CN
Demon Stitcher,縫魔（恶魔缝补者）,zh-CN
Demonic Possession,惡魔附身（修罗入魔）,zh-CN
Dependable Ward,穩固護盾（可靠结界）,zh-CN
Derange,精神錯亂（错乱）,zh-CN
Derelict Mansion,廢棄宅邸（遗弃宅邸）,zh-CN
Derogatory Gaze,貶損凝視（不屑凝视）,zh-CN
Descry Crest Shield,遠見紋章盾（圣印纹章盾）,zh-CN
Desecrated Ground,腐化地面,zh-CN
Desecrated Modifiers,褻瀆詞綴（渎灵词缀）,zh-CN
Desensitisation,暴擊傷害核心（脱敏）,zh-CN
Desert Buckler,沙漠轻盾,zh-CN
Desert Cap,沙漠便帽（沙漠帽）,zh-CN
Desert Circlet,沙漠頭環（沙漠头冠）,zh-CN
Desert Mastery,沙漠精通（沙漠专精）,zh-CN
Desert Rune,沙漠符文,zh-CN
Desert's Scorn,沙漠之蔑,zh-CN
Deserted,棄置之地（荒凉废土）,zh-CN
Desolate Crossbow,蒼涼十字弓（苍凉战弩）,zh-CN
Despair,绝望,zh-CN
Desperate Times,絕望時刻（绝处逢生）,zh-CN
Desperation,孤注一掷,zh-CN
Destructive Apparatus,毀滅裝置（破坏装置）,zh-CN
Detailed Mitts,精細長手套（精工护手）,zh-CN
Deterioration,惡化（退化）,zh-CN
Determined Precision,精準果斷（果决精准）,zh-CN
Detonate Dead,屍體爆破（爆灵术）,zh-CN
Detonate Living,活体引爆,zh-CN
Detonate Minion,引爆召喚物（引爆召唤生物）,zh-CN
Detonating Arrow,爆破箭矢（爆破箭）,zh-CN
Detonation Time,引爆时间,zh-CN
Detonator,引爆器（引爆）,zh-CN
Detonator Skills,引爆技能,zh-CN
Devastate,蹂躪（摧残）,zh-CN
Devastating Devices,破壞裝置（毁灭装置）,zh-CN
Devastation,摧枯拉朽,zh-CN
Devoted Protector,至誠保衛者（献身卫士）,zh-CN
Devotion to the King,誓忠於王（献身于王）,zh-CN
Devour,吞噬,zh-CN
Dex,敏捷,zh-CN
Dex/Int,敏捷/智慧,zh-CN
Dialla's Desire,达拉的渴望,zh-CN
Dialla's Wit,達拉的智慧（达拉的聪慧）,zh-CN
Diamond,鑽石（宝钻）,zh-CN
Diamond Arrows,鑽石箭（金刚箭）,zh-CN
"Diamora, Song of Death",死亡之謠．黛莫拉（葬歌之声戴娅摩菈）,zh-CN
Difficulty,难度,zh-CN
Digsite,挖掘地（挖掘遗址）,zh-CN
Diluted Liquid Greed,稀釋的液態貪婪（稀释的液化贪婪）,zh-CN
Diluted Liquid Guilt,稀釋的液態罪惡（稀释的液化内疚）,zh-CN
Diluted Liquid Ire,稀釋的液態憤怒（稀释的液化愤怒）,zh-CN
Diluting Touch,稀釋之觸（瓦解之触）,zh-CN
Dimensional Weakspot,维度弱点,zh-CN
Dionadair,捍衛者（御身守卫）,zh-CN
Direct Approach,直球進攻（直来直往）,zh-CN
Direstrike I,極惡打擊 I（蛮勇打击 I）,zh-CN
Direstrike II,極惡打擊 II（蛮勇打击 II）,zh-CN
Disarmed,缴械,zh-CN
Discerning Taste,鑑賞之味（多滋多味）,zh-CN
Disciple of Darkness,黑暗門徒（黑暗狂信者）,zh-CN
Disciple of Varashta,瓦拉什塔門徒（瓦拉煞的门徒）,zh-CN
Discipline,纪律,zh-CN
Disciplined Pets,訓練有素的寵物（规训宠物）,zh-CN
Disciplined Training,紀律訓練（模范训练）,zh-CN
Disengage,脫離戰鬥（退避三舍）,zh-CN
Disintegrating Maul,崩解重錘（破军巨锤）,zh-CN
Disorientation,混亂攻擊（头昏眼花）,zh-CN
Dispatch Foes,抹殺敵人（大卸八块）,zh-CN
Distant Dreamer,遙遠幻夢者（远方的幻梦者）,zh-CN
Distant Origins,遙遠起源（渺远起源）,zh-CN
Distorted Amulet,歪曲護身符（扭曲项链）,zh-CN
Distracted Target,干擾目標（声东击西）,zh-CN
Distracting Presence,擾亂光環（扰乱威势）,zh-CN
Diverse Control,多样控制,zh-CN
Divination Cards,命运卡,zh-CN
Divination Stash Tab,命運倉庫頁,zh-CN
Divine Crown,神聖之冠（神礼王冠）,zh-CN
Divine Flesh,神圣血肉,zh-CN
Divine Orb,神圣石,zh-CN
Divined Blessing,神圣祝福,zh-CN
Divinity,神性,zh-CN
Dizzying Hits,暈眩之擊（晕眩击中）,zh-CN
Dizzying Sweep,眩旋橫掃（荡魂横扫）,zh-CN
Djinn Barya,巨靈之幣（巨灵巴雅）,zh-CN
Dodge Roll,翻滾,zh-CN
Doedre's Damning,德瑞的魔具,zh-CN
Doedre's Tenure,德瑞的精神手套,zh-CN
Doedre's Undoing,德瑞的毁灭,zh-CN
Domed Helm,圓頂之盔（圆顶头盔）,zh-CN
Domineering Commands,跋扈命令（统御指令）,zh-CN
Dominion,統御（主宰）,zh-CN
Dominus' Grasp,神主的掌握（神主之握）,zh-CN
Dominus' Providence,神主的眷顧（神主天意）,zh-CN
Doomfletch,灭世,zh-CN
Doomgate,末日之門（毁灭雄关）,zh-CN
Doomsayer,末日预言者,zh-CN
Doryani's Prototype,多里亞尼之型（多里亚尼的试作甲）,zh-CN
Doryani's Triumph,多里亞尼的凱旋（多里亚尼的杰作）,zh-CN
"Doryani, Royal Thaumaturge",皇家奇術師．多里亞尼（多里亚尼，皇家奇术师）,zh-CN
Double Barrel I,雙管 I（双管齐下 I）,zh-CN
Double Barrel II,雙管 II（双管齐下 II）,zh-CN
Double Barrel III,雙管 III（双管齐下 III）,zh-CN
Double Belt,雙層腰帶（双重腰带）,zh-CN
Double Vision,雙重視界（双生视界）,zh-CN
Double or Nothing,孤注一擲（被惊扰的长眠）,zh-CN
Doubled Gauntlets,雙層護手（合钢手甲）,zh-CN
Dousing Charm,滅火護符（浸润咒符）,zh-CN
Dragonscale Boots,龙鳞长靴,zh-CN
Drain Ailments,汲取異常狀態（异常状态吸收）,zh-CN
Draiocht Cleansing,魔幻清晰（德莱契净化）,zh-CN
Drakeskin Boots,龍膚長靴（龙皮长靴）,zh-CN
"Draven, the Eternal Praetor",永恆政務官．德雷文（德莱文，永恒执政官）,zh-CN
Drawn to Riches,繪就財寶（憧憬财富）,zh-CN
Dread Banner,恐懼之旗（恐怖战旗）,zh-CN
Dread Engineer's Concoction,驚懼工匠之藥劑（惊惧匠焰）,zh-CN
Dread Hatchet,驚懼符文（恐惧手斧）,zh-CN
Dread Lieutenants,恐懼副官（可怖副官）,zh-CN
Dreadfist,驚懼之拳（恐惧之拳）,zh-CN
Dreadful Fortitude,可敬的堅毅（可怖毅力）,zh-CN
Dream Fragments,梦语之痕,zh-CN
Dreamcatcher,捕梦者,zh-CN
Dreamer's Gift,幻夢者之贈,zh-CN
Dreamer's Inspiration,幻夢者啟發,zh-CN
Dreamer's Knell,幻梦者的丧钟,zh-CN
Dreamer's Might,幻夢者之力,zh-CN
Dreamer's Sight,幻夢者視界（幻梦者之视）,zh-CN
Dreaming Gloom Shrine,夢境漆黑神殿（梦想隐忍神龛）,zh-CN
Dreaming Quarterstaff,夢境細杖（梦境节杖）,zh-CN
Drenched,濕透（浸湿）,zh-CN
Dressed in Fineries,衣著華麗（身着华服）,zh-CN
Drillneck,穿心,zh-CN
Druid,德鲁伊,zh-CN
Druidic Alliance,德鲁伊同盟,zh-CN
Druidic Champion,德鲁伊英杰,zh-CN
Druidic Circlet,德魯伊頭環（德鲁伊头冠）,zh-CN
Druidic Crown,德魯伊之冠（德鲁伊王冠）,zh-CN
Druidic Focus,德鲁伊法器,zh-CN
Druidic Prowess,德魯伊之賦（德鲁伊之威）,zh-CN
Druidic Training,德魯伊訓練（德鲁伊的训练）,zh-CN
Dual Wielding,双持,zh-CN
Dual-specialise your Passive Skill Tree,雙專精天賦樹,zh-CN
Duality,二元性（二元一体）,zh-CN
Dualstring Bow,双弦弓,zh-CN
Dueling Wand,單挑法杖（决斗法杖）,zh-CN
Duelist,决斗者,zh-CN
Dull Hatchet,鈍斧（钝锋手斧）,zh-CN
Dunerunner Sandals,沙丘行者便鞋（沙丘行者鞋履）,zh-CN
Dunkelhalt,唐克哈特（黑暗止步）,zh-CN
Durability,耐久（耐久度）,zh-CN
Duration,持续时间,zh-CN
Duration Skills,持续时间技能,zh-CN
Dusk Amulet,幽暗項鍊（暮色项链）,zh-CN
Dusk Ring,幽暗戒指（戒指：暮色）,zh-CN
Dusk Vigil,暗暮守夜（暮色守望）,zh-CN
Dustbloom,塵土之花（尘绽）,zh-CN
Dyad Crossbow,雙生十字弓（双联战弩）,zh-CN
Dynamism,活力（神秘远征）,zh-CN
Eagle Eye,鹰眼,zh-CN
Early Access,搶先體驗,zh-CN
Earth Rune,大地符文,zh-CN
Earthbound,地縛者（地缚杖）,zh-CN
Earthbreaker,天崩地裂（裂地之灵）,zh-CN
Earthquake,震地,zh-CN
Earthshatter,碎地重擊（尖刺战吼）,zh-CN
Eastern Enigma Chamber,東側謎團密室（东方谜题大厅）,zh-CN
Eastern Gateway,東側閘門（东方通道）,zh-CN
Easy Going,好相處（随和）,zh-CN
Easy Target,易攻目標（活靶子）,zh-CN
Eaten Souls,吞噬之魂,zh-CN
Echoes of Ferocity,兇殘迴響（狂怒回响）,zh-CN
Echoing Cry,迴響戰吼（回荡战嚎）,zh-CN
Echoing Flames,迴盪餘焰（回响烈焰）,zh-CN
Echoing Frost,迴盪寒霜（回响冰霜）,zh-CN
Echoing Pulse,迴盪脈衝（回响脉冲）,zh-CN
Echoing Thunder,迴盪雷電（回响雷霆）,zh-CN
Edged Buckler,刃緣輕盾（锋缘轻盾）,zh-CN
Edyrn's Tusks,埃狄恩的曲牙（艾丁的獠牙）,zh-CN
Effect Consumption,效果消耗,zh-CN
Effective Chance,有效機率（实际几率）,zh-CN
Effervescent,奔放（沸熔）,zh-CN
Efficiency,效用（效能）,zh-CN
Efficiency I,效率 I（效能 I）,zh-CN
Efficiency II,效率 II（效能 II）,zh-CN
Efficient Alchemy,高效炼金术,zh-CN
Efficient Arteries,高效动脉,zh-CN
Efficient Casting,高效施法,zh-CN
Efficient Contraptions,效率裝置（高效装置）,zh-CN
Efficient Inscriptions,高效铭文,zh-CN
Efficient Killing,高效獵殺（高效溃敌）,zh-CN
Efficient Loading,高效装填,zh-CN
Effigial Tower Shield,靈像塔盾（塑像塔盾）,zh-CN
Effigy,假人（雕像）,zh-CN
Effigy of Cruelty,殘酷塑像（残酷雕塑）,zh-CN
Einhar's Beastrite,埃哈的野獸儀式（伊恩哈尔的魔物仪式）,zh-CN
"Ekbab, Ancient Steed",遠古之蹄．埃克巴勃（伊科巴，先古战驹）,zh-CN
Eldritch Battery,异能魔力,zh-CN
Eldritch Empowerment,異能賦予（古神赋力）,zh-CN
Eldritch Will,異能之志（古灵意志）,zh-CN
Electric Amplification,閃電增幅（电流增幅）,zh-CN
Electric Blood,電氣之血（电震之血）,zh-CN
Electrified Claw,電擊之爪（雷电利爪）,zh-CN
Electrifying Daze,電光目眩（电殛恍惚）,zh-CN
Electrifying Nature,電能之性（性如霹雳）,zh-CN
Electrocute,電刑,zh-CN
Electrocute Threshold,觸電門檻（触电阈值）,zh-CN
Electrocuting Arrow,電極箭矢（电殛箭）,zh-CN
Electrocuting Exposure,觸電曝曬（电击曝露）,zh-CN
Electrocuting Rune,觸電符文,zh-CN
Electrocution,触电,zh-CN
Electromagnetism,磁化電極（电磁力场）,zh-CN
Electrotherapy,電療（电击疗法）,zh-CN
Elegant Crossbow,優雅十字弓（典雅战弩）,zh-CN
Elegant Glaive,優雅長柄刀（典雅战刃）,zh-CN
Elegant Greathelm,優雅巨盔（雅致巨盔）,zh-CN
Elegant Greaves,優雅脛甲（雅致胫甲）,zh-CN
Elegant Mitts,優雅長手套（优雅护手）,zh-CN
Elegant Plate,優雅鎧甲（优雅战铠）,zh-CN
Elegant Slippers,優雅便鞋（雅致便鞋）,zh-CN
Elegant Wraps,優雅裹手（雅致裹手）,zh-CN
Elemental Ailment Threshold,元素異常狀態門檻（元素异常状态阈值）,zh-CN
Elemental Ailments,元素异常状态,zh-CN
Elemental Archon,元素統治者（元素执政官）,zh-CN
Elemental Armament I,元素武裝 I（元素军械 I）,zh-CN
Elemental Armament II,元素武裝 II（元素军械 II）,zh-CN
Elemental Armament III,元素武裝 III（元素军械 III）,zh-CN
Elemental Army,元素軍隊（元素大军）,zh-CN
Elemental Conflux,元素汇流,zh-CN
Elemental Damage Types,元素伤害类型,zh-CN
Elemental Discharge,元素解放,zh-CN
Elemental Equilibrium,元素之相,zh-CN
Elemental Expression,元素表现,zh-CN
Elemental Focus,元素專注（元素集中）,zh-CN
Elemental Force,元素之力,zh-CN
Elemental Ground Surfaces,元素地面（元素地面效果）,zh-CN
Elemental Infusions,元素灌注,zh-CN
Elemental Invocation,元素祈願（元素祈求）,zh-CN
Elemental Resistance Aura,元素抗性光环,zh-CN
Elemental Siphon,元素虹吸,zh-CN
Elemental Storm,元素风暴,zh-CN
Elemental Sundering,元素崩裂（元素碎裂）,zh-CN
Elemental Surge,元素湧動,zh-CN
Elemental Surges,元素波動（元素涌动）,zh-CN
Elemental Weakness,元素要害,zh-CN
Elementalist Robe,元素使长袍,zh-CN
Elevore,愛勒弗（艾尔弗雷）,zh-CN
Elite Greathelm,菁英巨盔（精锐巨盔）,zh-CN
Elude the Storm,避開風暴（躲避风暴）,zh-CN
Elusive,灵巧,zh-CN
"Elvara, the Savage Flame",殘忍之炎．艾爾瓦菈（艾尔瓦拉，狂焰）,zh-CN
"Elzarah, the Cobra Lord",眼鏡蛇領主．艾爾札拉（埃尔扎拉，眼镜蛇领主）,zh-CN
Embankment Auras,陣地光環（堤防光环）,zh-CN
Embellished Gloves,點綴手套（华饰手套）,zh-CN
Ember Fusillade,餘燼齊射（灰烬连射）,zh-CN
Ember Greataxe,餘燼巨斧（飞烬大斧）,zh-CN
Embitter,激怒（苦寒之意）,zh-CN
Emblem Crest Shield,徽印紋章盾（圣徽纹章盾）,zh-CN
Embodiment of Death,死亡的化身（死亡化身）,zh-CN
Embodiment of Frost,寒霜化身（冰霜化身）,zh-CN
Embodiment of Lightning,閃電的化身（闪电化身）,zh-CN
Emboldened Avatar,勇氣化生（刚胆化身）,zh-CN
Emboldening Casts,鼓舞詠唱（鼓舞施法）,zh-CN
Emboldening Lead,鼓舞領導（鼓舞先导）,zh-CN
Embossed Boots,浮雕長靴（浮雕靴）,zh-CN
Embrace of the Wild,荒野之擁（野性之拥）,zh-CN
Embrace the Darkness,靈魂昇華（拥抱黑暗）,zh-CN
Embracing Frost,拥抱冰霜,zh-CN
Embroidered Gloves,刺绣手套,zh-CN
Emerald,綠寶石（翡翠）,zh-CN
Emerald Ring,綠寶石戒指（翡翠戒指）,zh-CN
Emergency Reload,紧急装填,zh-CN
Emergent Instinct,直覺湧現（新生本能）,zh-CN
Emergent Possibility,潛能湧現（新生可能）,zh-CN
Emergent Protection,護佑湧現（新生防护）,zh-CN
Emergent Vigour,活力湧現（新生活力）,zh-CN
Empire's Grasp,帝国之掌,zh-CN
Empowered,強化的（强化）,zh-CN
Empowered Monster Minions,強化怪物召喚物（强化怪物仆从）,zh-CN
Empowered Periodic Invulnerability Aura,強化定期無敵光環（强化周期性无敌光环）,zh-CN
Empowered Reviving Minions,強化復甦召喚物（强化复活怪物仆从）,zh-CN
Empowered Skills,强化技能,zh-CN
Empowered Sparks I,強化電球I（强化火花 I）,zh-CN
Empowered Sparks II,強化電球II（强化火花 II）,zh-CN
Empowering Infusions,强化灌注,zh-CN
Empowering Remains,賦能遺軍（强化残骸）,zh-CN
Empowering Remnants,強化痕跡（强化残片）,zh-CN
Empowering Volatile Crag,強化易爆燃彈（强化无常碎岩）,zh-CN
Empowering Volatile Plants,強化易爆植物（强化无常植物）,zh-CN
Empowerment,強化,zh-CN
Empty Feeling,空虛感受（空虚之感）,zh-CN
Encase in Jade,包覆於翠玉中（青玉囚笼）,zh-CN
Enchanted Locks,附魔之锁,zh-CN
Encompassing Domain,包覆領域（统御万象）,zh-CN
Encroaching Ground,進逼地面（侵蚀地面）,zh-CN
End of Mourning,悼念之終（哀悼终结）,zh-CN
Endgame,終局,zh-CN
Endless Blizzard,無盡暴雪（无尽暴风雪）,zh-CN
Endless Circuit,無限循環（无穷环路）,zh-CN
Endless Munitions,无限弹药,zh-CN
Endless War,无尽战争,zh-CN
Endlessly Soaring,无尽翱翔,zh-CN
Endurance,耐力,zh-CN
Endured Suffering,忍受痛苦（忍受之苦）,zh-CN
Enduring Archon,恆久統治者（持久执政官）,zh-CN
Enduring Deflection,恆久偏斜（持久偏转）,zh-CN
Enduring Elixirs,耐久靈藥（耐久药剂）,zh-CN
Enduring Faith,耐力信念（持久的信仰）,zh-CN
Enduring Impact I,堅忍衝擊 I（持续冲击 I）,zh-CN
Enduring Impact II,堅忍衝擊 II（持续冲击 II）,zh-CN
Enemy Stun Threshold,敵人暈眩門檻（敌人晕眩阈值）,zh-CN
Enemy's Hoard,敵人之財（敌之宝库）,zh-CN
Energise,賦能（能量充沛）,zh-CN
Energised Crystal,充能水晶,zh-CN
Energised Precipitate,充能沉澱物（充能沉淀）,zh-CN
Energising Archon,活力統治者（充能执政官）,zh-CN
Energising Deflection,活力偏斜（充能偏转）,zh-CN
Energy,能量,zh-CN
Energy Barrier,能量屏障,zh-CN
Energy Capacitor,儲能（能量电容）,zh-CN
Energy Flow Studies,能流研究（能量之学）,zh-CN
Energy Retention,能量保留（能量保存）,zh-CN
Energy Shield,能量护盾,zh-CN
Energy Shield Aura,能量护盾光环,zh-CN
Energy Shield Leech,能量护盾偷取,zh-CN
Energy Shield Protecting Mana,能量護盾保護魔力（魔力护盾）,zh-CN
Energy Shield Recharge,能量护盾充能,zh-CN
Energy Shield Recharge Rate,能量護盾充能率（能量护盾充能速度）,zh-CN
Enervating Nova,超能新星（衰颓新星）,zh-CN
Enervation,削弱（衰退）,zh-CN
Enezun's Charge,艾尼尊的衝鋒（恩纳尊的职责）,zh-CN
Enfeeble,衰弱,zh-CN
Enfolding Dawn,晨曦之擁（遍洒晨辉）,zh-CN
Engineered Blaze,工匠之焰（匠造烈焰）,zh-CN
Engorged,充血（肿胀）,zh-CN
Engraved Bracers,紋刻護腕（雕饰护腕）,zh-CN
Engraved Crest Shield,紋刻紋章盾（雕饰纹章盾）,zh-CN
Engraved Crossbow,紋刻十字弓（雕饰战弩）,zh-CN
Engraved Focus,紋刻法器（铭刻法器）,zh-CN
Engraved Helm,紋刻之盔（雕饰头盔）,zh-CN
Engraved Knife,紋刻小刀（雕纹小刀）,zh-CN
Enhanced Barrier,強化屏障（强化圣盾）,zh-CN
Enhanced Creation,強化造物（强化创造）,zh-CN
Enhanced Effectiveness,強化效果（强化效能）,zh-CN
Enhanced Reflexes,強化反應（强化反射）,zh-CN
Enhancing Attacks,增強攻擊（强化攻击）,zh-CN
Enigmatic Intensification,神秘增強（神秘强化）,zh-CN
Enlightened Robe,啟蒙長袍（启迪长袍）,zh-CN
Enlightening Shrine,啟蒙神殿（启迪神龛）,zh-CN
Enraged,狂怒（狂暴）,zh-CN
Enraged Reaver,狂怒掠奪者（暴怒收割者）,zh-CN
Enraged Warcry I,激怒戰吼 I（燃怒战吼 I）,zh-CN
Enraged Warcry II,激怒戰吼 II（燃怒战吼 II）,zh-CN
Entangle,纏繞（纠缠）,zh-CN
Entropic Incarnation,熵熱化身（熵能化身）,zh-CN
Entwined Realities,虛實交織（纠缠实相）,zh-CN
Enveloping Presence,無微不至（裹挟气场）,zh-CN
Eons of Contamination,億萬年的汙染（万古污染）,zh-CN
Eons of Domination,億萬年的宰制（万古统治）,zh-CN
Eonyr's Thunder,伊歐涅的雷霆（伊奥尼尔的雷霆）,zh-CN
Epitaph,幽殤之園（纪念庭园）,zh-CN
Equilibrium,均衡（魔武双修）,zh-CN
Equipment,装备,zh-CN
Equippable Armours,可装备护甲,zh-CN
Equipped,已装备,zh-CN
Erian's Cobble,埃里安的鵝卵石（阿里安的拼凑）,zh-CN
Eroding Chains,侵蝕鎖鏈（腐蚀锁链）,zh-CN
Eroding Touch,侵蚀之触,zh-CN
Erraticism,反覆無常（古怪嗜好）,zh-CN
Escalating Mayhem,升溫混亂（混乱四起）,zh-CN
Escalating Poison,遞增之毒（毒性加剧）,zh-CN
Escalating Rivalry,競爭升級（精进对抗）,zh-CN
Escalating Threats,升級威脅（危如累卵）,zh-CN
Escalating Toxins,遞增毒素（渐强毒素）,zh-CN
Escalation,疾升,zh-CN
Escape Shot,逃脫之矢（逃脱射击）,zh-CN
Escape Strategy,逃逸策略（逃脱战术）,zh-CN
Escape Velocity,逃逸速度（动如脱兔）,zh-CN
Esh's Catalyst,艾許的催化劑（艾许催化剂）,zh-CN
Esh's Prowess,艾許的威能（艾许的骁勇）,zh-CN
Esh's Radiance,艾許的光芒（艾许的光辉）,zh-CN
Eshtera's Path,艾許特拉之路（埃斯特拉的道路）,zh-CN
Essence,精髓（精华）,zh-CN
Essence Dowsing,精髓探測（精华探源）,zh-CN
Essence Drain,靈魂吸取（精华吸取）,zh-CN
Essence Harvest,精髓收割（收割精华）,zh-CN
Essence Infusion,精髓灌注（精华灌注）,zh-CN
Essence Stash Tab,精髓倉庫頁,zh-CN
Essence Transference,精髓移轉（精华转移）,zh-CN
Essence of Abrasion,磨礪精髓（磨蚀精华）,zh-CN
Essence of Alacrity,輕快精髓（迅捷精华）,zh-CN
Essence of Battle,戰鬥精髓（激战精华）,zh-CN
Essence of Command,命令精髓（命令精华）,zh-CN
Essence of Delirium,譫妄精髓（谵妄精华）,zh-CN
Essence of Electricity,電能精髓（电光精华）,zh-CN
Essence of Enhancement,強化精髓（强化精华）,zh-CN
Essence of Flames,烈焰精髓（烈焰精华）,zh-CN
Essence of Grounding,接地精髓（接地精华）,zh-CN
Essence of Haste,迅捷精髓（急速精华）,zh-CN
Essence of Horror,極恐精髓（极恐精华）,zh-CN
Essence of Hysteria,浮誇精髓（浮夸精华）,zh-CN
Essence of Ice,寒冰精髓（冰霜精华）,zh-CN
Essence of Insanity,錯亂精髓（错乱精华）,zh-CN
Essence of Insulation,隔絕精髓（绝缘精华）,zh-CN
Essence of Opulence,豐裕精髓（丰裕精华）,zh-CN
Essence of Ruin,毀滅精髓（摧灭精华）,zh-CN
Essence of Seeking,探尋精髓（寻觅精华）,zh-CN
Essence of Sorcery,巫術精髓（魔法精华）,zh-CN
Essence of Thawing,解凍精髓（熔解精华）,zh-CN
Essence of Virtue,結晶美德（美德精华）,zh-CN
Essence of the Abyss,深淵精髓（深渊精华）,zh-CN
Essence of the Body,肉體精髓（身躯精华）,zh-CN
Essence of the Breach,裂痕精髓（裂隙精华）,zh-CN
Essence of the Infinite,無限精髓（永恒精华）,zh-CN
Essence of the Mind,心智精髓（心灵精华）,zh-CN
Essence of the Mountain,山地精華（群山的精华）,zh-CN
Essence of the Storm,暴風精髓（风暴的精华）,zh-CN
Essentia Sanguis,精华收割器,zh-CN
Estazunti's Medallion,艾斯祖太聖徽（埃斯塔祖提的纹章）,zh-CN
Estazunti's Soul Core of Convalescence,艾斯祖太的康復靈魂核心（埃斯塔祖提的康复灵核）,zh-CN
Eternal Adaptiveness,永恆適性（永恒的相性）,zh-CN
Eternal Bloodlust,永恒嗜血,zh-CN
Eternal Dominance,永恆統御（永恒支配）,zh-CN
Eternal Exploitation,永恆開發（永恒榨取）,zh-CN
Eternal Fervour,永恆熱情（永恒的热情）,zh-CN
Eternal Flame I,永恆烈焰 I（长明烈焰 I）,zh-CN
Eternal Flame II,永恆烈焰 II（长明烈焰 II）,zh-CN
Eternal Flame III,永恆烈焰 III（长明烈焰 III）,zh-CN
Eternal Fortitude,永恆剛毅（永恒的韧性）,zh-CN
Eternal Life,永生（永恒的生命）,zh-CN
Eternal March,永恒行军,zh-CN
Eternal Mark,永恒印记,zh-CN
Eternal Rage,永恒狂怒,zh-CN
Eternal Resilience,永恆韌性（永恒的弹性）,zh-CN
Eternal Separation,永恆隔離（永恒的隔离）,zh-CN
Eternal Subjugation,永恆抑制（永恒的镇压）,zh-CN
Eternal Youth,青春永驻,zh-CN
Ether Flow,以太湧流（以太流动）,zh-CN
Evangelist Garb,傳道者裝束（传道士束衣）,zh-CN
Evasion,閃避,zh-CN
Evasive,閃避的（闪避）,zh-CN
Event Horizon,事件視界（黑洞界域）,zh-CN
Eventide Petals,暮色瓣落（黄昏花瓣）,zh-CN
Evergrasping Ring,永恆之握戒指（永恒紧缩之戒）,zh-CN
Everlasting Bloom,永綻之華（永恒绽放）,zh-CN
Everlasting Glory,永恒荣耀,zh-CN
Everlasting Infusions,永恒灌注,zh-CN
Everlasting Sacrifice,永恆奉獻（永恒献祭）,zh-CN
Evocational Practitioner,喚起施行者（召唤践行者）,zh-CN
Evolutionary Pressures,进化压力,zh-CN
Evolved Hide,進化皮鎧（进化兽皮）,zh-CN
Evolving Throngs,人群演變（演化蜂群）,zh-CN
Exalted Orb,崇高石,zh-CN
Exceptional Adornments,卓越飾物（卓越装饰）,zh-CN
Exceptional Armaments,卓越军备,zh-CN
Exceptional Footwear,卓越鞋履（卓越鞋具）,zh-CN
Exceptional Handiwork,卓越手藝（卓越工艺）,zh-CN
Exceptional Item,卓越物品,zh-CN
Exceptional Verisium,卓越維里西姆（卓越维金）,zh-CN
Exceptional Vestments,卓越祭衣（卓越法衣）,zh-CN
Excise,切除（净除）,zh-CN
Excoriate,痛斥（严厉申斥）,zh-CN
Execrate,咒怨（怨恨）,zh-CN
Execratus Hammer,詛咒之錘（秽咒之锤）,zh-CN
Execute I,處刑 I（处决 I）,zh-CN
Execute II,處刑 II（处决 II）,zh-CN
Execute III,處刑 III（处决 III）,zh-CN
Executioner Greataxe,處刑者巨斧（惩罚者大斧）,zh-CN
Exhaust All Power,耗盡全能（竭尽全力）,zh-CN
Exhumed Ruins,廢棄挖掘場（掘尸遗迹）,zh-CN
Exotic Coinage,異域幣鑄（异域铸币）,zh-CN
Expand,扩展,zh-CN
Expanded Designs,擴充設計（扩展设计）,zh-CN
Expanding Hordes,擴張部落（扩张的族群）,zh-CN
Expanding Territory,領土擴張,zh-CN
Expanse,廣闊區域（开疆）,zh-CN
Expansive Alloy,延展合金（扩展合金）,zh-CN
Expected Knockback,预期击退,zh-CN
Expedited Horrors,加深恐懼（极速恐慌）,zh-CN
Expedition,探險（先祖秘藏）,zh-CN
Expedition Logbook,探險日誌（先祖秘藏日志）,zh-CN
Expedition Tablet,探險碑牌（先祖秘藏石板）,zh-CN
Expendable Army,消耗軍團（敢死大军）,zh-CN
Exploit,弱點針對（利用）,zh-CN
Exploit Weakness,攻其之弱（开发要害）,zh-CN
Exploit the Elements,元素弱點（元素利用）,zh-CN
Explorer Armour,探索者护甲,zh-CN
Explosive Concoction,爆裂物（爆破灵药）,zh-CN
Explosive Empowerment,爆裂物強化（爆炸强化）,zh-CN
Explosive Fervour,炸裂狂熱（爆破热忱）,zh-CN
Explosive Grenade,爆炸擲彈（高爆榴弹）,zh-CN
Explosive Impact,暴烈冲击,zh-CN
Explosive Rhythm,炸裂節奏（爆破韵律）,zh-CN
Explosive Shot,爆炸箭矢（爆炸射击）,zh-CN
Explosive Spear,爆炸長矛（爆破战矛）,zh-CN
Explosive Transmutation,爆炸轉化（烈性转化）,zh-CN
Exposed Wounds,暴露傷口（伤口外露）,zh-CN
Exposed to the Cosmos,暴露於宇宙（迎面浩渺）,zh-CN
Exposed to the Inferno,暴露於煉獄之火（迎面烈火）,zh-CN
Exposed to the Storm,暴露於風暴（迎面风暴）,zh-CN
Exposing Cry,暴露戰吼（洞悉战嚎）,zh-CN
Exposure,曝曬（曝露）,zh-CN
Exquisite Design,精致设计,zh-CN
Exquisite Pain,極苦之痛（极度剧痛）,zh-CN
Exquisite Vest,精美背心（浮华背心）,zh-CN
Exsanguinate,抽血（赤炼魔光）,zh-CN
Extended Cleaver,加長砍斧（长柄战斧）,zh-CN
Extinguishing Exhalation,熄滅吐息（镇火之息）,zh-CN
Extra Chaos Damage,额外混沌伤害,zh-CN
Extra Cold Damage,額外冰冷傷害（额外冰霜伤害）,zh-CN
Extra Content,额外内容,zh-CN
Extra Crits,额外暴击,zh-CN
Extra Energy Shield,额外能量护盾,zh-CN
Extra Fire Damage,额外火焰伤害,zh-CN
Extra Lightning Damage,额外闪电伤害,zh-CN
Extra Physical Damage Aura,额外物理伤害光环,zh-CN
Extract the Elements,抽取元素（萃取元素）,zh-CN
Extraction,提取（萃取）,zh-CN
Eye of Chayula,夏烏拉之眼（寻宝者的心眼）,zh-CN
Eye of Winter,凛冬之眼,zh-CN
Eyes of the Runefather,符文之父的視界（符父之眼）,zh-CN
Ezomyte Peak,艾兹麦的荣光,zh-CN
Fabled Showdown,传说对决,zh-CN
Fabled Treasures,命定寶藏（传说宝藏）,zh-CN
Face Mask,護臉之面（覆颜面具）,zh-CN
Face the Past,直面過往,zh-CN
Facebreaker,毁面者,zh-CN
Faded Crisis Fragment,褪色危机碎片,zh-CN
Faerie Fire,仙灵之火,zh-CN
Fairgraves' Curse,费尔的诅咒,zh-CN
Faith is a Choice,信仰即為抉擇（选择信念）,zh-CN
Faithful Leggings,信仰护腿,zh-CN
Falchion,彎刃劍（弯刃大刀）,zh-CN
Falcon Dive,獵鷹下墜（猎鹰俯冲）,zh-CN
Falcon Technique,獵鷹技法（鹰隼之姿）,zh-CN
Falconer's Jacket,訓鷹者外衣（猎鹰师外衣）,zh-CN
Falling Thunder,崩雷鳴（霹雳闪）,zh-CN
Familial Talisman,家族魔符（血亲魔符）,zh-CN
Famous Locals,當地名人（著名乡愿）,zh-CN
Fan The Flames,灼炎扇舞I（煽风点火）,zh-CN
Fan The Flames II,灼炎扇舞II（煽风点火II）,zh-CN
Fan the Flames,搧風點火,zh-CN
Fanatic Bow,盲信之弓（狂热之弓）,zh-CN
Fanatic Greathammer,盲信巨錘（狂乱大锤）,zh-CN
Fang Talisman,銳爪魔符（利齿魔符）,zh-CN
Fangs of Frost,刺骨寒冰,zh-CN
Far Sighted,遠距離射手（远眺之目）,zh-CN
Faridun Mask,法里登之面（法里顿面具）,zh-CN
Farmlands Hideout,藏身處：農地（藏身处：农田）,zh-CN
Farrul's Rune of Grace,費爾羅的優雅符文（法瑞尔的优雅符文）,zh-CN
Farrul's Rune of the Chase,費爾羅的追擊符文（法瑞尔的追逐符文）,zh-CN
Farrul's Rune of the Hunt,費爾羅的狩獵符文（法瑞尔的狩猎符文）,zh-CN
Fast Acting Toxins,速效毒素,zh-CN
Fast Metabolism,快速代謝（急速代谢）,zh-CN
Fast Rot,快速腐爛（急速腐朽）,zh-CN
Faster Start of Energy Shield Recharge,能量護盾更快開始充能（能量护盾充能启动速度加快）,zh-CN
Fate Finding,命運探尋（命运的束缚）,zh-CN
Fate of the Vaal,瓦爾命途,zh-CN
Fated End,命運終結（命中注定）,zh-CN
Fateful Vision,命見視野（命定视界）,zh-CN
Favourable Odds,有利形勢（有利胜算）,zh-CN
Favoured Disciple,賜福教徒（青睐门徒）,zh-CN
Favoured Treasures,摯愛珍寶（受宠宝藏）,zh-CN
Fear Incarnate,恐懼化型（恐惧化身）,zh-CN
Fear Overwhelming,壓倒性恐懼（恐惧侵袭）,zh-CN
Fearful Paralysis,恐懼癱瘓（恐惧麻痹）,zh-CN
Feast of Flesh,血肉盛宴,zh-CN
Feathered Fletching,羽毛箭羽（飞羽流矢）,zh-CN
Feathered Fortress,羽毛堡壘（乱羽金城）,zh-CN
Feathered Mitts,羽毛長手套（羽饰护手）,zh-CN
Feathered Raiment,羽絨之衣（羽饰之衣）,zh-CN
Feathered Robe,羽毛長袍（羽饰长袍）,zh-CN
Feathered Sandals,羽毛便鞋（羽饰鞋履）,zh-CN
Feathered Targe,羽毛圓盾（羽饰圆盾）,zh-CN
Feathered Tiara,羽毛頭冠（羽饰冠冕）,zh-CN
Feeding Frenzy I,豢養狂熱 I（狂噬 I）,zh-CN
Feeding Frenzy II,豢養狂熱 II（狂噬 II）,zh-CN
Feel no Pain,不痛不癢（不惧疼痛）,zh-CN
Feel the Earth,感受大地（感触大地）,zh-CN
Feeling Lucky?,好手氣（脆弱的珍宝）,zh-CN
Felled Greatclub,墮落巨棍棒（伐采巨棍）,zh-CN
Felled Hideout,藏身處：殞落（藏身处：伐木场）,zh-CN
Felt Cap,毛氈便帽（毛毡帽）,zh-CN
Fenumus' Rune of Agony,菲恩絲的苦痛符文（费努姆斯的痛苦符文）,zh-CN
Fenumus' Rune of Draining,菲恩絲的流失符文（费努姆斯的流失符文）,zh-CN
Fenumus' Rune of Spinning,菲恩絲的轉動符文（费努姆斯的飞旋符文）,zh-CN
Feral Invocation,野性祈求（野性召唤）,zh-CN
Ferocious Roar,兇猛怒吼（凶蛮咆哮）,zh-CN
Ferocity,狂暴,zh-CN
Fervour,激情,zh-CN
Fierce Greathelm,兇猛巨盔（刚烈巨盔）,zh-CN
Fiery Death,火熱死寂（炽灭）,zh-CN
Fiery Leadership,激情領導（炽热的领袖）,zh-CN
Fight as One,並肩作戰（合力奋战）,zh-CN
Final Barrage,終極彈幕（终结弹幕）,zh-CN
Final Strike,最終打擊（绝杀打击）,zh-CN
Finality,終極（殒殁）,zh-CN
Fine Belt,精良腰帶（精致腰带）,zh-CN
Fine Bracers,精良護腕（精工护腕）,zh-CN
Finesse,娴熟,zh-CN
Finish Them,了結他們（禁锢终结）,zh-CN
Finishing Blows,終結之擊（绝命追击）,zh-CN
Fire,火焰,zh-CN
Fire Attunement,火焰同調（火焰协调）,zh-CN
Fire Damage,火焰伤害,zh-CN
Fire Exposure,火焰曝曬（火焰曝露）,zh-CN
Fire Mastery,火焰专精,zh-CN
Fire Penetration I,火焰穿透 I,zh-CN
Fire Penetration II,火焰穿透 II,zh-CN
Fire Quiver,火焰箭袋（火灵箭袋）,zh-CN
Fire Resistant,火焰抵抗（火焰抗性）,zh-CN
Fire Rune,火焰符文,zh-CN
Fire Spell on Hit,击中时火焰法术,zh-CN
Fireball,火球,zh-CN
Firebolt,火彈（火焰弹）,zh-CN
Firedancer,火焰舞者（炎舞者）,zh-CN
Fireflower,火焰之花（烈火繁花）,zh-CN
Firestarter,引火,zh-CN
Firestorm,烈炎风暴,zh-CN
Firm Bracers,穩固護腕（牢固护腕）,zh-CN
First Approach,初次嘗試（第一次接触）,zh-CN
First Blood,武器特效：浴血鬥士（武器特效： 第一滴血）,zh-CN
First Principle of the Hollow,虛空的第一準則（虚空第一原理）,zh-CN
First Sting,首道毒刺（原初蛰刺）,zh-CN
First Teachings of the Keeper,守護者的初次教誨（守护者第一教令）,zh-CN
First Working,首次运作,zh-CN
Fishing Rods,鱼竿,zh-CN
Fist Of Kalguur,卡爾葛之拳（卡古兰之拳）,zh-CN
Fist of War I,拳霸 I（战争铁拳 I）,zh-CN
Fist of War II,拳霸 II（战争铁拳 II）,zh-CN
Fist of War III,拳霸 III（战争铁拳 III）,zh-CN
Fists of Stone,磐石之拳（石拳）,zh-CN
Fit for a King,帝王專屬（王者之享）,zh-CN
Fixation of Yix,伊克斯的依戀（伊克斯的专注）,zh-CN
Flail Strike,鏈錘打擊（连枷打击）,zh-CN
Flails,鏈錘（连枷）,zh-CN
Flame Archon,火焰統治者（火焰执政官）,zh-CN
Flame Breath,火焰吐息（龙炎吐息）,zh-CN
Flame Pillar,火炎之柱（烈焰之柱）,zh-CN
Flame Wall,烈焰之墙,zh-CN
Flame of Chayula,夏烏拉之炎（夏乌拉之焰）,zh-CN
Flameblast,烈焰爆破,zh-CN
Flamekeeper,烈焰看守者（火焰守护者）,zh-CN
Flamepierce,烈焰穿透（烈焰穿刺）,zh-CN
Flamewalker,火焰行者,zh-CN
Flammability,易燃,zh-CN
Flanged Greatblade,凸緣巨刃（焰刃巨剑）,zh-CN
Flanged Mace,护体之锤,zh-CN
Flare,闪焰,zh-CN
Flared Boots,閃耀長靴（宽口靴）,zh-CN
Flared Mace,閃光之錘（耀焰之锤）,zh-CN
Flash Grenade,閃光擲彈（闪光榴弹）,zh-CN
Flash Storm,電光風暴（迅闪雷暴）,zh-CN
Flashy Parrying,華麗招架（飞速格挡）,zh-CN
Flasks,药剂,zh-CN
Flawless Execution,完美行動（完美处决）,zh-CN
Flawless Patterns,完美樣式（完美图景）,zh-CN
Flax Sandals,亞麻便鞋（麻布鞋履）,zh-CN
Flesh Catalyst,血肉催化剂,zh-CN
Flesh Crucible,血肉坩堝（血肉玄炉）,zh-CN
Flesh Flower,血肉之花,zh-CN
Flesh Withstands,肉體承受（血肉承压）,zh-CN
Flesh Worship,肉體崇拜（血肉崇拜）,zh-CN
Flesh to Flames,獄火焚身（蚀骨烈焰）,zh-CN
Flesh to Frost,寒霜凍身（蚀骨寒冰）,zh-CN
Flesh to Lightning,雷霆灌身（蚀骨闪电）,zh-CN
Fleshcrafting,血肉塑造（塑命巨匠）,zh-CN
Flexed Crossbow,屈曲十字弓（弯曲战弩）,zh-CN
Flicker Strike,闪现打击,zh-CN
Flip the Script,扭轉局勢（力挽狂澜）,zh-CN
Flotsam,廢料堆（漂流物）,zh-CN
Flow,流動（波流）,zh-CN
Flow Like Water,行雲流水（势如流水）,zh-CN
Flow State,戰鬥節奏（行云流水）,zh-CN
Flow of Life,生命之流,zh-CN
Flow of Time,时间之流,zh-CN
Flowing Metal,流體金屬（液态金属）,zh-CN
Flowing Raiment,奔流之衣（飘逸之衣）,zh-CN
Fluke,僥倖（运势）,zh-CN
Flurry,冽風（霜雪疾风）,zh-CN
Flying Spear,翱翔長矛（飞行战矛）,zh-CN
Foci,法器,zh-CN
Focused Channel,重點引導（专注吟唱）,zh-CN
Focused Curse,專注詛咒（聚焦诅咒）,zh-CN
Focused Thrust,專注突刺（专注刺击）,zh-CN
Font of Blood,鮮血器皿（血脉源泉）,zh-CN
Font of Mana,魔力器皿（魔力源泉）,zh-CN
Font of Power,力量水晶塔（力量的源泉）,zh-CN
Font of Rage,盛怒器皿（怒火源泉）,zh-CN
Footprints in the Sand,沙中足跡（涉沙留痕）,zh-CN
For Utopia,为了乌托邦,zh-CN
For the Jugular,直擊要害（直取咽喉）,zh-CN
For the Price of One,買一送一（以一换二）,zh-CN
Forbidden Path,禁忌之徑（禁忌之路）,zh-CN
Force of Will,意志之力（意志的力量）,zh-CN
Forced Outcome,強制結果（命途强塑）,zh-CN
Forceful Energies,強力能量（钢胆魄力）,zh-CN
Forces of Nature,自然之力,zh-CN
Forcewave,力量震波（撼地波）,zh-CN
Forest Crown,森林之冠（森林王冠）,zh-CN
Forest Mastery,森林精通（森林专精）,zh-CN
Foretold Bounty,洞見獎賞（预兆之赏）,zh-CN
Foretold Proliferation,洞見擴散（预兆蔓延）,zh-CN
Forge,鍛造（铸铁熔炉）,zh-CN
Forge Hammer,锻造之锤,zh-CN
Forge Maul,鍛造重錘（锻炉巨锤）,zh-CN
Forged in Flame,烈焰鑄造（烈焰的淬炼）,zh-CN
Forgo the Flesh,摒棄肉身（舍弃血肉）,zh-CN
Forgotten Heights,忘卻之巔（遗忘高地）,zh-CN
Forgotten Warden,遺忘看守（遗忘守卫）,zh-CN
Fork,分岔（分叉）,zh-CN
Forked Spear,叉狀長矛（分叉长矛）,zh-CN
Forking Belt,歧路腰帶（分叉腰带）,zh-CN
Form or Focus,形體專注（形态或专注）,zh-CN
Forms Beyond Understanding,超知形體（难解之形）,zh-CN
Forsaken Bangle,遺落的手鐲（遗弃手镯）,zh-CN
Forthcoming,命運將至（绵延不绝）,zh-CN
Fortified Aegis,護體神盾（强固神盾）,zh-CN
Fortified Hammer,強化之錘（强固之锤）,zh-CN
Fortified Location,強化陣地（坚固位置）,zh-CN
Fortifying Blood,堅韌之血（强韧血脉）,zh-CN
Fortifying Cry,堅韌之吼（坚韧战吼）,zh-CN
Fortress,上古堡垒,zh-CN
Fortress I,堡壘 I（坚城 I）,zh-CN
Fortress II,堡壘 II（坚城 II）,zh-CN
Fortress Sabatons,要塞鎧靴（要塞战靴）,zh-CN
Fortress Tower Shield,要塞塔盾,zh-CN
Fox Idol,狐狸魔偶（狐狸雕像）,zh-CN
Foxshade,狐毛铠,zh-CN
Fractured Modifiers,破裂詞綴（分裂词缀）,zh-CN
Fracturing Mirror Shards,裂鏡碎片（破溃之镜碎片）,zh-CN
Fracturing Mirrors,破裂之鏡（破溃之镜）,zh-CN
Fracturing Orb,破裂石（破溃宝珠）,zh-CN
Fragment Stash Tab,碎片倉庫頁,zh-CN
Fragment of Divinity,神性碎片,zh-CN
Fragmentation Rounds,分裂彈藥（碎裂弹药）,zh-CN
Fragmented Mirror,破碎幻鏡（碎裂的魔镜）,zh-CN
Fragments Of The Past,往昔碎片,zh-CN
Frantic Fighter,瘋狂鬥士（狂热战士）,zh-CN
Frantic Invasion,瘋狂入侵（狂乱侵袭）,zh-CN
Frantic Reach,狂亂延伸（狂乱之触）,zh-CN
Frantic Swings,狂亂揮擊（狂热挥击）,zh-CN
Frayed Shoes,磨損輕鞋（磨损便鞋）,zh-CN
Frazzled,力盡（疲乏）,zh-CN
Free Rerolls,免費重骰（免费重置）,zh-CN
Freebooter Cap,劫掠者便帽（劫掠者之帽）,zh-CN
Freed From Corruption,腐化解脫（摆脱腐化）,zh-CN
Freedom of Faith,信仰的自由（信念的自由）,zh-CN
Freedom of Movement,解放行動（行动自如）,zh-CN
Freeze Threshold,冰凍門檻（冻结阈值）,zh-CN
Freezefork,冰凍之叉（冻结分叉）,zh-CN
Freezing Mark,冰冻印记,zh-CN
Freezing Salvo,冻结齐射,zh-CN
Freezing Shards,冰凍裂片（急冻碎片）,zh-CN
Frenetic,狂热,zh-CN
Frenzied Faith,狂怒信念（狂烈的信仰）,zh-CN
Frenzied Riposte,狂亂反擊（狂怒反击）,zh-CN
Frenzied Talisman,狂亂魔符,zh-CN
Fresh Clip I,全新彈夾 I（新装箭匣 I）,zh-CN
Fresh Clip II,全新彈夾 II（新装箭匣 II）,zh-CN
Freshly Brewed,鮮釀（新酿）,zh-CN
Friend to Many,眾生之友（交友广阔）,zh-CN
Frightening Shield,可怖重盾（慑魂之盾）,zh-CN
Frigid Bluffs,寒風峭壁（凛风悬崖）,zh-CN
From Below,來自地底（来自深渊）,zh-CN
From Distances Untold,遙聲未語（来自未知远方）,zh-CN
From Nothing,從無到有（无根之源）,zh-CN
From the Mists,來自迷霧（迷雾之嗣）,zh-CN
Frost Bomb,寒霜爆,zh-CN
Frost Darts,寒霜之鏢（冰霜飞镖）,zh-CN
Frost Nexus,冰霜匯聚（封冻枢纽）,zh-CN
Frost Wall,冰墙,zh-CN
Frostbolt,寒冰弹,zh-CN
Frostbreath,霜息,zh-CN
Frostfire,霜火,zh-CN
Frostflame Nova,霜火新星（霜焰新星）,zh-CN
Frostwalker,寒霜行者（冰霜行者）,zh-CN
Frozen,冰凍（冻结）,zh-CN
Frozen Claw,冰凍之爪（寒冰利爪）,zh-CN
Frozen Falls,冰凍瀑布（冰封瀑布）,zh-CN
Frozen Flume,冰凍水道（冻结冰流）,zh-CN
Frozen Limit,冰凍上限（冻结上限）,zh-CN
Frozen Locus,寒冰軌跡（冰凌座）,zh-CN
Frozen Spite,凍結怨恨（冰冻怨恨）,zh-CN
Frozen Vortex,凍結漩渦（冰封漩涡）,zh-CN
Full Plate,连身铠甲,zh-CN
Full Recovery,完全恢復（完全康复）,zh-CN
Full Salvo,全面齊射（全弹发射）,zh-CN
Full of Vigor,精力充沛,zh-CN
Fulminating Concoction,烈性混合物（雷鸣灵药）,zh-CN
Fulmination,劇烈爆發（轰鸣烈焰）,zh-CN
Fungal Talisman,真菌魔符,zh-CN
Fur Plate,毛皮鎧甲（覆皮之铠）,zh-CN
Fur-lined Targe,皮襯圓盾（毛皮衬里圆盾）,zh-CN
Furious Slam,狂暴重擊（狂怒猛击）,zh-CN
Furious Wellspring,狂怒源泉（狂怒之源）,zh-CN
Furs and Leather,毛皮與皮革（皮毛坠饰）,zh-CN
Furtive Wraps,隱秘裹手（鬼祟裹手）,zh-CN
Fury Cleaver,狂怒砍斧（暴怒战斧）,zh-CN
Fury Talisman,怒火魔符（狂怒魔符）,zh-CN
Fury of the King,帝王之怒（君王之怒）,zh-CN
Fury of the Mountain,山嶺之怒（山岳之怒）,zh-CN
Fusillade,聚靈之杖（连环飞矢）,zh-CN
Future-Past,未來昔日（未来的过去）,zh-CN
Gaining Stats from other Stats,從其他能力獲得能力（获得相当于其他属性的属性）,zh-CN
Gaining Traction,站穩腳跟,zh-CN
Galvanic Field,電光領域（电流场）,zh-CN
Galvanic Shards,電能碎片（电光散射）,zh-CN
Galvanic Wand,電能法杖（电流法杖）,zh-CN
Gambleshot,博弈射擊（投机射击）,zh-CN
Gamblesprint,豪賭（博运步伐）,zh-CN
Gargantuan Life Flask,巨大生命藥劑（恢弘生命药剂）,zh-CN
Gargantuan Mana Flask,巨大魔力藥劑（恢弘魔力药剂）,zh-CN
Garment,服裝（华服装束）,zh-CN
Garukhan's Resolve,卡洛翰的決心（格鲁坎的决心）,zh-CN
Garukhan's Tomb,卡洛翰陵墓（格鲁坎的安歇处）,zh-CN
Gas Arrow,毒氣箭矢（瓦斯之箭）,zh-CN
Gas Grenade,毒氣擲彈（瓦斯榴弹）,zh-CN
Gasp Rune,恐息符文,zh-CN
Gatecrasher,破门者,zh-CN
Gathered Masses,聚集群眾（乌合之众）,zh-CN
Gathering Storm,風暴凝聚（聚风雨）,zh-CN
Gathering Winds,集風（聚风）,zh-CN
Gauze Wraps,紗布裹手（薄纱裹手）,zh-CN
Gelid Palm,冰冽掌（寒冰掌）,zh-CN
Gelid Staff,極寒長杖（冰寒长杖）,zh-CN
"Gelida, the Frost-Tongue",冰霜之舌．蓋利達（格莉达，霜咒之舌）,zh-CN
Gem Enthusiast,宝石爱好者,zh-CN
Gem Studded,鑲嵌的寶石（嵌宝美玉）,zh-CN
Gemcutter's Prism,宝石匠的棱镜,zh-CN
Gemini Bow,双子之弓,zh-CN
Gemini Crossbow,雙子十字弓（双灵战弩）,zh-CN
Gemini Surge,雙靈波動（双灵涌动）,zh-CN
Gemling Ambush,古靈伏擊（宝石的伏击）,zh-CN
Gemling Inquisition,古靈審判所（璀璨审判）,zh-CN
Gemling Legionnaire,古靈軍團（古灵使徒斗士）,zh-CN
Gemling Training,古靈訓練（璀璨训练）,zh-CN
Gems,寶石,zh-CN
General Electric,通用電（通用电击）,zh-CN
General's Bindings,將軍的束縛（将军的铁壁）,zh-CN
Geofri's End,吉爾菲的結局（吉尔菲的末日）,zh-CN
Geofri's Sanctuary,吉尔菲的圣殿,zh-CN
"Geonor, the Putrid Wolf",腐敗巨狼．吉恩諾（吉恩诺，腐败恶狼）,zh-CN
Get out of my head!,從我的頭裡滾出去！（滚出我的脑袋！）,zh-CN
Ghastly Relics,慘白遺物（恐怖遗物）,zh-CN
Ghost Dance,鬼魂之舞（幽灵舞步）,zh-CN
Ghostmarch,鬼行,zh-CN
Ghostwrithe,鬧鬼（代笔人）,zh-CN
Giant Life Flask,巨型生命药剂,zh-CN
Giant Mana Flask,巨型魔力药剂,zh-CN
Giant Maul,巨型重錘（伟岸巨锤）,zh-CN
Giant's Blood,巨人之血,zh-CN
Giantslayer,泰坦殺手（巨人克星）,zh-CN
Gift of the Plains,平原的恩賜（平原之赐）,zh-CN
Gifts from Above,神赐,zh-CN
Gigantic,極大（庞然大物）,zh-CN
Gigantic Following,巨大追隨者（庞大侍从）,zh-CN
Gilded Vestments,鍍金法衣（鎏金长衣）,zh-CN
Give Up Your Essence,放棄你的精髓（献出你的精华）,zh-CN
Glacial Bolt,冰川弩箭,zh-CN
Glacial Cascade,冰川之刺,zh-CN
Glacial Fortress,冰川堡壘（冰川要塞）,zh-CN
Glacial Lance,冰川之槍（冰川长枪）,zh-CN
Glacial Rune,冰川符文,zh-CN
Glaciation,急凍化（冰河世纪）,zh-CN
Glacier,冰河（冰川）,zh-CN
Gladiatorial Helm,衛士之盔（角斗士头盔）,zh-CN
Glancing Blows,側身之擊（斗转星移）,zh-CN
Glancing Deflection,斜擦偏斜（斜掠偏转）,zh-CN
Glass Shank,玻璃利片,zh-CN
Glassblower's Bauble,玻璃弹珠,zh-CN
Glazed Flesh,琉璃血肉（光洁血肉）,zh-CN
Gleaming Cuffs,輝光腕帶（闪亮袖带）,zh-CN
Gleaming Legion,閃耀軍閥（辉煌军团）,zh-CN
Glimpse of Chaos,混沌一瞥,zh-CN
Gloam Amulet,黃昏項鍊（薄暮项链）,zh-CN
Gloam Ring,黃昏戒指（戒指：薄暮）,zh-CN
Gloamgown,暮光長袍（薄暮罩袍）,zh-CN
Gloom Shrine,漆黑神殿（隐忍神龛）,zh-CN
Gloomform,幽暗之衣（幽邃之躯）,zh-CN
Glorious Anticipation,榮耀期盼（荣耀期待）,zh-CN
Glory,Glory（荣耀）,zh-CN
Gloves,手套,zh-CN
Glowering Crest Shield,怒视纹章盾,zh-CN
Glowswarm,發光蟲群（微光虫）,zh-CN
Gluttonous Presence,暴食存在（贪食之姿）,zh-CN
Gnawed Collarbone,破碎的鎖骨（啃噬锁骨）,zh-CN
Gnawed Jawbone,破碎的顎骨（啃噬颚骨）,zh-CN
Gnawed Rib,破碎的肋骨（啃噬肋骨）,zh-CN
Godwin of the Shattered Creed,破碎教則．戈德溫（破碎信条之戈德温）,zh-CN
Gold,金幣,zh-CN
Gold Amulet,帝金护身符,zh-CN
Gold Circlet,黃金頭環（烁金头冠）,zh-CN
Gold Gloves,黄金手套,zh-CN
Gold Ring,金光戒指,zh-CN
Goldcast Cuffs,金鑄腕帶（金索袖带）,zh-CN
Golden Charm,黃金護符（黄金咒符）,zh-CN
Golden Mail,耀金鎖甲（黄金锁甲）,zh-CN
Golden Targe,耀金圆盾,zh-CN
Golden Visage,黃金面紗（金色面具）,zh-CN
Goldrim,金缕帽,zh-CN
Goldwork Sabatons,金刺繡鎧靴（金工战靴）,zh-CN
Goldworked Tower Shield,黃金塔盾（金工塔盾）,zh-CN
Gore Spike,创伤尖刺,zh-CN
Goregirdle,血肉束腰（残血束腰）,zh-CN
Gorge,峽谷（狼吞虎咽）,zh-CN
"Gorian, the Moving Earth",移動大地．戈里安（高利安，活化的大地）,zh-CN
Goring,刺穿（淤血创痕）,zh-CN
Gothic Quarterstaff,歌德細杖（哥特节杖）,zh-CN
"Gozen, Rebellious Rustlord",反叛鐵鏽之王．葛森（戈赞，锈污义军领主）,zh-CN
Grace of the Ancestors,先祖優雅（先祖之恩）,zh-CN
Grand Bracers,宏伟护腕,zh-CN
Grand Cuisses,宏偉腿甲（恢弘腿甲）,zh-CN
Grand Expedition,大型探險,zh-CN
Grand Life Flask,优质生命药剂,zh-CN
Grand Mana Flask,优质魔力药剂,zh-CN
Grand Manchettes,宏偉手鐲（恢弘袖口）,zh-CN
Grand Mirror,宏偉之鏡（恢宏之镜）,zh-CN
Grand Regalia,宏偉華服（恢弘盛装）,zh-CN
Grand Spear,宏偉長矛（宏伟战矛）,zh-CN
Grand Spectrum,巨光譜（聚光之石）,zh-CN
Grand Visage,宏偉面紗（恢弘面罩）,zh-CN
Grasp of the Void,虚空之握,zh-CN
Grasping Mail,貪婪鎧甲（扼杀链甲）,zh-CN
Grasping Ring,抓取之戒（贪婪戒指）,zh-CN
Grasping Vines,缓速藤蔓,zh-CN
Grasping Wounds,緊扼傷口（弥久伤痕）,zh-CN
Grass Mastery,草原精通（草原专精）,zh-CN
Gravebind,幽墓束縛（坟场之链）,zh-CN
Gravedigger,掘墓者（掘墓人）,zh-CN
Grazed Prairie,闊牧遼原（牧野荒原）,zh-CN
Great Beast,猛獸（巨兽）,zh-CN
Great Flail,大型鏈錘（巨型连枷）,zh-CN
Great White One,大白鯊（巨白鲨）,zh-CN
Greater Adept Rune,高階嫻熟符文（高级行家符文）,zh-CN
Greater Body Rune,高階肉體符文（高级身躯符文）,zh-CN
Greater Chaos Orb,高階混沌石（高级混沌石）,zh-CN
Greater Charging Rune,高階充能符文（高级充能符文）,zh-CN
Greater Desert Rune,高階沙漠符文（高级沙漠符文）,zh-CN
Greater Essence of Abrasion,高階磨礪精髓（强效磨蚀精华）,zh-CN
Greater Essence of Alacrity,高階輕快精髓（强效迅捷精华）,zh-CN
Greater Essence of Battle,高階戰鬥精髓（强效激战精华）,zh-CN
Greater Essence of Command,高階命令精髓（强效命令精华）,zh-CN
Greater Essence of Electricity,高階電能精髓（强效电光精华）,zh-CN
Greater Essence of Enhancement,高階強化精髓（强效增强精华）,zh-CN
Greater Essence of Flames,高階烈焰精髓（强效火焰精华）,zh-CN
Greater Essence of Grounding,高階接地精髓（强效接地精华）,zh-CN
Greater Essence of Haste,高階迅捷精髓（强效急速精华）,zh-CN
Greater Essence of Ice,高階寒冰精髓（强效冰霜精华）,zh-CN
Greater Essence of Insulation,高階隔絕精髓（强效绝缘精华）,zh-CN
Greater Essence of Opulence,高階豐裕精髓（强效丰裕精华）,zh-CN
Greater Essence of Ruin,高階毀滅精髓（强效摧灭精华）,zh-CN
Greater Essence of Seeking,高階探尋精髓（强效寻觅精华）,zh-CN
Greater Essence of Sorcery,高階巫術精髓（强效魔法精华）,zh-CN
Greater Essence of Thawing,高階解凍精髓（强效熔解精华）,zh-CN
Greater Essence of the Body,高階肉體精髓（强效身躯精华）,zh-CN
Greater Essence of the Infinite,高階無限精髓（强效永恒精华）,zh-CN
Greater Essence of the Mind,高階心智精髓（强效心灵精华）,zh-CN
Greater Exalted Orb,高階崇高石（高级崇高石）,zh-CN
Greater Gifts,進階獎勵（高级赠礼）,zh-CN
Greater Glacial Rune,高階冰川符文（高级冰川符文）,zh-CN
Greater Inspiration Rune,高階啟發符文（高级启迪符文）,zh-CN
Greater Iron Rune,高階鍛鐵符文（高级钢铁符文）,zh-CN
Greater Jeweller's Orb,高階工匠石（高等工匠石）,zh-CN
Greater Life Flask,良质生命药剂,zh-CN
Greater Mana Flask,良质魔力药剂,zh-CN
Greater Mind Rune,高階心靈符文（高级心灵符文）,zh-CN
Greater Orb of Augmentation,高階增幅石（高级增幅石）,zh-CN
Greater Orb of Transmutation,高階蛻變石（高级蜕变石）,zh-CN
Greater Pattern,宏偉樣式（宏大图景）,zh-CN
Greater Rebirth Rune,高階重生符文（高级重生符文）,zh-CN
Greater Regal Orb,高階富豪石（高级富豪石）,zh-CN
Greater Resolve Rune,高階決心符文（高级坚毅符文）,zh-CN
Greater Robust Rune,高階堅實符文（高级健壮符文）,zh-CN
Greater Rune of Alacrity,高階迅捷符文（高级迅捷符文）,zh-CN
Greater Rune of Leadership,高階領導符文（高级领袖符文）,zh-CN
Greater Rune of Nobility,高階崇高符文（高级尊贵符文）,zh-CN
Greater Rune of Tithing,高階奉獻符文（高级奉纳符文）,zh-CN
Greater Stone Rune,高階岩石符文（高级磐石符文）,zh-CN
Greater Storm Rune,高階暴風符文（高级风暴符文）,zh-CN
Greater Vision Rune,高階遠見符文（高级幻象符文）,zh-CN
Greater Ward Rune,高階保護符文（高级结界符文）,zh-CN
Greatest Defence,極致防禦（卓绝防御）,zh-CN
Greatwood II,大森林 II（神木 II）,zh-CN
Greed Shrine,貪婪神殿（贪婪神龛）,zh-CN
Greed's Embrace,贪婪之拥,zh-CN
Greenhouse,繁茂溫室（温室）,zh-CN
Grenade,擲彈（榴弹）,zh-CN
Grenade Skills,擲彈技能（榴弹技能）,zh-CN
Grenadier,擲彈手（掷弹兵）,zh-CN
"Gressor-Kul, the Apex",巔峰者．葛雷索庫（格瑞索库尔，至高兽主）,zh-CN
Greymake,灰製（苍髯皓首）,zh-CN
Grim Feast,冷酷之宴（饕餮飨宴）,zh-CN
Grim Gloves,冷酷手套,zh-CN
Grim Pillars,恐怖之柱（阴森之柱）,zh-CN
Grimhaven,肅穆之地（阴霾湾）,zh-CN
Grinning Immolation,邪惡焚化（狰狞奉献）,zh-CN
Grinning Mask,獰笑之面（狞笑面罩）,zh-CN
Grip of Evil,惡靈之握（邪恶之握）,zh-CN
Grip of Kulemak,骷髏馬克的掌握（库勒马克之握）,zh-CN
Grip of Winter,凛冬之握,zh-CN
Grip of the Wilds,荒野之握,zh-CN
Grit,毅力（刚毅）,zh-CN
Ground Smooth,磨平大地（平滑大地）,zh-CN
Grounded in the Earth,腳踏實地（扎根大地）,zh-CN
Grounding Charm,接地護符（根基咒符）,zh-CN
Growing Peril,危境增長（危在旦夕）,zh-CN
Growing Swarm,人海戰術（成群结队）,zh-CN
Growing Wealth,增长财富,zh-CN
"Grudgelash, Vile Thorn",惡棘者．葛局拉許（怨恨鞭藤，恶毒荆棘）,zh-CN
Gruelling Madness,殘忍瘋狂（苦痛狂乱）,zh-CN
Guard,守護（防卫）,zh-CN
Guarded Flail,警惕鏈錘（卫甲连枷）,zh-CN
Guarded Helm,警惕之盔（守护之盔）,zh-CN
Guarded Wealth,守護財富（受护财富）,zh-CN
Guardian Bow,防衛者之弓（守护者之弓）,zh-CN
Guardian Quarterstaff,守護細杖（守护者节杖）,zh-CN
Guardian Spear,衛者長矛（守护者战矛）,zh-CN
Guatelitzi's Ablation,瓜特利斯的消融（瓜铁雷兹的消融）,zh-CN
Guatelitzi's Soul Core of Endurance,瓜特利斯的的耐久靈魂核心（瓜铁雷兹的耐力灵核）,zh-CN
Guatelitzi's Thesis,瓜特利斯的假說（瓜铁雷兹的圣典）,zh-CN
Guerilla Warfare,游擊戰（游击战法）,zh-CN
Guided Freezing Shrine,引導霜寒神殿（导引霜寒神龛）,zh-CN
Guided Hand,引領之手（引导之手）,zh-CN
Guided Meteoric Shrine,引導隕石神殿（导引陨星神龛）,zh-CN
Guided Tempest Shrine,引導暴風神殿（导引风暴神龛）,zh-CN
Guiding Palm of the Eye,引導之掌：眼（眼目之指引之掌）,zh-CN
Guiding Palm of the Heart,引導之掌：心（心脏之指引之掌）,zh-CN
Guiding Palm of the Mind,引導之掌：靈（意念之指引之掌）,zh-CN
Guild Craftsmen,公會匠人（公会工匠）,zh-CN
"Gulzal, the Living Furnace",活熔爐．古爾札（古尔扎尔，活体熔炉）,zh-CN
Guts,膽量（刚胆）,zh-CN
Gutspike Buckler,挑腸輕盾（肠刺轻盾）,zh-CN
Guttural Roar,喉鳴咆哮（刺耳呐喊）,zh-CN
Hadi of the Flaming River,火炎之河．哈迪（怒焰之川的哈迪）,zh-CN
Haemocrystals,血晶（赤炼水晶）,zh-CN
Haemorrhaging Cuts,流血切口（出血创口）,zh-CN
Hail,冰雹（冰雹骤降）,zh-CN
Hailstorm Rounds,冰雹弹药,zh-CN
Hale Heart,心心向榮（壮心不已）,zh-CN
Hale Traveller,健壯旅人（强健旅行者）,zh-CN
Hallowed,聖潔（崇敬宗师）,zh-CN
Hallowed Crown,聖潔之冠（神圣王冠）,zh-CN
Hallowed Focus,聖潔法器（神圣法器）,zh-CN
Hammer of the Gods,眾神之錘（诸天之锤）,zh-CN
Hand in the Grave,死墓埋手（墓中之手）,zh-CN
Hand of Chayula,夏乌拉之手,zh-CN
Hand of Wisdom and Action,智行之手,zh-CN
Harbinger of Madness,神諭之狂（疯魔先驱）,zh-CN
Hard to Kill,不易死亡（不灭之躯）,zh-CN
Hard-Won Treasures,來之不易的珍寶（难得之宝）,zh-CN
Hardened Wood,硬化樹木（硬化神木）,zh-CN
Hardwood Spear,硬木长矛,zh-CN
Hardwood Targe,硬木圆盾,zh-CN
Hardy Totems I,坚韧图腾 I,zh-CN
Hardy Totems II,坚韧图腾 II,zh-CN
Harmonic Corruption,和谐腐化,zh-CN
Harmonic Generator,和諧發電（谐波发生器）,zh-CN
Harmonic Remnants I,和諧的痕跡 I（和谐残迹 I）,zh-CN
Harmonic Remnants II,和諧的痕跡 II（和谐残迹 II）,zh-CN
Harmony Within,心宇和諧（内境和谐）,zh-CN
Harness the Elements,驾驭元素,zh-CN
Harsh Adaptations,严酷适应,zh-CN
Harsh Winter,嚴冬（凛冽寒冬）,zh-CN
"Hask, the Fallen Son",墮落之子．哈斯克（哈斯克，陨落之子）,zh-CN
Haste Aura,迅捷光环,zh-CN
Hasted,迅捷,zh-CN
Hastening Barrier,加速屏障（疾速屏障）,zh-CN
Hateforge,怨恨鍛造（仇恨熔炉）,zh-CN
Hatungo Garb,靈語者裝束（哈图纳格斯束衣）,zh-CN
Havoc Raiment,禍害之衣（劫难之衣）,zh-CN
Hawk Idol,翔鷹魔偶（鹰隼雕像）,zh-CN
Hawker's Jacket,飼鷹者外衣（小贩外衣）,zh-CN
Hayoxi's Fulmination,荷霖蔡的轟鳴（海幽夏的诛罚）,zh-CN
Hayoxi's Medallion,荷霖蔡聖徽（海幽夏的纹章）,zh-CN
Hayoxi's Soul Core of Heatproofing,荷霖蔡的隔熱靈魂核心（海幽夏的耐热灵核）,zh-CN
Hazards,危險（危害）,zh-CN
Head of the King,國王首級（君王之颅）,zh-CN
Headhunter,猎首,zh-CN
Headland,海角（海角天涯）,zh-CN
Headshot,爆頭（命中目标）,zh-CN
Healing Runes,治癒符文（治疗符文）,zh-CN
Heals Allies and Suppresses Foe Recovery,治癒友方和壓抑敵人恢復（治疗友军并压制敌方回复）,zh-CN
Heart Tissue,心臟疾病（心源强健）,zh-CN
Heart of Corruption,腐化之心,zh-CN
Heart of Ice,冰雪之心,zh-CN
Heart of the Well,水井之心（泉井之心）,zh-CN
Heartbound Loop,结魂之环,zh-CN
Heartbreaking,心伤,zh-CN
Heartcarver Mantle,雕心者披肩（刻心斗篷）,zh-CN
Heartstopper,心靈永止（凝心者）,zh-CN
Heartstopping,心寒（心悸）,zh-CN
Heartstopping Presence,停頓心跳（凝心气息）,zh-CN
Heartwood Shortbow,赤木之弓（心木短弓）,zh-CN
Heat,熱能（过热）,zh-CN
Heat of the Forge,熔爐熱力（锻炉的热浪）,zh-CN
Heated Devotion,熱情的奉獻（狂热的奉献）,zh-CN
Heatproof,隔熱,zh-CN
Heatproofing,火焰隔絕（绝热防护）,zh-CN
Heatshiver,寒焰,zh-CN
Heavy Ammunition,重磅彈藥（重装弹药）,zh-CN
Heavy Armour,沉重鎧甲（全副武装）,zh-CN
Heavy Belt,重革腰带,zh-CN
Heavy Blade,沉重之刃（重刃无锋）,zh-CN
Heavy Bow,重弓（重装强弓）,zh-CN
Heavy Buffer,重裝緩衝（高效缓冲）,zh-CN
Heavy Contact,激烈碰撞,zh-CN
Heavy Crown,沉重之冠（沉重王冠）,zh-CN
Heavy Drinker,重度飲用者（鲸吞豪饮）,zh-CN
Heavy Frost,厚重冰霜（深厚霜寒）,zh-CN
Heavy Greathammer,重型巨錘（沉重大锤）,zh-CN
Heavy Plate,重型鎧甲（重型战铠）,zh-CN
Heavy Snows,狂風暴雪（漫天雪暴）,zh-CN
Heavy Stun,沉重暈眩（重度晕眩）,zh-CN
Heavy Swing,沉重揮擊（Heavy Swing）,zh-CN
Heavy Weaponry,重裝武器（重武神兵）,zh-CN
Hedgewitch Assandra's Rune of Wisdom,流浪女巫艾珊德菈的智慧符文（女巫阿桑德拉的智慧符文）,zh-CN
Heft,分量（势大力沉）,zh-CN
Hefty Quarterstaff,堅固細杖（沉重节杖）,zh-CN
Hefty Unit,重型單位（魁梧壮士）,zh-CN
Heightened Accuracy I,強化命中 I（精准增强 I）,zh-CN
Heightened Accuracy II,強化命中 II（精准增强 II）,zh-CN
Heightened Charges,能量球增強（强化能量球）,zh-CN
Heightened Curse,增強詛咒（强效诅咒）,zh-CN
Heirloom Cuffs,家傳腕帶（传家袖带）,zh-CN
Heist Brooches,劫盜胸針（赏金猎人胸针）,zh-CN
Heist Cloaks,劫盜披風（赏金猎人披风）,zh-CN
Heist Gear,劫盜裝備（赏金猎人装备）,zh-CN
Heist Targets,劫盜目標（赏金目标）,zh-CN
Heist Tools,劫盜工具（赏金猎人工具）,zh-CN
Helbrym's Composure,海爾賓姆的沉著（赫尔布林的沉着）,zh-CN
Helbrym's Hide,海爾賓姆的躲藏（赫尔布林的隐瞒）,zh-CN
Heldra of the Black Pyre,漆黑燃焰．希爾德菈（黑镰之海尔德拉）,zh-CN
Helix Spear,螺旋长矛,zh-CN
Helmets,頭部（头盔）,zh-CN
Her Declaration,她的宣告（她的宣言）,zh-CN
Her Final Bite,她的最後一口（绝命之噬）,zh-CN
Herald,捷光環（捷）,zh-CN
Herald Skills,捷光環技能（捷技能）,zh-CN
Herald of Ash,灰烬之捷,zh-CN
Herald of Blood,鮮血之捷（赤血之捷）,zh-CN
Herald of Ice,冰霜之捷（寒冰之捷）,zh-CN
Herald of Plague,瘟疫之捷（荒芜之捷）,zh-CN
Herald of Thunder,闪电之捷,zh-CN
Herald of the Royal Queen,女皇之捷（皇后之捷）,zh-CN
Heraldric Tower Shield,紋章塔盾（徽纹塔盾）,zh-CN
Herbalism I,药草学 I,zh-CN
Herbalism II,药草学 II,zh-CN
Here for the Same Reason,為同樣原因而來（殊途同归）,zh-CN
Hermit Garb,隱士裝束,zh-CN
Heroic Armour,英雄護甲（英武护甲）,zh-CN
Heroic Tragedy,英雄悲劇（英雄的悲歌）,zh-CN
Hewn Mask,粗製之面（凿制之面）,zh-CN
Hex Bloom,咒術綻放（魔蛊绽放）,zh-CN
Hex Master,邪法宗师,zh-CN
Hexblast,咒術枯萎（魔蛊爆炸）,zh-CN
Hexer's Robe,咒術師長袍（魔蛊长袍）,zh-CN
Hexproof,無咒（诅咒免疫）,zh-CN
Hidden Barb,隱蔽尖刺（暗箭伤人）,zh-CN
Hidden Compartments,隱藏軍備（暗格密室）,zh-CN
Hidden Forms,潛藏型態（隐迹藏形）,zh-CN
Hidden Grotto,隱密石窟（隐世洞窟）,zh-CN
Hidden Items,隱藏道具（隐藏物品）,zh-CN
Hidden Scars,隱蔽傷痕（隐藏伤疤）,zh-CN
Hidden Things in Shaded Places,蔽影藏品（隐蔽藏物）,zh-CN
Hide of the Bear,巨熊獸皮（巨熊之皮）,zh-CN
Hideout,藏身处,zh-CN
Hierarchy,階級體制（阶级）,zh-CN
High Alert,高度警戒（高度戒备）,zh-CN
High Infernal Flame,高煉獄之炎（高地狱烈焰）,zh-CN
High Velocity Rounds,高速弹药,zh-CN
Highs and Lows,起起落落（高低之地）,zh-CN
Hilda's Campsite,希爾妲的營地（希尔达营地）,zh-CN
Hilda's Favour,希爾妲的好感（希尔达的青睐）,zh-CN
Hinder,阻礙（缓速）,zh-CN
Hinder Aura,阻礙光環（缓速光环）,zh-CN
Hindered Capabilities,受阻之力（机能阻碍）,zh-CN
Hindering Obstacles,滯礙險阻（阻挠障碍）,zh-CN
Hinekora's Lock,悉妮蔻拉的髮絲（辛格拉的发辫）,zh-CN
Hinekora's Sight,悉妮蔻拉之眼（辛格拉的凝视）,zh-CN
His Dark Horizon,他的黑暗視界（幽暗视域）,zh-CN
His Foul Emergence,他的惡臭降臨（邪恶涌现）,zh-CN
His Grave Command,他的死墓命令（坟茔命令）,zh-CN
His Scattering Calamity,他的散布災禍（撒播血祸）,zh-CN
His Vile Intrusion,他的惡毒入侵（恶念侵染）,zh-CN
His Winnowing Flame,他的飛舞烈焰（涤荡烈焰）,zh-CN
Historic Jewels,歷史珠寶（久远珠宝）,zh-CN
History of the Ezomytes,艾茲麥的歷史（艾兹麦历史）,zh-CN
History of the Faridun,法里登的歷史（法里顿历史）,zh-CN
History of the Vaal,瓦爾的歷史（瓦尔历史）,zh-CN
Hit Damage,擊中傷害,zh-CN
Hit and Run,打帶跑（连打带跑）,zh-CN
Hive,巢穴（抚育之巢）,zh-CN
Hive Colony,巢裔聚落（裂隙据点）,zh-CN
Hive Fortress,巢裔要塞（裂隙要塞）,zh-CN
Hiveblood,巢血（虫巢之血）,zh-CN
Hoarfrost,白霜,zh-CN
Hobble,跛行,zh-CN
Hoghunt,獵豬（猎猪大棒）,zh-CN
Hollow Bones,空洞骸骨（中空骸骨）,zh-CN
Hollow Focus,空無專注（虚空钟灵）,zh-CN
Hollow Focus Technique,空無專注之技（凝虚式）,zh-CN
Hollow Form,空無型態（虚空魅影）,zh-CN
Hollow Form Technique,空無型態之技（形虚式）,zh-CN
Hollow Palm Technique,空掌之術（空明之掌）,zh-CN
Hollow Resonance,空無共鳴（虚空和鸣）,zh-CN
Hollow Resonance Technique,空無共鳴之技（鸣虚式）,zh-CN
Hollow Shell,空無披甲（虚空之壳）,zh-CN
Hollow Wailing,空洞哀號（虚空哀嚎）,zh-CN
Holy Descent,神聖血統（神圣降临）,zh-CN
Holy Flail,神聖鏈錘（神祝连枷）,zh-CN
Holy Protector,神聖保護者（神圣捍卫者）,zh-CN
Homeguard Greathelm,家園守衛巨盔（族卫巨盔）,zh-CN
Honed Instincts,敏銳本能（娴熟本能）,zh-CN
Honour,荣誉,zh-CN
Honour Resistance,荣誉抗性,zh-CN
Honourless,毫無榮譽（不念荣辱）,zh-CN
Hooded Mask,風帽之面（兜帽之面）,zh-CN
Hook Axe,钩斧,zh-CN
Hope in Despair,绝望中的希望,zh-CN
Horned Crown,犄角之冠（犄角王冠）,zh-CN
Horns of Bynden,賓登之角（柏安登的犄角）,zh-CN
Horror's Flight,驚懼飛掠（恐惧之翼）,zh-CN
Hour of the Nameless,無名時刻（无名者时刻）,zh-CN
Hourglass,沙漏（时之沙漏）,zh-CN
Howling Beast,野獸嚎叫（嚎叫兽灵）,zh-CN
Howling Talisman,狂嚎魔符（怒嚎魔符）,zh-CN
Hrimnor's Hymn,雷姆諾的奪命樂具（雷姆诺的夺命凶器）,zh-CN
Hulking Form,壓倒性的身姿（雄伟英姿）,zh-CN
Hulking Minions,巨大召喚物（魁梧仆从）,zh-CN
Hulking Smash,巨力猛擊（笨重猛击）,zh-CN
Hunker Down,蹲守（蓄势待发）,zh-CN
Hunt the Apex,狩獵頂點（猎取巅峰）,zh-CN
Hunter,猎手,zh-CN
Hunter Hood,猎者之兜,zh-CN
Hunter's Talisman,狩獵者巫符（猎人的魔符）,zh-CN
Hunting Bracers,狩猎护腕,zh-CN
Hunting Coat,狩猎外套,zh-CN
Hunting Companion,狩獵盟友（狩猎伙伴）,zh-CN
Hunting Shoes,狩獵輕鞋（狩猎便鞋）,zh-CN
Hunting Spear,狩猎长矛,zh-CN
Huntress,女獵人（女猎手）,zh-CN
Husk,軀殼（空壳）,zh-CN
Hydra Familiar,九頭蛇近親（九头蛇使魔）,zh-CN
Hypothermia,急冻,zh-CN
Hyrri's Ire,西里的战衣,zh-CN
Hysseg's Claw,希塞格之爪（西赛格之爪）,zh-CN
I Have Darkvision,吾有黯視（暗视能力）,zh-CN
I am the Blizzard...,我即為暴雪……（我即暴雪）,zh-CN
I am the Thunder...,我即為雷鳴……（我即雷霆）,zh-CN
I know your childhood fears...,我知道你童年的恐懼……（我知道你儿时的恐惧……）,zh-CN
I see your true nature now!,我現在看清你的本性了！（我现在看清了你的真面目！）,zh-CN
I'm not alone anymore!,我不再孤身一人！（我不再是孤身一人！）,zh-CN
Ice Archon,寒冰統治者（冰霜执政官）,zh-CN
Ice Bite I,霜咬 I,zh-CN
Ice Bite II,霜咬 II,zh-CN
Ice Cave,寒冰洞穴（冰霜洞穴）,zh-CN
Ice Crystal Shattering,冰晶粉碎（冰晶击碎）,zh-CN
Ice Crystals,冰晶,zh-CN
Ice Fragments,寒冰碎片（冰霜碎片）,zh-CN
Ice Nova,冰霜新星,zh-CN
Ice Shards,冰屑,zh-CN
Ice Shot,冰霜射击,zh-CN
Ice Storm,霜冻风暴,zh-CN
Ice Strike,霜星連擊（幽寒打）,zh-CN
Ice Walls,寒冰之壁,zh-CN
Ice-Tipped Arrows,冰鏃箭矢（冰尖箭矢）,zh-CN
Icebreaker,破冰者,zh-CN
Icefang Orbit,冰風軌跡（冰牙指环）,zh-CN
Icestorm,冰风暴,zh-CN
Icetomb,冰息,zh-CN
Ichlotl's Inferno,伊克羅特之獄炎（伊柯洛塔的狱火）,zh-CN
Icicle,冰柱（冰刺）,zh-CN
Icicle Flail,冰錐鏈錘（冰刺连枷）,zh-CN
Idle Hands,遊手好閒（光阴虚度）,zh-CN
Idol,魔偶,zh-CN
Idol of Alira,阿莉亞魔偶（阿莉亚之雕像）,zh-CN
Idol of Eeshta,義許塔魔偶（埃什塔之雕像）,zh-CN
Idol of Egrin,埃格林魔偶（艾格林之雕像）,zh-CN
Idol of Eramir,艾米爾魔偶（艾米尔之雕像）,zh-CN
Idol of Estazunti,艾斯祖太之偶（埃斯塔祖提的雕像）,zh-CN
Idol of Greust,古斯特魔偶（古斯特之雕像）,zh-CN
Idol of Grold,格羅德魔偶（格罗尔德之雕像）,zh-CN
Idol of Kraityn,克雷頓魔偶（克雷顿之雕像）,zh-CN
Idol of Maxarius,瑪薩里歐斯魔偶（玛萨留斯之雕像）,zh-CN
Idol of Oak,歐克魔偶（欧克之雕像）,zh-CN
Idol of Ralakesh,芮勒蓋許魔偶（拉克斯之雕像）,zh-CN
Idol of Silk,斯克魔偶（流丝之雕像）,zh-CN
Idol of Sirrius,席里斯魔偶（西里乌斯之雕像）,zh-CN
Idol of Thruldana,特盧達納魔偶（舒尔达纳之雕像）,zh-CN
Idol of Uldurn,奧敦塑像（乌尔顿的雕像）,zh-CN
Idol of Yeena,伊娜魔偶（伊娜之雕像）,zh-CN
Idol of the Martyr,烈士魔偶（殉道者之雕像）,zh-CN
Idol of the Pharisee,偽善魔偶（法利赛之雕像）,zh-CN
Idol of the Sycophant,奉承魔偶（谄媚者之雕像）,zh-CN
Idolatry,偶像崇敬（偶像崇拜）,zh-CN
"Ignagduk, the Bog Witch",沼澤女巫．尹娜杜克（伊格纳杜克，沼泽老妪）,zh-CN
"Ignatia, the Flame-Sworn",烈焰之誓．伊娜提亞（伊格娜提亚，焰誓者）,zh-CN
Igniferis,烈焰之擊（燃印）,zh-CN
Ignite,点燃,zh-CN
Ignite I,点燃 I,zh-CN
Ignite II,点燃 II,zh-CN
Ignite III,点燃 III,zh-CN
Ignited Ground,点燃地面,zh-CN
Ignorant to Power,無知於力量（无视力量）,zh-CN
Ignore Pain,無視疼痛（无视痛苦）,zh-CN
Ignoring Resistances,無視抗性（忽略抗性）,zh-CN
Illuminated Crown,明光之冠（明光冠冕）,zh-CN
Imbibed Power,吸收之力,zh-CN
Imbue the Body,肉體灌注（灌注肉身）,zh-CN
Immaculate Adherence,完美契合（完美信条）,zh-CN
Immaterial,無形（超脱实体）,zh-CN
Immobilised,禁錮（不可移动）,zh-CN
Immolate,犧牲,zh-CN
Immolation,焚化,zh-CN
Immortal Ambition,不朽野望,zh-CN
Immortal Infamy,不朽惡名（不朽英名）,zh-CN
Immortal Thirst,不朽渴望,zh-CN
Immured Fury,禁锢之怒,zh-CN
Impact Area,衝擊範圍（震荡中心）,zh-CN
Impact Force,冲击之力,zh-CN
Impact Shockwave,冲击震波,zh-CN
Impair,損害（妨害）,zh-CN
Impale,穿刺,zh-CN
Impending Doom,末日厄運（末日将至）,zh-CN
Impenetrable Shell,無敵甲殼（不破之壳）,zh-CN
Imperfect Sacrifice,殘缺犧牲（不完美献祭）,zh-CN
Imperial Greathelm,帝国巨盔,zh-CN
Implanted Gems,植入宝石,zh-CN
Imploding Impacts,碎猛之擊（内爆冲击）,zh-CN
Imprisoned Monstrosities,受囚怪物（被囚巨兽）,zh-CN
Impurity,不净,zh-CN
In Your Face,面部攻擊（当头棒喝）,zh-CN
In for the Kill,專注擊殺（直击要害）,zh-CN
In the Thick of It,深入其中（刀山火海）,zh-CN
Incarnation of Death,死亡化身（死亡的化身）,zh-CN
Incendiary,爆燃（烈火焚烧）,zh-CN
Incendiary Shot,烈焰射擊（燃烧射击）,zh-CN
Incense Relic,香爐聖物（熏香遗物）,zh-CN
Incessant Cacophony,不斷爭吵（无休嘈杂）,zh-CN
Incinerate,烧毁,zh-CN
Incision,切割（创口）,zh-CN
Increased Area of Effect,增加範圍效果（效果区域扩大）,zh-CN
Increased Life,增加生命（生命提高）,zh-CN
Increased Stun Threshold,暈眩門檻增加（提高晕眩阈值）,zh-CN
Incubators,培育器（孕育石）,zh-CN
Incursion Items,穿越物品,zh-CN
Indigon,地印之環（靛蓝之冠）,zh-CN
Industrial Improvements,工業提升（工业改进）,zh-CN
Inescapable Cold,不可逃脫之凍寒（寒冬难避）,zh-CN
Inevitability,不可避免（无可违逆）,zh-CN
Inevitable Agony,命定苦痛,zh-CN
Inevitable Critical Hits,絕對暴擊（命定暴击）,zh-CN
Inevitable Rupture,無免殘破（注定的裂伤）,zh-CN
Inexorable Critical I,無情暴擊 I（命定绝杀 I）,zh-CN
Inexorable Critical II,無情暴擊 II（命定绝杀 II）,zh-CN
Inexplicable Alchemy,無上煉金（神秘炼金术）,zh-CN
Infernal Cry,煉獄戰吼（炽焰战吼）,zh-CN
Infernal Legion I,煉獄軍團 I（炎军 I）,zh-CN
Infernal Legion II,煉獄軍團 II（炎军 II）,zh-CN
Infernal Legion III,煉獄軍團 III（炎军 III）,zh-CN
Infernal Limit,炼狱上限,zh-CN
Infernalist,獄火師（驱炎使）,zh-CN
Inferno,煉獄（光火之狱）,zh-CN
Infused Flesh,注入肉體（灌注血肉）,zh-CN
Infused Limits,灌注上限,zh-CN
Infusing Power,灌注力量（灌注之力）,zh-CN
Infusion,注入（灌注）,zh-CN
Infusion of Power,力量灌注,zh-CN
Ingenuity,獨創（奇思妙想）,zh-CN
Inherited Strength,承傳力量（继承力量）,zh-CN
Inherited Talents,才能傳承（天赋继承）,zh-CN
Inhibitor,抑制劑（抑制器）,zh-CN
Initiative,先機（克敌在先）,zh-CN
Inlaid Inscriptions,預嵌銘文（镶嵌铭文）,zh-CN
Innate Carapace,先天甲殼（天生甲壳）,zh-CN
Innate Rune,天生符文（内生符文）,zh-CN
Inner Conviction,內觀信念（内在信念）,zh-CN
Inner Faith,內在信仰（信仰存心）,zh-CN
Inner Turmoil,內心動盪（内在动荡）,zh-CN
Innervate,亢奮（闪电支配）,zh-CN
Innsmouth,印斯茅斯,zh-CN
Inquisitor Crown,判官之冠（判官王冠）,zh-CN
Inscribed Ultimatum,最後通牒雕刻（贪婪战书）,zh-CN
Insightfulness,明察秋毫（洞察万物）,zh-CN
Inspiration Rune,啟發符文（启迪符文）,zh-CN
Inspiring Ally,鼓舞人心的盟友（协力振作）,zh-CN
Inspiring Leader,激昂之首（领袖英姿）,zh-CN
Instability,聚能之界（动荡）,zh-CN
Instance Local Items,地區物品（副本本地物品）,zh-CN
Instruments of Power,力量之器（力量法器）,zh-CN
Insulated Treads,絕緣步伐（绝能步伐）,zh-CN
Insulating Hide,絕緣獸皮（抗性毛皮）,zh-CN
Int,智慧,zh-CN
Integrated Efficiency,整合效率（集成效能）,zh-CN
Intense Agony,劇烈苦痛（剧烈痛苦）,zh-CN
Intense Dose,劇烈劑量（强效药剂）,zh-CN
Intense Flames,熊熊烈火（剧烈燃火）,zh-CN
Intensifying Energies,激化能量（强化能量）,zh-CN
Interlude: Curse of Holten,間歇：霍爾登的詛咒,zh-CN
Interlude: Doryani's Contingency,幕間章：多里亞尼的意外事件,zh-CN
Interlude: The Stolen Barya,幕間章：被偷的巨靈之幣,zh-CN
Interludes,間歇,zh-CN
Internal Bleeding,内出血,zh-CN
Internal Layer,內裡（内嵌分层）,zh-CN
Intimidate,威嚇（Intimidate）,zh-CN
Into the Breach,遁入裂痕（投身裂隙）,zh-CN
Intolerance of Sin,難忍罪孽（罪恶的偏执）,zh-CN
Intricate Crest Shield,錯綜紋章盾（精巧纹章盾）,zh-CN
Intricate Gloves,精妙手套（精致手套）,zh-CN
Intricate Sigils,精妙符印（精巧法印）,zh-CN
Intriguing Designs,巧心設計（诱人设计）,zh-CN
Invaded City,城市入侵（沦陷之城）,zh-CN
Investing Energies,能量投入（蓄能聚力）,zh-CN
Invigorated Sacrifices,重振活力的獻祭（活力献祭）,zh-CN
Invigorating Archon,振奮統治者（欢欣执政官）,zh-CN
Invigorating Grandeur,振奮宏偉（欢欣威严）,zh-CN
Invigorating Hate,激發仇恨（激生恨意）,zh-CN
Invocated Echoes,祈願迴響（祈唤回响）,zh-CN
Invocated Efficiency,祈願之語（祈唤高效）,zh-CN
Invocated Limit,祈願上限（祈唤上限）,zh-CN
Invocation,祈願（咒祈）,zh-CN
Invoke,祈求（祈唤）,zh-CN
Invoker,祈靈者（祈求者）,zh-CN
Invoking Belt,祈喚腰帶（祈求腰带）,zh-CN
Ire of Aldur,阿德爾的聖怒（奥杜尔之忿怒）,zh-CN
Iron Buckler,锻铁轻盾,zh-CN
Iron Citadel,钢铁城塞,zh-CN
Iron Crown,鍛鐵之冠（铁锻王冠）,zh-CN
Iron Cuirass,鍛鐵胸甲（铁锻胸甲）,zh-CN
Iron Flail,鋼鐵鏈錘（钢铁连枷）,zh-CN
Iron Greatsword,鍛鐵巨劍（钢铁巨剑）,zh-CN
Iron Greaves,铁锻胫甲,zh-CN
Iron Grip,堅鐵之力（钢铁之握）,zh-CN
Iron Reflexes,霸体,zh-CN
Iron Ring,锻铁戒指,zh-CN
Iron Rune,鍛鐵符文（钢铁符文）,zh-CN
Iron Slippers,鋼鐵拖鞋（钢铁重履）,zh-CN
Iron Ward,鋼鐵守護（钢铁看守）,zh-CN
Iron Will,钢铁意志,zh-CN
Ironbound,鐵縛者（铁箍战弓）,zh-CN
Ironclad Vestments,鐵甲法衣（武装长衣）,zh-CN
Irongrasp,鐵握（铁腕）,zh-CN
Ironhead Spear,鐵木長矛（铁头长矛）,zh-CN
Ironmail Gauntlets,鐵鎖護手（铁甲手套）,zh-CN
Ironride,鐵騎（铁驭）,zh-CN
Ironwood Greathammer,鐵木巨錘（铁木大锤）,zh-CN
Ironwood Shortbow,铁木短弓,zh-CN
Ironwood Targe,铁木圆盾,zh-CN
Irradiated,照耀（能量辐照）,zh-CN
Irradiated Tablet,輻照碑牌（能量辐照石板）,zh-CN
Irreparable,无可修复,zh-CN
Is that the best you've got?!,這就是你的能耐嗎？！（你就这点本事吗？）,zh-CN
Is this about me... or you?,這是關於我……還是你？（这关于我……还是你？）,zh-CN
"Ishtaroth, the Perennial",長生者．伊許塔洛（伊什塔洛斯，永恒者）,zh-CN
Island Rumours,島嶼傳言（岛上流言）,zh-CN
Isolated,孤立,zh-CN
Isolde of the White Shroud,白色幽影．伊索德（苍白幽影之伊索德）,zh-CN
It That Was Esh,昔之艾許（曾为艾许之物）,zh-CN
It That Was Tul,昔之托沃（曾为托沃之物）,zh-CN
Item Armour,物品護甲值（物品护甲）,zh-CN
Item Energy Shield,物品能量护盾,zh-CN
Item Evasion,物品閃避值（物品闪避）,zh-CN
Item Rarity,物品稀有度,zh-CN
Items,物品,zh-CN
Itinerant Jacket,遊歷者外衣（流浪外衣）,zh-CN
Ixchel's Torment,薩雷許的折磨（伊克切尔的折磨）,zh-CN
Jack of all Trades,万事通,zh-CN
Jade,翠玉（青玉护身）,zh-CN
Jade Amulet,翠玉护身符,zh-CN
Jade Club,玉製棍棒（翠玉战棒）,zh-CN
Jade Heritage,玉石之護（青玉传承）,zh-CN
Jade Talisman,翠玉魔符（翡翠魔符）,zh-CN
Jade Tiara,翠玉頭冠（翠玉冠冕）,zh-CN
Jado's Campsite,賈多的營地（贾多营地）,zh-CN
Jagged Greataxe,鋸齒巨斧（锯齿大斧）,zh-CN
Jagged Ground,碎裂地面（崎岖之地）,zh-CN
Jagged Ground I,碎裂地面 I（崎岖之地 I）,zh-CN
Jagged Ground II,碎裂地面 II（崎岖之地 II）,zh-CN
Jagged Spear,鋸齒長矛（锯齿战矛）,zh-CN
Jagged Swell,尖刺隆岩（崎岖膨胀）,zh-CN
"Jamanra, the Abomination",憎惡者．賈嫚拉（亚曼拉，厌恶之躯）,zh-CN
"Jamanra, the Risen King",崛起之王．賈嫚拉（亚曼拉，复生之王）,zh-CN
Jarngreipr,雅恩格利佩爾（金石手甲）,zh-CN
Javelin,長矛：傷害核心（标枪）,zh-CN
Jewel of the Lords,領主之玉（领主宝珠）,zh-CN
Jewelled Gloves,宝石手套,zh-CN
Jeweller's Strongbox,工匠的保險箱（珠宝匠的保险箱）,zh-CN
Jewellery,饰品,zh-CN
Jewels,珠宝,zh-CN
Jingling Buckler,響聲輕盾（铃鸣轻盾）,zh-CN
Jingling Crest Shield,響聲紋章盾（铃鸣纹章盾）,zh-CN
Jingling Focus,響聲法器（铃鸣法器）,zh-CN
Jiquani's Soul Core of Abundance,吉卡尼的豐饒靈魂核心,zh-CN
Jiquani's Soul Core of Automation,吉卡尼的自動化靈魂核心,zh-CN
Jiquani's Soul Core of Malediction,吉卡尼的惡語靈魂核心,zh-CN
Jiquani's Soul Core of Munitions,吉卡尼的彈藥靈魂核心,zh-CN
Jiquani's Soul Core of Quaking,吉卡尼的震顫靈魂核心,zh-CN
Jiquani's Soul Core of Radiance,吉卡尼的輝耀靈魂核心,zh-CN
Jiquani's Soul Core of Rallying,吉卡尼的號召靈魂核心,zh-CN
Jiquani's Soul Core of Rippling,吉卡尼的漣漪靈魂核心,zh-CN
Jiquani's Soul Core of Severing,吉卡尼的斷切靈魂核心,zh-CN
Jiquani's Soul Core of Snares,吉卡尼的陷阱靈魂核心,zh-CN
Jiquani's Soul Core of Squalls,吉卡尼的狂風靈魂核心,zh-CN
Jiquani's Soul Core of Targeting,吉卡尼的索敵靈魂核心,zh-CN
Jiquani's Soul Core of Thundering,吉卡尼的雷鳴靈魂核心,zh-CN
Jiquani's Thesis,吉卡尼的假說（佳华尼的圣典）,zh-CN
Juatalotli's Medallion,瓦爾羅特聖徽（华塔洛蒂的纹章）,zh-CN
"Judge, Jury, and Executioner",法官、陪審團和劊子手（判罪惩恶人）,zh-CN
Juggernaut Plate,勇士鎧甲（巨灵之铠）,zh-CN
Jungle Paths,叢林之道（丛林迷踪）,zh-CN
Jungle Tiara,叢林頭冠（丛林冠冕）,zh-CN
Just Another Day in Wraeclast,瓦爾克拉斯平凡的一天（瓦尔克拉斯的日常）,zh-CN
"Kabala, Constrictor Queen",蟒蛇女王．卡巴拉（狂蟒女王卡芭菈）,zh-CN
Kalandra's Touch,卡兰德之触,zh-CN
Kalguuran Cuffs,卡爾葛腕帶（卡古兰袖带）,zh-CN
Kalguuran Forged,卡爾葛鍛造（卡古兰锻造）,zh-CN
Kalguuran Forgehammer,卡爾葛鍛造錘（卡古兰锻造锤）,zh-CN
Kalguuran Skills,卡爾葛技能,zh-CN
Kalguuran Support Gem Limit,卡爾葛輔助寶石上限（卡古兰辅助宝石限制）,zh-CN
Kalisa's Crescendo,卡莉莎的漸強（卡莉莎的强音）,zh-CN
Kaltenhalt,冰霜之镜,zh-CN
Kamasa's Orb of Sacrifice,卡瑪薩奉獻寶珠（渎神献祭宝珠）,zh-CN
Kamasan Tiara,卡瑪薩頭冠（卡马萨冠冕）,zh-CN
Kaom's Blessing,岡姆之祝（冈姆祝福）,zh-CN
Kaom's Heart,冈姆的壮志,zh-CN
Kaom's Madness,岡姆的癲狂（冈姆的疯狂）,zh-CN
"Karash, The Dune Dweller",沙丘居民．卡拉許（卡拉什，沙丘住民）,zh-CN
Katla's Gloom,卡特拉的愁悵（卡塔拉的阴霾）,zh-CN
Keelhaul,船拖刑（罪罚拖绳）,zh-CN
Keen Crafters,敏銳造匠（机敏工匠）,zh-CN
Keen Greatsword,鋒利巨劍（寒芒巨剑）,zh-CN
Keeper of the Arc,電弧守護者（弧光守护者）,zh-CN
Kelari's Deception,克拉里的欺瞞（凯拉里之诡计）,zh-CN
Kelari's Judgment,克拉里的審判（凯拉里之审判）,zh-CN
Kelari's Malediction,克拉里的惡咒（凯拉里之诅咒）,zh-CN
"Kelari, the Tainted Sands",黯染飛砂．克拉里（凯拉里，污秽沙暴）,zh-CN
Kept at Bay,遏制（保持距离）,zh-CN
Keth Raiment,凱斯之衣（克斯之衣）,zh-CN
"Ketzuli, High Priest of the Sun",豔陽神聖主教．凱亞祖利（卡阿祖尔，烈阳先师）,zh-CN
Khatal's Rejuvenation,卡塔爾的回春（卡哈塔的复苏）,zh-CN
Killer Instinct,杀手本能,zh-CN
Killing Blow,最后一击,zh-CN
Killing Palm,摧命之掌（终结掌）,zh-CN
Killjoy,掃興之人（败兴灾星）,zh-CN
Kinetic Bash,動能猛擊（动能重击）,zh-CN
Kinetic Ring,動力之戒（动能戒指）,zh-CN
Kingsguard,皇家卫甲,zh-CN
Kitavan Engraving,奇塔弗雕紋（奇塔弗铭文）,zh-CN
Kitavan Imprint,奇塔弗銘刻（奇塔弗印记）,zh-CN
Kite Runner,風箏高手（追风筝的人）,zh-CN
Kitoko's Current,奇多可之流（奇托克的洪流）,zh-CN
Knight Armour,骑士护甲,zh-CN
Knight of Chitus,奇術之騎士（切特斯骑士）,zh-CN
Knight of Izaro,伊澤洛之騎士（伊泽洛骑士）,zh-CN
Knight of Tarcus,塔克司之騎士（塔库斯骑士）,zh-CN
Knightly Mitts,騎士長手套（骑士护手）,zh-CN
Knightly Tenets,骑士信条,zh-CN
Knockback,击退,zh-CN
Known Destiny,已知命運（命运已定）,zh-CN
Known Value,已知價值（奇货可居）,zh-CN
Known by All,眾所周知（名扬四方）,zh-CN
Kolr's Hunt,克洛爾的狩獵（克尔的狩猎）,zh-CN
Kopec's Orb of Sacrifice,科佩克奉獻寶珠（强固献祭宝珠）,zh-CN
Kris Knife,波刃刀（波刃小刀）,zh-CN
"Krutog, Lord of Kin",金氏領主．克魯托克（族裔之王克鲁托格）,zh-CN
Kulemak's Dominion,骷髏馬克的支配（库勒马克的统治）,zh-CN
Kulemak's Invitation,骷髏馬克的邀請（库勒马克之邀）,zh-CN
Kurgal's Gaze,柯戈的邪眼（古加尔的凝视）,zh-CN
Kurgal's Leash,柯戈的繩索（古加尔的缰绳）,zh-CN
Lace Hood,綁帶兜帽（花边兜帽）,zh-CN
Laced Boots,飾帶長靴（花边靴）,zh-CN
Laced Sandals,飾帶便鞋（花边鞋履）,zh-CN
Lachlann of Endless Lament,無盡悲歌的拉克朗（哀痛欲绝的拉赫兰）,zh-CN
Lady Elswyth,艾兒薇絲女士（艾尔斯威丝女士）,zh-CN
Lady Hestra's Rune of Winter,赫絲緹菈女士的寒冬符文（赫丝特拉女士的寒冬符文）,zh-CN
Lamellar Mail,分層鎖甲（层叠锁甲）,zh-CN
Lament Amulet,悼亡護身符（哀悼项链）,zh-CN
Lament No More,哀嘆之終（不再哀悼）,zh-CN
Laminate Buckler,層壓輕盾（合板轻盾）,zh-CN
Landmark Area,地标区域,zh-CN
Lapis Amulet,海玉护身符,zh-CN
Last Gasp,臨終恐息（亡命之息）,zh-CN
Last Stand,最後一博（背水一战）,zh-CN
Lasting Boons,持續恩惠（持久恩惠）,zh-CN
Lasting Ground,持續性地面（持续地面）,zh-CN
Lasting Incantations,持久咒語（持久咒言）,zh-CN
Lasting Shock,持續感電（持久感电）,zh-CN
Lasting Toxins,持久毒素,zh-CN
Lasting Trauma,持久创伤,zh-CN
Lattice Sandals,格子便鞋（硬框鞋履）,zh-CN
Laureate,桂冠（魔力之冠）,zh-CN
Lavianga's Brew,拉維安加之酒（拉维安加的佳酿）,zh-CN
Lavianga's Spirits,拉維安加之泉（拉维安加之灵）,zh-CN
Lavish Wombgift,奢華之胎贈（丰裕孕育赠礼）,zh-CN
Lay Siege,圍城（重重围困）,zh-CN
Layered Gauntlets,層板護手（垫层护手）,zh-CN
Layered Vest,分层背心,zh-CN
Lazuli Ring,青金石戒指（青金戒指）,zh-CN
Lead by Example,以身作則（按图索骥）,zh-CN
Lead me through Grace...,引我行恩典之途……（降恩的指引）,zh-CN
Leaden Greathammer,麻木巨錘（灌铅大锤）,zh-CN
Leap Slam,跃击,zh-CN
Leaping Ambush,跳躍伏擊（飞跃奇袭）,zh-CN
Leather Bindings,皮帶（皮革绑绳）,zh-CN
Leather Bound Gauntlets,皮革綁縛護手（皮缚手甲）,zh-CN
Leather Buckler,皮革輕盾（皮制轻盾）,zh-CN
Leather Vest,皮革背心,zh-CN
Leatherbound Hood,皮革兜帽（皮缚兜帽）,zh-CN
Leech,偷取,zh-CN
Leeching Toxins,偷取毒素（汲命毒素）,zh-CN
Leer Cast,共鸣之面,zh-CN
Left Hand of Darkness,黑暗左手（黑暗的左膀）,zh-CN
Left Ventricle,左心室,zh-CN
Legacy of A Worthy Foe,傳承．崇敬之敵（劲敌之遗产）,zh-CN
Legacy of Adonia's Ego,傳承．艾多尼亞的自負（阿多尼娅的自我之遗产）,zh-CN
Legacy of Alkem Eira,傳承．神諭（神谕之遗产）,zh-CN
Legacy of Amethyst,紫晶之遺（紫晶遗产）,zh-CN
Legacy of Amor Mandragora,傳承．阿莫爾．曼德拉戈拉（爱神曼陀罗之遗产）,zh-CN
Legacy of Ashrend,傳承．拂燼（拂烬之遗产）,zh-CN
Legacy of Basalt,堅岩之遺（玄武岩遗产）,zh-CN
Legacy of Bismuth,灰岩之遺（灰岩遗产）,zh-CN
Legacy of Blackbraid,傳承．黑辮（黑髻之遗产）,zh-CN
Legacy of Brain Rattler,傳承．腦亂者（脑乱者之遗产）,zh-CN
Legacy of Bramblejack,傳承．刺棘寶甲（刺棘宝甲之遗产）,zh-CN
Legacy of Briarpatch,傳承．薔薇眼罩（荆皮护靴之遗产）,zh-CN
Legacy of Briskwrap,傳承．荒途（荒途之遗产）,zh-CN
Legacy of Bristleboar,傳承．鬃豬（棘体猪肤之遗产）,zh-CN
Legacy of Brynhand's Mark,傳承．布林漢的印記（布琳翰德印记之遗产）,zh-CN
Legacy of Bushwhack,傳承．突襲（踏林长靴之遗产）,zh-CN
Legacy of Candlemaker,傳承．製燭者（塑烛者之遗产）,zh-CN
Legacy of Chernobog's Pillar,傳承．五芒屏障（五芒屏障之遗产）,zh-CN
Legacy of Crown of Thorns,傳承．刺棘之冠（刺棘之冠之遗产）,zh-CN
Legacy of Cursecarver,傳承．咒刻者（刻咒之遗产）,zh-CN
Legacy of Deathblow,傳承．致命一擊（死神的袭击之遗产）,zh-CN
Legacy of Deidbell,傳承．喪鐘（丧钟之遗产）,zh-CN
Legacy of Diamond,寶鑽之遺（钻石遗产）,zh-CN
Legacy of Dionadair,傳承．捍衛者（御身守卫之遗产）,zh-CN
Legacy of Duality,傳承．二元性（二元一体之遗产）,zh-CN
Legacy of Dunkelhalt,傳承．唐克哈特（黑暗止步之遗产）,zh-CN
Legacy of Dusk Vigil,傳承．暗暮守夜（暮色守望之遗产）,zh-CN
Legacy of Elevore,傳承．愛勒弗（艾尔弗雷之遗产）,zh-CN
Legacy of Erian's Cobble,傳承．埃里安的鵝卵石（阿里安的拼凑之遗产）,zh-CN
Legacy of Ezomyte Peak,傳承．艾茲麥的榮光（艾兹麦的荣光之遗产）,zh-CN
Legacy of Facebreaker,傳承．毀面者（毁面者之遗产）,zh-CN
Legacy of Foxshade,傳承．狐毛鎧（狐毛铠之遗产）,zh-CN
Legacy of Gold,黃金之遺（黄金遗产）,zh-CN
Legacy of Granite,石化之遺（坚岩遗产）,zh-CN
Legacy of Greymake,傳承．灰製（苍髯皓首之遗产）,zh-CN
Legacy of Hoghunt,傳承．獵豬（猎猪大棒之遗产）,zh-CN
Legacy of Horns of Bynden,傳承．賓登之角（柏安登的犄角之遗产）,zh-CN
Legacy of Hrimnor's Hymn,傳承．雷姆諾的奪命樂具（雷姆诺的夺命凶器之遗产）,zh-CN
Legacy of Ironbound,傳承．鐵縛者（铁箍战弓之遗产）,zh-CN
Legacy of Jade,翠玉之遺（青玉遗产）,zh-CN
Legacy of Keeper of the Arc,傳承．電弧守護者（弧光守护者之遗产）,zh-CN
Legacy of Kingsguard,傳承．皇家衛甲（皇家卫甲之遗产）,zh-CN
Legacy of Legionstride,傳承．帝國之靴（军团的进击之遗产）,zh-CN
Legacy of Lifesprig,傳承．生機之記（生机之记之遗产）,zh-CN
Legacy of Mjölner,傳承．沉默之雷（沉默之雷之遗产）,zh-CN
Legacy of Northpaw,傳承．北方之爪（北境凶爪之遗产）,zh-CN
Legacy of Oaksworn,傳承．橡誓者（橡木盟誓之遗产）,zh-CN
Legacy of Obern's Bastion,傳承．歐伯恩的壁壘（欧本的壁垒之遗产）,zh-CN
Legacy of Olrovasara,傳承．歐洛瓦沙拉（欧罗瓦萨拉之遗产）,zh-CN
Legacy of Quicksilver,水銀之遺（水银遗产）,zh-CN
Legacy of Quill Rain,傳承．驟雨之弦（骤雨之弦之遗产）,zh-CN
Legacy of Rondel de Ezo,傳承．隆德爾．德．艾佐（艾佐的诗篇之遗产）,zh-CN
Legacy of Ruby,紅玉之遺（红玉遗产）,zh-CN
Legacy of Runeseeker's Call,傳承．符文探求者之喚（符文猎手的呼唤之遗产）,zh-CN
Legacy of Sapphire,藍玉之遺（蓝玉遗产）,zh-CN
Legacy of Serle's Grit,傳承．瑟雷之握（瑟尔的坚毅之遗产）,zh-CN
Legacy of Silver,真銀之遺（白银遗产）,zh-CN
Legacy of Spiteful Floret,傳承．怨毒花蕊（怨毒之花之遗产）,zh-CN
Legacy of Starkonja's Head,傳承．斯塔空加之首（斯塔空加之首之遗产）,zh-CN
Legacy of Stibnite,迷霧之遺（黑锑遗产）,zh-CN
Legacy of Sulphur,硫磺之遺（硫磺遗产）,zh-CN
Legacy of Svalinn,傳承．史瓦林（斯瓦林之遗产）,zh-CN
Legacy of The Blood Thorn,傳承．血棘（血棘之遗产）,zh-CN
Legacy of The Knight-errant,傳承．漂泊騎士（豪侠骑士之遗产）,zh-CN
Legacy of The Sentry,傳承．哨兵（哨望之遗产）,zh-CN
Legacy of The Smiling Knight,傳承．微笑騎士（笑面骑士之遗产）,zh-CN
Legacy of The Unleashed,傳承．束縛（破禁者之遗产）,zh-CN
Legacy of The Vile Knight,傳承．惡劣騎士（厄难骑士之遗产）,zh-CN
Legacy of Topaz,黃玉之遺（黄玉遗产）,zh-CN
Legacy of Trampletoe,傳承．踐踏之鞋（踏趾靴之遗产）,zh-CN
Legacy of Trenchtimbre,傳承．壕溝之音（战壕砥柱之遗产）,zh-CN
Legacy of Twisted Empyrean,傳承．畸變星穹（扭曲天穹之遗产）,zh-CN
Legacy of Tyranny's Grip,傳承．暴政之握（暴政之握之遗产）,zh-CN
Legacy of Wanderlust,傳承．苦行之履（苦行之履之遗产）,zh-CN
Legacy of Wings of Caelyn,傳承．凱林之翼（凯琳飞翼之遗产）,zh-CN
Legacy of Wulfsbane,傳承．狼之禍（伍夫之难之遗产）,zh-CN
Legacy of the Vaal,瓦爾．不朽（瓦尔之遗）,zh-CN
Legendary Duels,傳說之戰（传奇决斗）,zh-CN
Legion from Beyond: Multitudes,彼端之軍：之眾群（界外军团：巨量）,zh-CN
Legionstride,帝國之靴（军团的进击）,zh-CN
Leopold's Applause,里歐波德的掌聲（利奥波德的赞许）,zh-CN
Lesser Adept Rune,低階嫻熟符文（次级行家符文）,zh-CN
Lesser Body Rune,低階肉體符文（次级身躯符文）,zh-CN
Lesser Charging Rune,低階充能符文（次级充能符文）,zh-CN
Lesser Desert Rune,低階沙漠符文（次级沙漠符文）,zh-CN
Lesser Essence of Abrasion,低階磨礪精髓（次级磨蚀精华）,zh-CN
Lesser Essence of Alacrity,低階輕快精髓（次级迅捷精华）,zh-CN
Lesser Essence of Battle,低階戰鬥精髓（次级激战精华）,zh-CN
Lesser Essence of Command,低階命令精髓（次级命令精华）,zh-CN
Lesser Essence of Electricity,低階電能精髓（次级电光精华）,zh-CN
Lesser Essence of Enhancement,低階強化精髓（次级强化精华）,zh-CN
Lesser Essence of Flames,低階烈焰精髓（次级烈焰精华）,zh-CN
Lesser Essence of Grounding,低階接地精髓（次级接地精华）,zh-CN
Lesser Essence of Haste,低階迅捷精髓（次级急速精华）,zh-CN
Lesser Essence of Ice,低階寒冰精髓（次级冰霜精华）,zh-CN
Lesser Essence of Insulation,低階隔絕精髓（次级绝缘精华）,zh-CN
Lesser Essence of Opulence,低階豐裕精髓（次级丰裕精华）,zh-CN
Lesser Essence of Ruin,低階毀滅精髓（次级摧灭精华）,zh-CN
Lesser Essence of Seeking,低階探尋精髓（次级寻觅精华）,zh-CN
Lesser Essence of Sorcery,低階巫術精髓（次级魔法精华）,zh-CN
Lesser Essence of Thawing,低階解凍精髓（次级熔解精华）,zh-CN
Lesser Essence of the Body,低階肉體精髓（次级身躯精华）,zh-CN
Lesser Essence of the Infinite,低階無限精髓（次级永恒精华）,zh-CN
Lesser Essence of the Mind,低階心智精髓（次级心灵精华）,zh-CN
Lesser Glacial Rune,低階冰川符文（次级冰川符文）,zh-CN
Lesser Inspiration Rune,低階啟發符文（次级启迪符文）,zh-CN
Lesser Iron Rune,低階鍛鐵符文（次级钢铁符文）,zh-CN
Lesser Jeweller's Orb,低階工匠石（低等工匠石）,zh-CN
Lesser Life Flask,低階生命藥劑（次级生命药剂）,zh-CN
Lesser Mana Flask,低階魔力藥劑（次级魔力药剂）,zh-CN
Lesser Mind Rune,低階心靈符文（次级心灵符文）,zh-CN
Lesser Rebirth Rune,低階重生符文（次级重生符文）,zh-CN
Lesser Resolve Rune,低階決心符文（次级坚毅符文）,zh-CN
Lesser Robust Rune,低階堅實符文（次级健壮符文）,zh-CN
Lesser Stone Rune,低階岩石符文（次级磐石符文）,zh-CN
Lesser Storm Rune,低階暴風符文（次级风暴符文）,zh-CN
Lesser Vision Rune,低階遠見符文（次级幻象符文）,zh-CN
Lesser Ward Rune,低階保護符文（次级结界符文）,zh-CN
Lethal Variants,致命变体,zh-CN
Leverage,槓桿（乘虚而入）,zh-CN
Levinstone,浮游石（电光之石）,zh-CN
Leyline Focus,地脈法器（荒凉原野法器）,zh-CN
Leylines,地脉,zh-CN
Lich,巫妖,zh-CN
Licking Wounds,舔舐伤口,zh-CN
Life Bounty,生命恩惠（生命丰沛）,zh-CN
Life Drain,生命吸取（生命榨取）,zh-CN
Life Flasks,生命药剂,zh-CN
Life Leech,生命偷取,zh-CN
Life Leech I,生命偷取 I,zh-CN
Life Leech II,生命偷取 II,zh-CN
Life Leech III,生命偷取 III,zh-CN
Life Loss,生命损失,zh-CN
Life Recharge,生命充能,zh-CN
Life Remnants,生命痕跡（生命残片）,zh-CN
Life Rune,生命符文,zh-CN
Life from Death,死而復生（由死复生）,zh-CN
Lifelong Friend,一生之友（终生的好友）,zh-CN
Lifesprig,生机之记,zh-CN
Lifetap,活栓（赤炼）,zh-CN
Light Halberd,輕巧斧槍（轻装戟斧）,zh-CN
Light Radius,光線範圍（照亮范围）,zh-CN
Light Stun,輕微暈眩（轻度晕眩）,zh-CN
Light of the Draíocht,迪虛瑞特之光（德莱契之光）,zh-CN
Light on your Feet,輕快腳步（轻盈步伐）,zh-CN
Lightning,閃電,zh-CN
Lightning Ailments,闪电异常状态,zh-CN
Lightning Archon,閃電統治者（闪电执政官）,zh-CN
Lightning Arrow,闪电箭矢,zh-CN
Lightning Attunement,閃電同調（闪电协调）,zh-CN
Lightning Bolt,雷彈（闪电）,zh-CN
Lightning Coil,雷语,zh-CN
Lightning Conduit,導雷（闪电通道）,zh-CN
Lightning Damage,闪电伤害,zh-CN
Lightning Exposure,閃電曝曬（闪电曝露）,zh-CN
Lightning Mastery,闪电专精,zh-CN
Lightning Mirage When Hit,被击中时施放闪电幻象,zh-CN
Lightning Mirages When Hit,被擊中時閃電幻影（被击中时施放多个闪电幻象）,zh-CN
Lightning Penetration,闪电穿透,zh-CN
Lightning Quick,迅雷（迅如闪电）,zh-CN
Lightning Resistant,閃電抵抗（闪电抗性）,zh-CN
Lightning Rod,雷霆之杖（引雷针）,zh-CN
Lightning Rune,閃電符文,zh-CN
Lightning Spear,閃電長矛（闪电战矛）,zh-CN
Lightning Storm,闪电风暴,zh-CN
Lightning Warp,闪电传送,zh-CN
Ligurium Talisman,豐金巫符（猞利子护符）,zh-CN
Limb Modification,肢体改造,zh-CN
Limestone Hideout,藏身處：石灰岩（藏身处：灰岩洞窟）,zh-CN
Liminal Coil,臨界纏繞（阈限螺旋）,zh-CN
Limit,上限,zh-CN
Limitless Pursuit,无尽追猎,zh-CN
Lineage,族裔（血统）,zh-CN
Lineage Support Gems,族裔輔助（血脉辅助）,zh-CN
Linen Belt,麻布腰帶（亚麻腰带）,zh-CN
Linen Wraps,麻布裹手（亚麻裹手）,zh-CN
Lingering Horror,殘留恐懼（延宕恐惧）,zh-CN
Lingering Illusion,殘留幻象（徘徊幻影）,zh-CN
Lingering Whispers,殘留低語（呢喃不散）,zh-CN
Link,連結（羁绊）,zh-CN
Link Skills,連結技能（羁绊技能）,zh-CN
Lioneye's Focus,狮眼的专注,zh-CN
Lioneye's Glare,狮眼的战弓,zh-CN
Lionheart Greaves,狮心胫甲,zh-CN
Liquid Despair,液態絕望（液化绝望）,zh-CN
Liquid Disgust,液態厭惡（液化憎恶）,zh-CN
Liquid Emotions,液態情感（液化情感）,zh-CN
Liquid Envy,液態忌妒（液化嫉妒）,zh-CN
Liquid Paranoia,液態偏執（液化偏执）,zh-CN
Liquid Verisium,液態維里西姆,zh-CN
Living Bomb,活體炸彈（活动炸弹）,zh-CN
Living Death,行屍走肉（鲜活亡躯）,zh-CN
Living Lightning,活躍閃電（活体闪电）,zh-CN
Living Lightning II,活躍閃電 II（活体闪电 II）,zh-CN
Living Metal,活化金屬（活体金属）,zh-CN
Living Weapon,活体武器,zh-CN
Lizardscale Boots,蜥蜴鱗長靴（蜥鳞靴）,zh-CN
Lizardscale Coat,蜥蜴鱗外套（蜥鳞外套）,zh-CN
Lochtonial Caress,意识之缘,zh-CN
Lockdown,封锁,zh-CN
Locked On,已鎖定（锁定）,zh-CN
Lofty Summit,崇高之巔（巍峨顶峰）,zh-CN
Lone Warrior,独行战士,zh-CN
Long Belt,長腰帶（加长腰带）,zh-CN
Long Distance Relationship,遠距關係（长距离关系）,zh-CN
Long Fuse I,長引線 I（加长引线 I）,zh-CN
Long Fuse II,長引線 II（加长引线 II）,zh-CN
Long Quarterstaff,加長細杖（长柄节杖）,zh-CN
Longshot I,遠程射擊 I（远射 I）,zh-CN
Longshot II,遠程射擊 II（远射 II）,zh-CN
Loose Flesh,鬆散肌肉（松弛之躯）,zh-CN
Lord of Horrors,恐懼領主（惊怖主宰）,zh-CN
Lord of the Pit,坑洞之主（深坑主宰）,zh-CN
Lord of the Runes,符文之主,zh-CN
Lord of the Squall,狂颮之主（狂风领主）,zh-CN
Lord of the Wilds,荒野領主（荒野之主）,zh-CN
Loreweave,智者織衫（满溢之甲）,zh-CN
Lost Towers,失落之塔（失落高塔）,zh-CN
Low Energy Shield,貧能量護盾狀態（低能量护盾）,zh-CN
Low Infernal Flame,低赤獄烈炎（低地狱烈焰）,zh-CN
Low Life,貧血狀態（低血）,zh-CN
Low Mana,貧魔狀態（低魔）,zh-CN
Low Runic Ward,低符文保護（低符文结界）,zh-CN
Low Tolerance,低容忍,zh-CN
Loyal Gatekeepers,忠誠大門守衛（忠诚门卫）,zh-CN
Loyal Hellhound,忠誠獄犬（忠诚的炽焰猎犬）,zh-CN
Loyalty,忠诚,zh-CN
Lucid Dreaming,清晰夢境（清明梦）,zh-CN
Lucidity,明澈,zh-CN
Lucky,幸运,zh-CN
Lucky Rabbit Foot,幸运兔脚,zh-CN
Lumbering Talisman,笨重魔符（蹒跚魔符）,zh-CN
Luminous Pace,閃爍步伐（流光步履）,zh-CN
Lunar Amulet,月神項鍊（月影项链）,zh-CN
Lunar Assault,月光突襲（月痕突袭）,zh-CN
Lunar Blessing,月光賜福（月神赐福）,zh-CN
Lunar Boon,月之恩赐,zh-CN
Lunar Quarterstaff,月神細杖（月光节杖）,zh-CN
Lush Isle,蓊鬱群島（笼葱海岛）,zh-CN
Lust for Power,渴求力量,zh-CN
Lust for Sacrifice,渴求獻祭（牺牲的渴望）,zh-CN
Luxurious Robe,奢华长袍,zh-CN
Luxurious Slippers,奢华便鞋,zh-CN
Lycosidae,狼蛛,zh-CN
"Lythara, the Wayward Spear",迷失長矛．萊塔拉（利萨拉，歧途长矛）,zh-CN
Mace Strike,錘之打擊（锤打击）,zh-CN
Maces,錘（锤类）,zh-CN
Made to Last,經久耐用（经久不衰）,zh-CN
Madness in the Bones,滲骨瘋狂（疯入骨髓）,zh-CN
Mage's Legacy,魔遺（法师的遗产）,zh-CN
Mageblood,魔血（法师之血）,zh-CN
Magma Barrier,熔岩屏障（岩浆屏障）,zh-CN
Magnanimous Offerings,慷慨奉献,zh-CN
Magnetic Remnants,磁性痕跡（磁化残片）,zh-CN
Magnetic Salvo,電磁齊射（磁性齐射）,zh-CN
Magnified Area I,增幅光環 I（范围扩大 I）,zh-CN
Magnified Area II,增幅光環 II（范围扩大 II）,zh-CN
Magnum Opus,巨著（杰作）,zh-CN
Magus Tiara,瑪格思頭冠（术士冠冕）,zh-CN
Mahuxotl's Machination,瑪哈薩多的陰謀（马赫索托之诈）,zh-CN
Mail Belt,鎖甲腰帶（环锁腰带）,zh-CN
Mail Breaker,鎖甲破壞者（拆信刀）,zh-CN
Mail Sabatons,鎖甲鎧靴（锁链战靴）,zh-CN
Mail Vestments,鎖甲法衣（锁子长衣）,zh-CN
Mailed Crown,鎖甲之冠（锁甲王冠）,zh-CN
Maim,瘫痪,zh-CN
Maiming Strike,瘫痪打击,zh-CN
Maji Talisman,聖賢魔符（众神魔符）,zh-CN
Makeshift Crossbow,臨時十字弓（拼凑战弩）,zh-CN
Malady,疾病（错乱病症）,zh-CN
"Malgor, the Nautilord",深海領主．瑪爾戈（玛尔戈，深海领主）,zh-CN
Malice,絕滅恨惡（怨毒）,zh-CN
Maligaro's Virtuosity,馬雷葛蘿的血染手套（马雷格罗的玫红手套）,zh-CN
Mammoth Targe,猛犸圆盾,zh-CN
Man Trap,捕人陷阱,zh-CN
Mana Blessing,魔力祝福,zh-CN
Mana Bounty,魔力恩惠（魔力丰沛）,zh-CN
Mana Drain,魔力吸取,zh-CN
Mana Flare,魔力閃焰（魔力耀斑）,zh-CN
Mana Flasks,魔力药剂,zh-CN
Mana Leech,魔力偷取,zh-CN
Mana Remnants,魔力痕跡（魔力残片）,zh-CN
Mana Tempest,魔力暴風（魔力风暴）,zh-CN
"Manassa, the Serpent Queen",巨蛇女王．瑪娜莎（玛娜萨，毒蛇女王）,zh-CN
Manifest Weapon,幻化武器（显化武器）,zh-CN
Manifold Method,千方百計（集成绝学）,zh-CN
"Manoki, the Chosen",選召者．瑪諾奇（马诺基，天命者）,zh-CN
"Manoki, the Defiled",玷汙者．瑪諾奇（马诺基，渎神者）,zh-CN
"Manoki, the Fevered",染疫者．瑪諾奇（马诺基，热狂者）,zh-CN
Mantled Mail,披風鎖甲（斗篷锁甲）,zh-CN
Mantra of Destruction,毀滅神咒（毁灭之兆）,zh-CN
Map Boss,地圖頭目（地图首领）,zh-CN
Map Fragments,地图碎片,zh-CN
Map Node,地图节点,zh-CN
Map Objective Waystone Drops,地圖目標所掉落的換界石（地图目标引路石掉落）,zh-CN
Map Owner,地图拥有者,zh-CN
Map Stash Tab,輿圖倉庫頁,zh-CN
Marabout Garb,修士裝束（遁世束衣）,zh-CN
Maraketh Cuirass,马拉克斯胸甲,zh-CN
Marathon Runner,馬拉松跑者（马拉松能手）,zh-CN
Marauder,野蛮人,zh-CN
Marauding Mace,劫掠之锤,zh-CN
Marching Mace,行军之锤,zh-CN
Mark,印记,zh-CN
Mark for Death,死亡標記,zh-CN
Mark for Death II,死亡標記 II（死亡印记 II）,zh-CN
Mark of Siphoning,汲取印記（虹吸印记）,zh-CN
Mark of Siphoning II,汲取印記 II（虹吸印记II）,zh-CN
Mark of the Abyssal Lord,深淵領主印記（深渊领主的印记）,zh-CN
Marked Agility,印記靈敏（标记敏捷）,zh-CN
Marked for Death,死亡印记,zh-CN
Marked for Sickness,病痛印記（弊病印记）,zh-CN
Marohi Erqi,尔奇的巨灵之锤,zh-CN
Marrow,朽髓（朽髓之地）,zh-CN
Martial Adept,武術精通（武术专精）,zh-CN
Martial Artist,武圣,zh-CN
Martial Artistry,武艺之相,zh-CN
Martial Master,武術宗師（武术大师）,zh-CN
Martial Weapons,軍用武器（战斗武器）,zh-CN
Martyr Crown,殉難之冠（英烈之冠）,zh-CN
Martyr's Might,烈士之力（殉道者之力）,zh-CN
Mask of the Sanguimancer,占血之面（血咒师面罩）,zh-CN
Mask of the Stitched Demon,惡縫之面（缝合恶魔面罩）,zh-CN
Masked Greathelm,假面巨盔（蒙面巨盔）,zh-CN
Mass Hysteria,群體癲狂（群体亢奋）,zh-CN
Mass Rejuvenation,巨量恢復（春回大地）,zh-CN
Massive Crystals,巨大水晶（巨型水晶）,zh-CN
Massive Greathammer,巨型巨錘（庞然大锤）,zh-CN
Massive Mitts,巨型長手套（巨型护手）,zh-CN
Massive Spear,巨型長矛（重型战矛）,zh-CN
Master Fletching,箭矢大師（制箭大师）,zh-CN
Master of Hexes,詛咒大師（魔蛊大师）,zh-CN
Master of One,歸一之師（独一大师）,zh-CN
Mastered Darkness,黑暗精通（驾驭黑暗）,zh-CN
Mastered Domain,主宰領地（疆域主宰）,zh-CN
Masters of the Atlas,輿圖大師,zh-CN
Masterwork Rune,匠鍛符文（大师符文）,zh-CN
Material Solidification,物質固化（材料固化）,zh-CN
Matsya,摩蹉,zh-CN
Maul,爪擊（重殴）,zh-CN
Mauling Stuns,暈眩累積（重创致晕）,zh-CN
Maximum,最大值,zh-CN
Maximum Item Level,最大物品等级,zh-CN
Maximum Quality,最高品質（最大品质）,zh-CN
Maximum Resistances,最大抗性（抗性上限）,zh-CN
"Maztli, Flesh-Shaper",血肉塑造者．馬茲里（玛兹特里，血肉塑造者）,zh-CN
Meat Recycling,肉塊回收（血肉回收）,zh-CN
Meat Shield I,肉盾 I,zh-CN
Meat Shield II,肉盾 II,zh-CN
Medallions,聖徽（纹章）,zh-CN
Meditate,冥想（凝神思）,zh-CN
Meditative Focus,冥想专注,zh-CN
Medium Life Flask,中型生命药剂,zh-CN
Medium Mana Flask,中型魔力药剂,zh-CN
Medved's Crest of the Circle,梅德偉的圓環之徽（梅德维德的圆环徽记）,zh-CN
Medved's Felling,梅德偉的殞落（梅德维德的砍伐）,zh-CN
Medved's Saga,梅德偉的傳奇（梅德维德之传说）,zh-CN
Medved's Tending,梅德偉的照料（梅德维德的照料）,zh-CN
"Medved, the Fallen Seer",墮落先知．梅德偉（梅德维德，堕落先知）,zh-CN
Megalomaniac,妄想症,zh-CN
Meginord's Girdle,梅吉诺德的力量泉源,zh-CN
"Mektul, the Forgemaster",冶煉師範．梅克圖（梅克图尔，锻造大师）,zh-CN
Melee,近战,zh-CN
Melting Flames,融化烈焰（熔化烈焰）,zh-CN
Melting Maelstrom,融解漩渦（消融漩涡）,zh-CN
"Meltwax, Mockery of Faith",信仰之嘲．融蠟（熔蜡，信念的嘲弄）,zh-CN
Memories,記憶（回忆）,zh-CN
Memories of the Ezomytes,艾茲麥記憶（艾兹麦回忆）,zh-CN
Memories of the Karui,卡魯記憶（卡鲁回忆）,zh-CN
Memories of the Maraketh,馬拉克斯記憶（马拉克斯回忆）,zh-CN
Memories of the Vaal,瓦爾記憶（瓦尔回忆）,zh-CN
Mending Deflection,癒合偏斜（愈合偏转）,zh-CN
Mental Alacrity,心靈迅捷（敏捷思绪）,zh-CN
Mental Perseverance,堅毅心靈（顽强精神）,zh-CN
Mental Toughness,強韌心理（心灵坚毅）,zh-CN
Mentorship,導師（亦师亦友）,zh-CN
Mercenary,佣兵,zh-CN
Mercenary Greathelm,佣兵巨盔,zh-CN
Mercenary Targe,佣兵圆盾,zh-CN
Mercenary's Lot,僱用兵之命（佣兵领地）,zh-CN
Merchant's Campsite,商人營地（商旅营地）,zh-CN
Merchant’s Tab,交易頁,zh-CN
Merging,融合,zh-CN
Mesa,平頂荒漠（赤红山地）,zh-CN
Messer,單手刀（大砍刀）,zh-CN
Meta,主要（非凡）,zh-CN
Meta Gems,主要寶石（非凡宝石）,zh-CN
Metalworked Tower Shield,金屬塔盾（匠工塔盾）,zh-CN
"Micata, the Remade",重塑者．米卡塔（米卡塔，再塑者）,zh-CN
Microtransactions,商城物品,zh-CN
Midnight Braid,午夜護鏈（午夜穗带）,zh-CN
Midnight Zenith,午夜天顶,zh-CN
Might of the Vaal,瓦爾．強權（瓦尔之力）,zh-CN
Mighty Silverfist,神威銀拳（威猛银拳）,zh-CN
Mighty Trunk,強壯樹幹（巨木擎天）,zh-CN
Militant Bow,好戰者之弓（军用战弓）,zh-CN
Military Reinforcements,军事增援,zh-CN
Mind Eraser,心靈抹除（抹除心智）,zh-CN
Mind Phylacteries,心靈護符（心灵护命）,zh-CN
Mind Rune,心灵符文,zh-CN
Mind of the Council,議會之心（智者之秘）,zh-CN
Mind over Matter,心灵升华,zh-CN
Mindful Awareness,正念覺察（机警感知）,zh-CN
Mineshaft,矿井,zh-CN
Ming's Heart,明恩的慧心,zh-CN
Minimum Modifier Level,最小詞綴等級（最低词缀等级）,zh-CN
Minion Commands,召喚物號令（召唤生物命令）,zh-CN
Minion Death and Killing Minions,召喚物死亡及擊殺召喚物（召唤生物的死亡和击败）,zh-CN
Minion Instability,复仇之灵,zh-CN
Minion Mastery,召喚物專精（召唤生物专精）,zh-CN
Minion Pact I,召喚物契約 I（召唤契约 I）,zh-CN
Minion Pact II,召喚物契約 II（召唤契约 II）,zh-CN
Minion Reforming,召喚物重塑（召唤生物重组）,zh-CN
Minion Splash I,召喚物擴散I（召唤生物溅射伤害 I）,zh-CN
Minion Splash II,召喚物擴散II（召唤生物溅射伤害 II）,zh-CN
Minions,召喚物（召唤生物）,zh-CN
Mirage Archer,幻影射手,zh-CN
Mirage Deadeye,幻影銳眼（蜃影神射）,zh-CN
Mire,泥沼,zh-CN
Mirror of Kalandra,卡兰德的魔镜,zh-CN
Mirror of Refraction,鏡面折射（折射之镜）,zh-CN
Mirrored Items,复制物品,zh-CN
Misc Map Items,其它（裂隙之石）,zh-CN
Mist Raven,迷霧渡鴉（雾鸦）,zh-CN
Mist Whisper,迷雾低语者,zh-CN
Mjölner,沉默之雷,zh-CN
Mnemonic Ring,憶念之戒（记忆戒指）,zh-CN
Mobility,機動性（机动）,zh-CN
Molten Being,熔火生命體（熔岩化身）,zh-CN
Molten Blast,熔火爆破（熔岩爆裂）,zh-CN
Molten Carapace,熔岩魔甲（熔岩甲壳）,zh-CN
Molten Claw,熔岩之爪（熔岩利爪）,zh-CN
Molten Crash,熔岩破滅（熔岩冲击）,zh-CN
Molten Fissures,熔岩裂缝,zh-CN
Molten Hammer,熔火之锤,zh-CN
Molten Shower,熔火噴濺（熔岩骤雨）,zh-CN
Molten Symbol,熔化標誌（熔火符印）,zh-CN
Molten Vault,熔岩寶庫（熔火宝库）,zh-CN
Moment of Risk,风险时刻,zh-CN
Moment of Truth,真相揭曉（求真时刻）,zh-CN
Moment of Vulnerability,可趁之刻（脆弱瞬间）,zh-CN
Moment of Zen,禪意時刻（顿悟时刻）,zh-CN
Momentum,氣勢（动量）,zh-CN
Momentum Rune,氣勢符文,zh-CN
Monastery of the Keepers,黯焰修道院（守护者修道院）,zh-CN
Monk,僧侶（行者）,zh-CN
Monster Category,怪物類別（怪物类型）,zh-CN
Monster Effectiveness,怪物效用（怪物效能）,zh-CN
Monster Minions,怪物召喚物（怪物仆从）,zh-CN
Monster Modifiers,怪物词缀,zh-CN
Monster Power,怪物強度（怪物威力值）,zh-CN
Monster Rarity,怪物稀有度,zh-CN
Monster Soul Eater,怪物噬魂者,zh-CN
Monument Greataxe,豐碑巨斧（丰碑大斧）,zh-CN
Monuments in Time,時間碑石（时光纪念碑）,zh-CN
Moon Dagger,月之匕首（月刃匕首）,zh-CN
Moon Rune,月亮符文,zh-CN
Moor of Fallen Skies,殞空荒原（天陨荒原）,zh-CN
Morbid Magic,病态魔法,zh-CN
Morgana's Tempest,魔甘娜的風暴（莫甘娜的暴风）,zh-CN
"Morgana, the Storm Seer",風暴先知．摩根娜（莫甘娜，风暴先知）,zh-CN
Morior Invictus,不敗亡者（无生之辱）,zh-CN
Morning Star,晨星,zh-CN
Mortar Cannon,迫擊砲（迫击大炮）,zh-CN
Mortuary,停尸间,zh-CN
"Morvak, the Infernal",煉獄之怒．莫瓦克（莫瓦克，炼狱之怒）,zh-CN
"Morwyn, the Kinslayer",滅親者．莫溫恩（灭亲者莫尔温）,zh-CN
Moths to the Flame,飞蛾扑火,zh-CN
Moulded Mitts,鑄模長手套（铸锻护手）,zh-CN
Mountain Mastery,山地精通（山地专精）,zh-CN
Mountain Splitter,劈山碎石（开山裂地）,zh-CN
Mountain's Teachings,山嶺教誨（山之教诲）,zh-CN
Mounting Greed,貪婪加劇（贪婪积聚）,zh-CN
Mournful Cliffside,哀泣崖壁（恸哭悬崖）,zh-CN
Multi Shot,多重箭矢（多重射击）,zh-CN
Multiplying Monstrosities,倍化怪物（倍增怪物）,zh-CN
Multiplying Squalls,頻繁暴雨（倍增飑风）,zh-CN
Multishot I,多重射击 I,zh-CN
Multishot II,多重射击 II,zh-CN
Multitasking,一心多用（多管齐下）,zh-CN
Murderous Intent,殺人意圖（坚韧磨砺）,zh-CN
Murkshaft,陰暗通道（沉郁之棍）,zh-CN
"Murtagh, the Engorged",膨脹者．默塔格（默塔格，暴食者）,zh-CN
Muscular Amalgamation,肌肉聚合（肌肉融合）,zh-CN
Muster,召集（海纳百川）,zh-CN
Mutating Monsters,突變怪物（变异怪物）,zh-CN
Mutewind Agility,啞風敏捷（静风之捷）,zh-CN
Myris Uxor,米立斯之妻（迈里斯之妇）,zh-CN
Mysteries of Silence,沉默秘辛（寂静之谜）,zh-CN
Mysterious Charms and Trinkets,神秘護符和飾品（神秘咒符与小饰品）,zh-CN
Mysterious Lineage,神秘血脈（神秘血统）,zh-CN
Mysterious Rites,神秘仪式,zh-CN
Mysterious Transference,神秘转移,zh-CN
Mystic Alloy,秘能合金（神秘合金）,zh-CN
Mystic Attunement,神秘同調（神秘协调）,zh-CN
Mystic Avalanche,神幻雪崩（神秘雪崩）,zh-CN
Mystic Brew,神秘精釀（神秘酿造）,zh-CN
Mystic Guardians,神秘的守護者（神秘守护者）,zh-CN
Mystic Harvest,神秘豐收（神秘收割）,zh-CN
Mystic Raiment,神秘之衣（密士之衣）,zh-CN
Mystic Stance,秘术姿态,zh-CN
Mystical Rage,神秘盛怒（神秘狂怒）,zh-CN
Mysticism I,秘術 I（灵秘 I）,zh-CN
Mysticism II,秘術 II（灵秘 II）,zh-CN
Mórrigan's Insight,莫里根的洞察（莫丽根的洞察）,zh-CN
Nadir,消沉（天底）,zh-CN
Nameless Seer,無名先知,zh-CN
Narrow Hood,狹窄兜帽（窄型兜帽）,zh-CN
Nascent Hope,萌芽希望（新生希望）,zh-CN
Natural Energies,自然能量（自然精力）,zh-CN
Natural Immunity,自然免疫（天然免疫力）,zh-CN
Natural Weaving,自然编织,zh-CN
Naturally Spawning Monsters,自然生成的怪物（源生怪物）,zh-CN
Nature's Archon,自然統治者（自然执政官）,zh-CN
Nature's Bite,自然之噬（自然之咬）,zh-CN
Navira's Fracturing,納維拉的分裂（纳薇拉之裂）,zh-CN
Navira's Oasis,納維拉的綠洲（纳薇拉之绿洲）,zh-CN
Navira's Well,納維拉之井（纳薇拉之井）,zh-CN
"Navira, the Last Mirage",最終幻象．納維拉（纳薇拉，终末幻影）,zh-CN
Nazir's Judgement,納齊爾的審判（纳吉尔的审判）,zh-CN
Near Sighted,近距離射手（凝近之视）,zh-CN
Near at Hand,近在咫尺（探囊取物）,zh-CN
Nebuloch,銀河眾星（尼布洛克）,zh-CN
Necromantic Conduit,靈能導體（通灵导体）,zh-CN
Necromantic Talisman,死靈魔符（通灵魔符）,zh-CN
Necromantic Ward,靈能保護（灵能结界）,zh-CN
Necromantle,亡者披肩（通灵披风）,zh-CN
Necropolis,魔影墓場（魔影古园）,zh-CN
Necrosis,坏死,zh-CN
Necrotic Catalyst,死靈催化劑（腐化催化剂）,zh-CN
Necrotic Touch,亡者之觸（通灵之触）,zh-CN
Necrotised Flesh,亡者之軀（腐烂肉身）,zh-CN
Nemesis Rising,死敵崛起（宿敌崛起）,zh-CN
Nettle Talisman,荨麻魔符,zh-CN
Neural Catalyst,神经催化剂,zh-CN
Neural Overload,神经超载,zh-CN
Ngamahu's Chosen,拿瑪乎之選（努葛玛呼的亲选）,zh-CN
Night of a Thousand Ribbons,千縷絲之夜（无尽荣光之夜）,zh-CN
Night's Bite,夜之噬（暗夜之咬）,zh-CN
Nightfall,夜墜（夜临）,zh-CN
Nightscale,夜鳞,zh-CN
Nimble Reload,靈活裝填（敏捷装填）,zh-CN
Nimble Strength,敏捷之力（灵巧力量）,zh-CN
No Mercy,毫不留情（绝无慈悲）,zh-CN
No Simple Battles,艱辛戰役（艰难之战）,zh-CN
Noble Greathelm,高貴巨盔（贵族巨盔）,zh-CN
Noble Sabatons,高貴鎧靴（贵族战靴）,zh-CN
Noble Tower Shield,高貴塔盾（贵族塔盾）,zh-CN
Nocturne,夜曲,zh-CN
Non-Damaging Ailments,非傷害型異常狀態（非伤害性异常状态）,zh-CN
Non-Stacking Effects,非疊加效果（不可叠加效果）,zh-CN
Northpaw,北方之爪（北境凶爪）,zh-CN
Nourishing Ally,滋養的盟友（滋润的友军）,zh-CN
Nova,新星,zh-CN
Nova Projectiles I,新星投射物I（新星投射物 I）,zh-CN
Nova Projectiles II,新星投射物II（新星投射物 II）,zh-CN
Nova Skills,新星技能,zh-CN
Now and Again,循環往復（周而复始）,zh-CN
Nurture Divinity,培育神性（滋养神圣）,zh-CN
Nurturing Guardian,滋養的守衛者（贴心的守护者）,zh-CN
Nurturing Nature,滋養自然（哺育万物）,zh-CN
Oak Buckler,橡木轻盾,zh-CN
Oak Greathammer,橡木巨錘（橡木大锤）,zh-CN
Oak Mask,橡木之面（欧克面具）,zh-CN
Oaken Form,橡木形態（橡树形态）,zh-CN
Oaksworn,橡誓者（橡木盟誓）,zh-CN
Oasis,幻景綠洲（荒漠绿洲）,zh-CN
Oath Rune,誓言符文,zh-CN
Obelisk of Cleansing,淨化石碑（净化尖碑）,zh-CN
Obelisk of Corruption,腐化石碑（腐化尖碑）,zh-CN
Obern's Bastion,歐伯恩的壁壘（欧本的壁垒）,zh-CN
Obliterator Bow,毁灭者之弓,zh-CN
Obscure Island,幽隱島嶼（无名之岛）,zh-CN
Obsessive Rituals,執著祭儀（痴狂仪式）,zh-CN
Obsidian Dagger,黑曜石匕首,zh-CN
Obsidian Greatsword,黑曜石巨劍（黑曜巨剑）,zh-CN
Occultist Mantle,秘術披肩（秘术家斗篷）,zh-CN
Off-Balancing Retort,側身擊中（失衡反击）,zh-CN
Offering Skills,奉献技能,zh-CN
Offerings to the Queen,獻給女王的祭品（女王祭品）,zh-CN
Offerings to the Unknown,獻給未知者的供品（未知祭品）,zh-CN
Ogham's Legacy,奧格姆的遺贈（欧甘的遗产）,zh-CN
Oil Barrage,黏油轟擊（黏油炮弹）,zh-CN
Oil Grenade,燃油擲彈（黏油榴弹）,zh-CN
Oil Ground,油滑地面（黏油地面）,zh-CN
Oiled Jacket,上油外衣（油蜡外衣）,zh-CN
Oisín's Oath,歐辛的誓言（奥辛之誓）,zh-CN
"Oloton, the Remorseless",無情者．歐羅頓（奥罗顿，无情者）,zh-CN
Olroth's Conviction,奧爾羅斯的信念（欧罗什的信念）,zh-CN
Olroth's Crest of the Sun,奧爾羅斯的烈陽之徽（欧罗什的太阳徽记）,zh-CN
Olroth's Hubris,奧爾羅斯的傲慢（欧罗什的傲慢）,zh-CN
Olroth's Reliquary Key,奧爾羅斯的寶庫鑰匙（欧罗什的圣物厅钥匙）,zh-CN
Olroth's Resolve,奧爾羅斯的決心（欧罗什的决心）,zh-CN
Olroth's Saga,奧爾羅斯的傳奇（欧罗什之传说）,zh-CN
"Olroth, Origin of the Fall",墮落起源．奧爾羅斯（堕落之源欧罗什）,zh-CN
Olrovasara,歐洛瓦沙拉（欧罗瓦萨拉）,zh-CN
Omen Crest Shield,預兆紋章盾（噩兆纹章盾）,zh-CN
Omen Sceptre,徵兆權杖（预兆权杖）,zh-CN
Omen of Abyssal Echoes,深淵迴響之兆（深渊回响预兆）,zh-CN
Omen of Amelioration,改善之兆（进步预兆）,zh-CN
Omen of Answered Prayers,回應祈禱之兆（有求必应预兆）,zh-CN
Omen of Bartering,還價之兆（互换预兆）,zh-CN
Omen of Catalysing Exaltation,催化喜悅之兆（催化崇高预兆）,zh-CN
Omen of Chance,機會之兆（机遇预兆）,zh-CN
Omen of Chaotic Effectiveness,混沌效用之兆（混沌效能预兆）,zh-CN
Omen of Chaotic Monsters,混沌怪物之兆（混沌怪物预兆）,zh-CN
Omen of Chaotic Quantity,混沌數量之兆（混沌数量预兆）,zh-CN
Omen of Chaotic Rarity,混沌稀有度之兆（混沌稀有预兆）,zh-CN
Omen of Corruption,腐化之兆（腐化预兆）,zh-CN
Omen of Dextral Alchemy,右旋煉金之兆（右旋炼金预兆）,zh-CN
Omen of Dextral Annulment,右旋廢止之兆（右旋剥离预兆）,zh-CN
Omen of Dextral Coronation,右旋加冕之兆（右旋加冕预兆）,zh-CN
Omen of Dextral Crystallisation,右旋結晶之兆（右旋结晶预兆）,zh-CN
Omen of Dextral Erasure,右旋抺除之兆（右旋消抹预兆）,zh-CN
Omen of Dextral Exaltation,右旋提升之兆（右旋崇高预兆）,zh-CN
Omen of Dextral Necromancy,右旋死靈術之兆（右旋死灵预兆）,zh-CN
Omen of Gambling,博弈之兆（强运预兆）,zh-CN
Omen of Greater Annulment,大幅廢止之兆（强效剥离预兆）,zh-CN
Omen of Greater Exaltation,大幅提升之兆（强效崇高预兆）,zh-CN
Omen of Homogenising Coronation,均勻加冕之兆（同质化加冕预兆）,zh-CN
Omen of Homogenising Exaltation,均勻喜悅之兆（同质化崇高预兆）,zh-CN
Omen of Light,光明之兆（光明预兆）,zh-CN
Omen of Putrefaction,腐敗之兆（腐烂预兆）,zh-CN
Omen of Recombination,重組之兆（重组预兆）,zh-CN
Omen of Refreshment,刷新之兆（恢复预兆）,zh-CN
Omen of Reinforcements,增援之兆（增援预兆）,zh-CN
Omen of Resurgence,復興之兆（复苏预兆）,zh-CN
Omen of Sanctification,聖化之兆（神圣预兆）,zh-CN
Omen of Secret Compartments,密室之兆（秘密暗格预兆）,zh-CN
Omen of Sinistral Alchemy,左旋煉金之兆（左旋炼金预兆）,zh-CN
Omen of Sinistral Annulment,左旋廢止之兆（左旋剥离预兆）,zh-CN
Omen of Sinistral Coronation,左旋加冕之兆（左旋加冕预兆）,zh-CN
Omen of Sinistral Crystallisation,左旋結晶之兆（左旋结晶预兆）,zh-CN
Omen of Sinistral Erasure,左旋抺除之兆（左旋消抹预兆）,zh-CN
Omen of Sinistral Exaltation,左旋提升之兆（左旋崇高预兆）,zh-CN
Omen of Sinistral Necromancy,左旋死靈術之兆（左旋死灵预兆）,zh-CN
Omen of Whittling,削切之兆（消减预兆）,zh-CN
Omen of the Ancients,遠古之兆（远古预兆）,zh-CN
Omen of the Blackblooded,黑血者之兆（黑血预兆）,zh-CN
Omen of the Blessed,祝福之兆（祝福预兆）,zh-CN
Omen of the Hunt,狩獵之兆（狩猎预兆）,zh-CN
Omen of the Liege,諸侯之兆（领主预兆）,zh-CN
Omen of the Sovereign,領主之兆（至高预兆）,zh-CN
Omens,预兆,zh-CN
Ominous Gloves,惡兆手套（噩兆手套）,zh-CN
On the Wind,随风而行,zh-CN
One For All,無私奉獻,zh-CN
One Hand Axes,单手斧,zh-CN
One Hand Maces,单手锤,zh-CN
One Hand Swords,单手剑,zh-CN
One With Flame,和火合一（火焰一体）,zh-CN
One for the Road,餞行酒（跋涉的旅人）,zh-CN
One with the River,和河同行（与水同行）,zh-CN
One with the Storm,和風同行（身随狂岚）,zh-CN
One-Handed,单手,zh-CN
Oneiric Ring,夢境之戒（幻梦戒指）,zh-CN
Ongoing Chants,詠唱不絕（绵延吟唱）,zh-CN
Only Minimum or Maximum Damage,只有最低或最高傷害（仅最小或最大伤害）,zh-CN
Onslaught,猛攻,zh-CN
Open Mind,敞開心胸（开阔思维）,zh-CN
Opening Move,先聲奪人（起手式）,zh-CN
Opiloti's Soul Core of Assault,歐派理堤的攻擊靈魂核心（欧佩罗蒂的突袭灵核）,zh-CN
Opportunistic Dexterity,投机敏捷,zh-CN
Opportunity,契機（机遇）,zh-CN
Opulent Gloves,奢靡手套（丰裕手套）,zh-CN
Opulent Rune,奢靡符文,zh-CN
Oracle,天啟先知（神谕者）,zh-CN
Orb,球體（法球）,zh-CN
Orb Skills,寶珠技能（法球技能）,zh-CN
Orb of Alchemy,点金石,zh-CN
Orb of Alteration,改造石,zh-CN
Orb of Annulment,無效石（剥离石）,zh-CN
Orb of Augmentation,增幅石,zh-CN
Orb of Chance,机会石,zh-CN
Orb of Extraction,萃取石,zh-CN
Orb of Storms,风暴漩涡,zh-CN
Orb of Transmutation,蜕变石,zh-CN
Orbala's Crossing,奧爾巴拉渡口（欧巴拉渡口）,zh-CN
Order Artifact,秩序文物（教团神器）,zh-CN
Orichalcum Spear,山銅長矛（奥利哈刚战矛）,zh-CN
Origin Core,原初核心（起源核心）,zh-CN
Origin Cradle,原初搖籃（起源摇篮）,zh-CN
Origin Spark,原初光輝（起源火花）,zh-CN
Original Sin,原罪（原初之罪）,zh-CN
Ornate Belt,华丽腰带,zh-CN
Ornate Buckler,华丽轻盾,zh-CN
Ornate Chambers,華美密室（华丽密室）,zh-CN
Ornate Cuffs,華麗腕帶（华丽袖带）,zh-CN
Ornate Gauntlets,華麗護手（华贵护手）,zh-CN
Ornate Greaves,华丽胫甲,zh-CN
Ornate Mitts,華麗長手套（华丽护手）,zh-CN
Ornate Plate,華麗鎧甲（华丽战铠）,zh-CN
Ornate Ringmail,華貴環甲（华丽环甲）,zh-CN
Ornate Strongbox,华丽的保险箱,zh-CN
Ornate Wombgift,華麗之胎贈（华丽孕育赠礼）,zh-CN
Oro's Sacrifice,欧罗的贡品,zh-CN
"Oswin, the Dread Warden",恐懼典獄長．歐斯溫（奥斯温，恐惧典狱长）,zh-CN
Otherworldly,異界的,zh-CN
Otherworldly Clutch,異界抓握（异界攫取）,zh-CN
Otherworldly Nemesis,異界死敵（异界宿敌）,zh-CN
Outlands,外域（偏僻外境）,zh-CN
Outmaneuver,出奇制勝（智取）,zh-CN
Overabundance I,過剩 I（冗余 I）,zh-CN
Overabundance II,過剩 II（冗余 II）,zh-CN
Overabundance III,過剩 III（冗余 III）,zh-CN
Overcapped Block Chance,超限格擋率（超量格挡几率）,zh-CN
Overcapped Resistance,超限抗性（超量抗性）,zh-CN
Overcharge,強化聚能（过载）,zh-CN
Overencumbered,超重,zh-CN
Overexposure,過度曝曬（过量曝露）,zh-CN
Overextend,過分擴張（竭力痛击）,zh-CN
Overflow,溢出,zh-CN
Overflowing Chalice,满溢圣杯,zh-CN
Overflowing Power,力量滿溢（泛滥神力）,zh-CN
Overgrown,蔥鬱之域（蔓林遗迹）,zh-CN
Overgrown Greed,滿溢貪婪（蔓生贪婪）,zh-CN
Overheard Summons,窃听召唤,zh-CN
Overheating Blow,過熱一擊（超温打击）,zh-CN
Overload,過載（超载）,zh-CN
Overlord's Domain,領主界域（霸主领域）,zh-CN
Overlord's Influence,領主影響（霸主影响）,zh-CN
Overreach,無遠弗屆（过度延伸）,zh-CN
Overseer Tablet,總督碑牌（霸主石板）,zh-CN
Overtaken by Power,力量吞噬（被力量吞噬）,zh-CN
Overwhelm,镇压,zh-CN
Overwhelming Presence,壓倒性的存在（压迫气场）,zh-CN
Overwhelming Strike,鎮壓打擊（压制打击）,zh-CN
Overwhelming Toxicity,懾人劇毒（倾压剧毒）,zh-CN
Overzealous,過度狂熱（非凡狂热）,zh-CN
Owl Idol,夜梟魔偶（猫头鹰雕像）,zh-CN
Ox Idol,公牛魔偶（公牛雕像）,zh-CN
Pacification,平靜（宁心）,zh-CN
Pack,怪物群（群落）,zh-CN
Pack Encouragement,鼓勵裝套（兽群鼓舞）,zh-CN
Padded Leggings,襯墊護腿（衬垫绑腿）,zh-CN
Pain Attunement,苦痛灵曲,zh-CN
Pain Offering,劇痛獻祭（苦痛奉献）,zh-CN
Painted Buckler,彩绘轻盾,zh-CN
Painted Crest Shield,彩绘纹章盾,zh-CN
Painted Crossbow,彩繪十字弓（彩绘战弩）,zh-CN
Painted Tower Shield,彩绘塔盾,zh-CN
Painter's Servant,畫家的侍從（画师之侍）,zh-CN
Palm of the Dreamer,幻梦者之掌,zh-CN
Pandora's Box,潘朵拉的寶盒（潘多拉魔盒）,zh-CN
Pantheon Souls,眾神之魂（万神殿之魂）,zh-CN
Panther Idol,花豹魔偶（黑豹雕像）,zh-CN
Paquate's Pact,帕科特的協議（帕夸特的契约）,zh-CN
Paragon,模範（典范）,zh-CN
Paragon Greathelm,楷模巨盔（典范巨盔）,zh-CN
Paralysing Staff,麻木長杖（麻痹长杖）,zh-CN
Paralysing Touch,麻木之觸（瘫痪之触）,zh-CN
Paranoia,偏执,zh-CN
Pariah Mask,輕蔑之面（贱民面具）,zh-CN
Pariah's Embrace,草民之擁（贱民之拥）,zh-CN
Parried,受招架（被招架）,zh-CN
Parry,招架,zh-CN
Parrying Dagger,格挡匕首,zh-CN
Partial Translation,部分轉錄（部分翻译）,zh-CN
Passion of Aldur,阿德爾的熱情（奥杜尔之热情）,zh-CN
Passthrough Rounds,子彈貫穿（穿透弹药）,zh-CN
Patch Notes 0.2.0,內容更新 0.2.0,zh-CN
Patchwork Vest,拼湊背心（拼接背心）,zh-CN
Path Seeker,道路探求者（寻路者）,zh-CN
Path of Exile 2,流亡黯道 2,zh-CN
Path of the Renegade,叛徒之路（叛者之道）,zh-CN
Pathfinder,追猎者,zh-CN
Pathfinder Coat,追獵者外套（寻路者外套）,zh-CN
Pathkeepers,守路人（道途守护）,zh-CN
Paths Not Taken,未履之道（未择之路）,zh-CN
Patient Barrier,坚忍屏障,zh-CN
Patient Devotion,耐心奉獻（耐心的奉献）,zh-CN
Patrolling Legions,巡逻军团,zh-CN
Pauascale Gloves,海靈鱗手套（海灵鳞缀手套）,zh-CN
Payload,承載（子母弹）,zh-CN
Payoff,遣散（清算）,zh-CN
Payoff Skills,遣散技能（清算技能）,zh-CN
Pearl Buckler,珍珠輕盾（珠光轻盾）,zh-CN
Pearl Ring,珍珠戒指（珠玉戒指）,zh-CN
Pearlescent Amulet,珠光项链,zh-CN
Pelage Targe,毛皮圆盾,zh-CN
Pelt Leggings,堅皮護腿（毛皮绑腿）,zh-CN
Pelt Mantle,堅皮披肩（毛皮斗篷）,zh-CN
Penetrating Quiver,穿透箭袋（穿射箭袋）,zh-CN
Penitentiary,監獄（悔罪监牢）,zh-CN
Penumbra Amulet,半影项链,zh-CN
Penumbra Ring,半影戒指,zh-CN
Perandus Seal,普蘭德斯之印（普兰德斯的印章）,zh-CN
Perching Staff,棲羽長杖（栖鸟长杖）,zh-CN
Perfect Adept Rune,完美嫻熟符文（完美行家符文）,zh-CN
Perfect Body Rune,完美肉體符文（完美身躯符文）,zh-CN
Perfect Chaos Orb,完美混沌石,zh-CN
Perfect Charging Rune,完美充能符文,zh-CN
Perfect Desert Rune,完美沙漠符文,zh-CN
Perfect Essence of Abrasion,完美磨礪精髓（完美磨蚀精华）,zh-CN
Perfect Essence of Alacrity,完美輕快精髓（完美迅捷精华）,zh-CN
Perfect Essence of Battle,完美戰鬥精髓（完美激战精华）,zh-CN
Perfect Essence of Command,完美命令精髓（完美命令精华）,zh-CN
Perfect Essence of Electricity,完美電能精髓（完美电光精华）,zh-CN
Perfect Essence of Enhancement,完美強化精髓（完美强化精华）,zh-CN
Perfect Essence of Flames,完美烈焰精髓（完美烈焰精华）,zh-CN
Perfect Essence of Grounding,完美接地精髓（完美接地精华）,zh-CN
Perfect Essence of Haste,完美迅捷精髓（完美急速精华）,zh-CN
Perfect Essence of Ice,完美寒冰精髓（完美冰霜精华）,zh-CN
Perfect Essence of Insulation,完美隔絕精髓（完美绝缘精华）,zh-CN
Perfect Essence of Opulence,完美豐裕精髓（完美丰裕精华）,zh-CN
Perfect Essence of Ruin,完美毀滅精髓（完美摧灭精华）,zh-CN
Perfect Essence of Seeking,完美探尋精髓（完美寻觅精华）,zh-CN
Perfect Essence of Sorcery,完美巫術精髓（完美魔法精华）,zh-CN
Perfect Essence of Thawing,完美解凍精髓（完美熔解精华）,zh-CN
Perfect Essence of the Body,完美肉體精髓（完美身躯精华）,zh-CN
Perfect Essence of the Infinite,完美無限精髓（完美永恒精华）,zh-CN
Perfect Essence of the Mind,完美心智精髓（完美心灵精华）,zh-CN
Perfect Exalted Orb,完美崇高石,zh-CN
Perfect Flux,完美熔劑（完美溶剂）,zh-CN
Perfect Glacial Rune,完美冰川符文,zh-CN
Perfect Inspiration Rune,完美啟發符文（完美启迪符文）,zh-CN
Perfect Iron Rune,完美鍛鐵符文（完美钢铁符文）,zh-CN
Perfect Jeweller's Orb,Character level skill scaling 角色等級技能範圍（完美工匠石）,zh-CN
Perfect Mind Rune,完美心灵符文,zh-CN
Perfect Opportunity,絕佳機會（完美机遇）,zh-CN
Perfect Orb of Augmentation,完美增幅石,zh-CN
Perfect Orb of Transmutation,完美蜕变石,zh-CN
Perfect Rebirth Rune,完美重生符文,zh-CN
Perfect Regal Orb,完美富豪石,zh-CN
Perfect Resolve Rune,完美決心符文（完美坚毅符文）,zh-CN
Perfect Robust Rune,完美堅實符文（完美健壮符文）,zh-CN
Perfect Stone Rune,完美岩石符文（完美磐石符文）,zh-CN
Perfect Storm Rune,完美暴風符文（完美风暴符文）,zh-CN
Perfect Strike,完美打擊（完美一击）,zh-CN
Perfect Timing,完美时机,zh-CN
Perfect Vision Rune,完美遠見符文（完美幻象符文）,zh-CN
Perfect Ward Rune,完美保護符文（完美结界符文）,zh-CN
Perfected Endurance,絕對堅毅（完美耐力）,zh-CN
Perfection,完美,zh-CN
Perfection Buff,完美增益效果（完美增益状态）,zh-CN
Perfectly Placed Knife,精準匕首（绝妙之刃）,zh-CN
Perfidy,背信忘義（背信弃义）,zh-CN
Perforation,穿孔（崎岖贯穿）,zh-CN
Periodic Invulnerability Aura,定期無敵光環（周期性无敌光环）,zh-CN
Periodically Enrages,持續激怒（周期性狂暴）,zh-CN
Periphery,邊陲（边缘）,zh-CN
Permafrost Bolts,永冻弩箭,zh-CN
Permafrost Staff,永凍長杖（永霜法杖）,zh-CN
Perpetual Charge,永恆充能（永续充能）,zh-CN
Perpetual Freeze,永恆冰凍（永冻）,zh-CN
Persistent,持續（永久性）,zh-CN
Persistent Ground I,持續地面 I（持久地面 I）,zh-CN
Persistent Ground II,持續地面 II（持久地面 II）,zh-CN
Persistent Ground III,持續地面 III（持久地面 III）,zh-CN
Persistent Skills,持續技能（永久性技能）,zh-CN
Personal Touch,個人風格（英姿勃发）,zh-CN
Petition Splinter,願力斷片（请愿碎片）,zh-CN
Petrify,石化,zh-CN
Phantasmal Arrow,幻影箭矢（幻灵箭）,zh-CN
Phased Form,迷蹤型態（变化多端）,zh-CN
Phasing,迷踪,zh-CN
"Phya, Sentinel of the Cradle",搖籃守望．菲亞（菲亚，摇篮哨兵）,zh-CN
Physical,物理,zh-CN
Physical Damage,物理伤害,zh-CN
Physical Mastery,物理专精,zh-CN
"Phyx, Sentinel of the Spark",光輝守望．菲克斯（菲克斯，火花哨兵）,zh-CN
Pieces,碎片（片段）,zh-CN
Pierce,投射物穿透（穿透）,zh-CN
Pierce I,穿透 I,zh-CN
Pierce II,穿透 II,zh-CN
Pierce III,穿透 III,zh-CN
Pierce the Heart,一箭穿心（贯心而过）,zh-CN
Piercing Claw,穿刺之爪（洞穿利爪）,zh-CN
Piercing Crossbow,穿刺十字弓（穿刺战弩）,zh-CN
Piercing Shot,穿射箭矢,zh-CN
Pile On,堆砌（一起上吧）,zh-CN
Pilgrim Vestments,朝聖者法衣（朝圣者长衣）,zh-CN
Pillar of the Caged God,囚神杵,zh-CN
Pin I,釘身 I（定身 I）,zh-CN
Pin II,釘身 II（定身 II）,zh-CN
Pin III,釘身 III（定身 III）,zh-CN
Pin and Run,釘帶跑（若即若离）,zh-CN
Pin their Motivation,锁定动机,zh-CN
Pinnacle Boss,巔峰頭目（巅峰首领）,zh-CN
Pinnacle Keys,巅峰钥匙,zh-CN
Pinnacle of Power,力量巅峰,zh-CN
Pinned,被釘身（定身）,zh-CN
Pinpoint Critical,精確暴擊（精准暴击）,zh-CN
Pinpoint Shot,精確射擊（制导射击）,zh-CN
"Pirasha, the Forgotten Prisoner",被遺忘的囚犯．帕拉薩（皮拉夏，遗忘的囚徒）,zh-CN
Pit,巨坑,zh-CN
Pitiless Killer,冷酷殺手（冷血执行者）,zh-CN
Plague Bearer,病疫之難（瘟疫使者）,zh-CN
Plaguefinger,瘟疫之指（毒疫之指）,zh-CN
Plant,植物,zh-CN
Plant Skills and Overgrowth,植物技能與過度生長（植物技能与蔓生）,zh-CN
Plantation,林地（种植园）,zh-CN
Plasma Blast,電漿強擊矢（离子轰击）,zh-CN
Plate Belt,板甲腰帶（嵌板腰带）,zh-CN
Plate Gauntlets,鎧甲護手（铁板护手）,zh-CN
Plated Buckler,鋼板輕盾（嵌板轻盾）,zh-CN
Plated Greaves,坚铁胫甲,zh-CN
Plated Mace,華麗之錘（板锤）,zh-CN
Plated Mitts,鎧甲長手套（坚铁护手）,zh-CN
Plated Raiment,鎧甲之衣（嵌板之衣）,zh-CN
Plated Vestments,鎧甲法衣（嵌板长衣）,zh-CN
Player Heavy Stun,玩家沉重暈眩（玩家重度晕眩）,zh-CN
Player Stun Threshold,玩家暈眩門檻（玩家晕眩阈值）,zh-CN
Playtest Attack,測試攻擊（无穷之击）,zh-CN
Playtest Slam,測試重擊（无穷猛击）,zh-CN
Playtest Spell,測試法術（无穷法术）,zh-CN
Plentiful Lands,丰饶之地,zh-CN
Pliable Flesh,可塑肉體（坚韧血肉）,zh-CN
Plumed Focus,羽飾法器（彩羽法器）,zh-CN
Pocket Sand,口袋藏沙（袋藏飞沙）,zh-CN
Pointed Maul,尖銳重錘（钉头巨锤）,zh-CN
Poison,中毒,zh-CN
Poison I,中毒 I,zh-CN
Poison II,中毒 II,zh-CN
Poison III,中毒 III,zh-CN
Poison Spores,劇毒孢子（毒孢迸溅）,zh-CN
Poisonburst Arrow,毒爆箭矢（毒爆箭）,zh-CN
Polcirkeln,极圈,zh-CN
Polish That Gear,為齒輪拋光（抛光装备）,zh-CN
Polished Bracers,亮澤護腕（闪耀护腕）,zh-CN
Polished Iron,拋光之鋼（辉光之钢）,zh-CN
Polished Targe,抛光圆盾,zh-CN
Polymathy,博學的（博闻广记）,zh-CN
Pooled Resources,集資（魔力聚汇）,zh-CN
Port,失落城塢（中转码头）,zh-CN
Portent Amulet,惡兆護身符（预兆项链）,zh-CN
Possessed,附身,zh-CN
Potent Exposure,強力曝曬（强力曝露）,zh-CN
Potent Incantation,强力咒语,zh-CN
Potent Liquid Contempt,增幅液態怨恨（强效的液化轻蔑）,zh-CN
Potent Liquid Ferocity,增幅液態蔑視（强效的液化凶残）,zh-CN
Potent Liquid Melancholy,增幅液態憂鬱（强效的液化悲哀）,zh-CN
Potential,潛力（潜能）,zh-CN
Potential Ignored,無視潛能（弃置潜能）,zh-CN
Pounce,猛撲（巨狼猛扑）,zh-CN
Power,電力（能量）,zh-CN
Power Conduction,能量傳導（力量传导）,zh-CN
Power Relays,電力中繼器（力量中继）,zh-CN
Power Rune,力量符文,zh-CN
Power Shots,強擊矢（强能重射）,zh-CN
Power Siphon,力量抽取,zh-CN
Power of Purpose,力量之意（决心之力）,zh-CN
Power of the Storm,风暴之力,zh-CN
Powered by Verisium,維里西姆強化（维金供能）,zh-CN
Powerful Casting,強力施法（强效施法）,zh-CN
Powerful Faith,暴擊信念（强大的信仰）,zh-CN
Powerful Map Boss,強大地圖頭目（强力地图首领）,zh-CN
Powerful Minions,強大召喚物（强力怪物仆从）,zh-CN
Powertread,動力圖樣（神力靴）,zh-CN
Practical Magic I,實用魔法 I（实用魔法I）,zh-CN
Practical Magic II,實用魔法 II（实用魔法II）,zh-CN
Practiced Combo,熟練連擊（娴熟连击）,zh-CN
Practiced Signs,熟練符印（娴熟手法）,zh-CN
Pragmatism,務實主義（独断专行）,zh-CN
Prayer and Pledge,祈禱和誓約（祈祷与誓约）,zh-CN
Prayers for Rain,祈雨禱言（祈雨祷告）,zh-CN
Pre-mitigation Damage,减免前伤害,zh-CN
Precipice,陡斷峭壁（危崖峭壁）,zh-CN
Precise Invocations,精確祈願（精确咒祈）,zh-CN
Precise Point,精準攻擊（精确要点）,zh-CN
Precise Volatility,精確易爆（精确无常）,zh-CN
Precision I,精准 I,zh-CN
Precision II,精准 II,zh-CN
Precision Salvo,精准齐射,zh-CN
Precursor Displacer,先行者置換器（先驱位移者）,zh-CN
Precursor Extractor,先行者萃取器（先驱萃取者）,zh-CN
Precursor Refiner,先行者精煉器（先驱精炼者）,zh-CN
Precursor Separator,先行者分離器（先驱解离者）,zh-CN
Precursor Terraformer,先行者改造器（先驱地貌改造器）,zh-CN
Precursor Towers,先行者高塔（先驱高塔）,zh-CN
Predatory Instinct,獵食直覺（掠食本能）,zh-CN
Preemptive Strike,先发制人,zh-CN
Premeditation,預謀（先见之明）,zh-CN
Premium Quad Stash Tab,高級巨型倉庫頁,zh-CN
Premium Stash Tab,高級倉庫頁,zh-CN
Premonition Fulfilled,预感应验,zh-CN
Presence,存在範圍（在场）,zh-CN
Presence Present,氣場四散（慑魂英气）,zh-CN
Preservation,保存實力（厚积薄发）,zh-CN
Preserved Collarbone,保存良好的鎖骨（遗存锁骨）,zh-CN
Preserved Cranium,保存良好的顱骨（遗存头骨）,zh-CN
Preserved Jawbone,保存良好的顎骨（遗存颚骨）,zh-CN
Preserved Rib,保存良好的肋骨（遗存肋骨）,zh-CN
Preserved Vertebrae,保存良好的脊椎（遗存椎骨）,zh-CN
Pressure Points,壓力點（直攻要害）,zh-CN
Prevents Recovery Above 50%,防止恢復超過 50%（不能恢复超过 50%）,zh-CN
Price of Freedom,自由代價（自由的价码）,zh-CN
Price of Power,力量的代价,zh-CN
Primal Avatar,荒野化身,zh-CN
Primal Bounty,原始賞金（枭羽馈赠）,zh-CN
Primal Growth,原始成長（原始生长）,zh-CN
Primal Hunger,原初飢餓（原始饥渴）,zh-CN
Primal Markings,野性標記（原始印记）,zh-CN
Primal Protection,原始守護（原始防护）,zh-CN
Primal Rage,原始怒火,zh-CN
Primal Spirit,原始魂靈（原始鬼灵）,zh-CN
Primal Strikes,原始打击,zh-CN
Primal Sundering,原始震擊（原始裂解）,zh-CN
Primal Talisman,原始魔符（原初魔符）,zh-CN
Primary Calamity Fragment,第一災厄碎片（初级血祸碎片）,zh-CN
Primate Idol,靈長魔偶（狂猿雕像）,zh-CN
Prime Appendages,原生肢體（主要肢体）,zh-CN
Primed Quiver,灌注箭袋（精工箭袋）,zh-CN
Primed for Electrocution,可觸電（可被触电）,zh-CN
Primed for Freeze,可冰凍（可被冻结）,zh-CN
Primed for Pin,可釘身（可被定身）,zh-CN
Primed for Stun,可暈眩（可被晕眩）,zh-CN
Primed to Explode,準備引爆（引爆预备）,zh-CN
Principal Infusion,主要灌注,zh-CN
Prism Guard,稜鏡守護（棱彩卫士）,zh-CN
Prism Guardian,元素的庇护,zh-CN
Prism of Belief,信仰棱鏡（信念的棱镜）,zh-CN
Prismatic Alloy,煥彩合金（棱镜合金）,zh-CN
Prismatic Ring,三相戒指,zh-CN
Prismatic Rune,三相符文,zh-CN
Prison Hideout,藏身处：监狱,zh-CN
Prize of the Hunt,狩獵的戰利品（狩猎之赏）,zh-CN
Prized Pain,珍貴苦痛（珍藏的痛苦）,zh-CN
Produce Double,雙倍生產（双倍产出）,zh-CN
Profane Cleaver,粗劣砍斧（亵渎战斧）,zh-CN
Profane Commander,草根指揮官（渎神指挥官）,zh-CN
Profane Ritual,瀆神祭祀（不敬之礼）,zh-CN
Profanity I,褻瀆 I（不敬 I）,zh-CN
Profanity II,褻瀆 II（不敬 II）,zh-CN
Proficiency,熟能生巧,zh-CN
Projectile,投射物,zh-CN
Projectile Acceleration I,投射物加速 I,zh-CN
Projectile Acceleration II,投射物加速 II,zh-CN
Projectile Acceleration III,投射物加速 III,zh-CN
Projectile Bulwark,投射物屏障（防弹坚壁）,zh-CN
Projectile Deceleration I,投射物减速 I,zh-CN
Projectile Deceleration II,投射物减速 II,zh-CN
Projectile Proximity Specialisation,投射物近接專精（投射物近距离专精）,zh-CN
Proliferating Weeds,雜草叢生（疯长藤蔓）,zh-CN
Prolonged Assault,持久攻擊（鏖战不息）,zh-CN
Prolonged Duration I,延長持續時間 I（持续时间延长 I）,zh-CN
Prolonged Duration II,延長持續時間 II（持续时间延长 II）,zh-CN
Prolonged Duration III,延長持續時間 III（持续时间延长 III）,zh-CN
Prolonged Fury,經久之怒（怒火难平）,zh-CN
Pronged Spear,尖叉長矛（叉尖战矛）,zh-CN
Propagating Secrets,传播秘密,zh-CN
Protected Treasures,受保護的寶藏（受护宝藏）,zh-CN
Protective Alloy,防护合金,zh-CN
Protective Rune,防護符文,zh-CN
Protector Bow,保衛者之弓（保护者之弓）,zh-CN
Prototype Seventeen,十七號原型機（原型十七）,zh-CN
Protraction,延伸效用（延继）,zh-CN
Provoke the Swarm,激惹巢群（挑衅虫群）,zh-CN
Proximal Tangibility,近接感觸（近距实体）,zh-CN
Psychic Fragmentation,幽能碎片（念力分裂）,zh-CN
Puhuarte's Medallion,普希瓦爾聖徽（普华特的纹章）,zh-CN
Punch,正拳（拳击）,zh-CN
Punch Through,透勁拳（击穿）,zh-CN
Punctured Lung,肺部破壞（肺部穿刺）,zh-CN
Puppet Master,魁儡大師（傀儡大师）,zh-CN
Puppet Master chance,魁儡大師效果（傀儡大师几率）,zh-CN
Pure Chaos,全然混沌（纯粹混沌）,zh-CN
Pure Emotions,纯粹情感,zh-CN
Pure Energy,純淨能量（纯粹能量）,zh-CN
Pure Power,純粹電能（纯粹力量）,zh-CN
Purity Rebel,純淨反叛（净化叛乱）,zh-CN
Purity of Fire,火焰净化,zh-CN
Purity of Ice,冰霜净化,zh-CN
Purity of Lightning,闪电净化,zh-CN
Purple Flame of Chayula,夏烏拉之紫炎（紫色夏乌拉之焰）,zh-CN
Pursuit I,追擊 I（迫近追逐 I）,zh-CN
Pursuit II,追擊 II（迫近追逐 II）,zh-CN
Pursuit III,追擊 III（迫近追逐 III）,zh-CN
Push the Advantage,乘勝追擊（乘势追击）,zh-CN
Pyromancer,火占師（纵火犯）,zh-CN
Pyromantic Pact,火祭協議（火卜契约）,zh-CN
Pyrophyte Staff,炎植長杖（耐火长杖）,zh-CN
Quality,品质,zh-CN
Quartered Crest Shield,四分纹章盾,zh-CN
Quarterstaff Strike,細杖打擊（节杖打击）,zh-CN
Quarterstaves,細杖（节杖）,zh-CN
Quatl's Molt,夸特之帶（羽蛇之带）,zh-CN
Quecholli,重击之锤,zh-CN
Queen of the Forest,森林之后,zh-CN
Queen's Procession,女王進軍（女王冲锋）,zh-CN
Quest,任務,zh-CN
Quest Item,任務道具（任务物品）,zh-CN
Quest Items,任務物品,zh-CN
Quick Fingers,迅捷手指（巧手连射）,zh-CN
Quick Recovery,快速回复,zh-CN
Quickened Corpses,屍體激勵（活化灵柩）,zh-CN
Quickened Flow,加速流动,zh-CN
Quicksand Hourglass,流沙沙漏（迅时沙漏）,zh-CN
Quickslip Shoes,速行輕鞋（急迅便鞋）,zh-CN
Quill Burst,驟羽爆發（棘刺爆发）,zh-CN
Quill Rain,骤雨之弦,zh-CN
Quilted Vest,襯墊背心（菱纹背心）,zh-CN
Quipolatl's Medallion,克特帕托聖徽（奎波拉特尔的纹章）,zh-CN
Quipolatl's Soul Core of Flow,克特帕托的流動靈魂核心（奎波拉特尔的波流灵核）,zh-CN
Quipolatl's Thesis,克特帕托的假說（奎波拉特尔的圣典）,zh-CN
Quivers,箭袋,zh-CN
Rabbit Idol,狡兔魔偶（狡兔雕像）,zh-CN
Rabid Talisman,狂暴魔符（狂犬魔符）,zh-CN
Radial Force,徑向力（崩飞之力）,zh-CN
Radiant Grief,聖光哀痛（辉煌遗恨）,zh-CN
"Rael, the Frost Hand",霜寒之手．瑞爾（拉尔，霜手）,zh-CN
Rafiq of the Frozen Spring,凍結之泉．拉霏（冻结之泉的拉菲克）,zh-CN
Rage,盛怒（怒火）,zh-CN
Rage I,盛怒 I（狂怒 I）,zh-CN
Rage II,盛怒 II（狂怒 II）,zh-CN
Rage III,盛怒 III（狂怒 III）,zh-CN
Rage Leech,盛怒偷取（怒火偷取）,zh-CN
Rage Rune,盛怒符文,zh-CN
Rageforged I,盛怒鍛造 I（怒火锤炼 I）,zh-CN
Rageforged II,盛怒鍛造 II（怒火锤炼 II）,zh-CN
Raging Cry,愤怒战吼,zh-CN
Raging Spirits,愤怒狂灵,zh-CN
Raider Plate,俠客鎧甲（劫掠之铠）,zh-CN
Rain of Arrows,箭雨,zh-CN
Rain of Blades,刀刃之雨,zh-CN
Raise Shield,展開護盾（架盾）,zh-CN
Raise Zombie,殭屍復甦（魔卫复苏）,zh-CN
Rake,陰爪（斜掠）,zh-CN
Rakiata's Flow,萊基亞塔的流動（拉其塔之流）,zh-CN
"Rakkar, the Frozen Talon",凍結之爪．拉卡爾,zh-CN
Rally,集結（奋威）,zh-CN
Rallying Form,集會結成（集结之姿）,zh-CN
Rallying Icon,激勵圖樣（奋发的偶像）,zh-CN
Rambler Jacket,漫步者外衣,zh-CN
Rampage,暴怒（横冲直撞）,zh-CN
Rampart Raptor,壁壘猛禽（要塞的猛禽）,zh-CN
Rampart Tower Shield,壁垒塔盾,zh-CN
Ranger,游侠,zh-CN
Rapid Assault,极速进攻,zh-CN
Rapid Attacks I,疾速攻擊 I（快速攻击 I）,zh-CN
Rapid Attacks II,疾速攻擊 II（快速攻击 II）,zh-CN
Rapid Attacks III,疾速攻擊 III（快速攻击 III）,zh-CN
Rapid Casting I,疾速施法 I（快速施法 I）,zh-CN
Rapid Casting II,疾速施法 II（快速施法 II）,zh-CN
Rapid Casting III,疾速施法 III（快速施法 III）,zh-CN
Rapid Recharge,快速充能（迅速充能）,zh-CN
Rapid Reload,疾速裝填（快速装填）,zh-CN
Rapid Shot,疾射（快速射击）,zh-CN
Rapid Strike,迅捷打擊（疾影打击）,zh-CN
Rarity,稀有度,zh-CN
Ratha's Assault,菈妲的強襲（拉莎的突袭）,zh-CN
Rathbreaker,撕裂者（摧寨魔）,zh-CN
Rathpith Globe,献祭之心,zh-CN
"Rattlecage, the Earthbreaker",大地粉碎者．魔籠（惊响囚笼，裂地之灵）,zh-CN
Rattled,驚慌失措（尖鸣电浪）,zh-CN
Rattling Ball,響動巨球（破坏球）,zh-CN
Rattling Sceptre,雜響權杖（罪孽权杖）,zh-CN
Raven's Reflection,渡鴉之映（渡鸦倒影）,zh-CN
Raven-Touched,渡鴉所觸（渡鸦之触）,zh-CN
Raven-Touched Shard,渡鴉碎片（渡鸦之触碎片）,zh-CN
Ravenous Mind,貪婪思想（贪婪心智）,zh-CN
Ravenous Staff,貪婪長杖（饕餮法杖）,zh-CN
Ravenous Swarm,貪婪蟲群（饕餮虫群）,zh-CN
Ravine,溪谷（幽林溪谷）,zh-CN
Raw Mana,原始魔力（源生魔力）,zh-CN
Raw Power,原始力量,zh-CN
Rawhide Belt,生皮腰带,zh-CN
Rawhide Boots,生皮短靴,zh-CN
Razed Fields,殘破原野（燃烧废野）,zh-CN
Razor Quarterstaff,剃刃細杖（刀锋节杖）,zh-CN
Reaching Quarterstaff,延伸細杖（延伸节杖）,zh-CN
Reaching Strike,延伸打擊（深远打击）,zh-CN
Reactive Growth,反應性生長（应激生长）,zh-CN
Reactive Hiveseeding,反應性巢種（反应蜂籽）,zh-CN
Reality Wound,現實之殤（现实创伤）,zh-CN
Reap,收割（赤炼收割）,zh-CN
Reaper's Invocation,收割者的祈願（收割祈求）,zh-CN
Reaping Staff,死神長杖（收割长杖）,zh-CN
Reappropriated Offspring,重奪子嗣（挪用后代）,zh-CN
Rearguard,寒锋之卫,zh-CN
Rearm I,重新佈署 I（重新武装 I）,zh-CN
Rearm II,重新佈署 II（重新武装 II）,zh-CN
Reaver Catalyst,掠奪催化劑（袭击催化剂）,zh-CN
Reaver Glaive,收割者長柄刀（掠夺者战刃）,zh-CN
Reaving,掠奪（掠袭如风）,zh-CN
Rebirth,再誕（重生）,zh-CN
Rebirth Rune,重生符文,zh-CN
Reborn in Shadow,生於影中（暗影重生）,zh-CN
Recently,近期,zh-CN
Recombinator,重組裝置,zh-CN
Recoup,補償（吸纳）,zh-CN
Recurring Nightmares,夢魘重現（噩梦循环）,zh-CN
Recurve Bow,反曲弓,zh-CN
Red Flames of Chayula,夏烏拉之紅炎（红色夏乌拉之焰）,zh-CN
Redblade Banner,红刃旗帜,zh-CN
Redblade Discipline,紅刃紀律（赤刃之训）,zh-CN
Redemption,救赎,zh-CN
Redflare Conduit,紅焰導體（赫耀导体）,zh-CN
Reefsteel Greaves,礁鋼脛甲（卷钢胫甲）,zh-CN
Refills,補滿（灌装）,zh-CN
Refined Adaptive Catalyst,精製適性催化劑（精炼应变催化剂）,zh-CN
Refined Bracers,精制护腕,zh-CN
Refined Breach Ring,精製裂痕戒指（精炼裂隙戒指）,zh-CN
Refined Carapace Catalyst,精製甲殼催化劑（精炼甲壳催化剂）,zh-CN
Refined Chayula's Catalyst,精製夏烏拉的催化劑（精炼夏乌拉催化剂）,zh-CN
Refined Esh's Catalyst,精製艾許的催化劑（精炼艾许催化剂）,zh-CN
Refined Flesh Catalyst,精製血肉催化劑（精炼血肉催化剂）,zh-CN
Refined Grip,精煉之握（精炼握持）,zh-CN
Refined Necrotic Catalyst,精製死靈催化劑（精炼腐化催化剂）,zh-CN
Refined Neural Catalyst,精製神經催化劑（精炼神经催化剂）,zh-CN
Refined Reaver Catalyst,精製掠奪催化劑（精炼袭击催化剂）,zh-CN
Refined Sibilant Catalyst,精製嘶鳴催化劑（精炼嘶语催化剂）,zh-CN
Refined Skittering Catalyst,精製飛掠催化劑（精炼飞掠催化剂）,zh-CN
Refined Tissue,改良組織（精炼组织）,zh-CN
Refined Tul's Catalyst,精製托沃的催化劑（精炼托沃催化剂）,zh-CN
Refined Uul-Netol's Catalyst,精製烏爾尼多的催化劑（精炼乌尔尼多催化剂）,zh-CN
Refined Xoph's Catalyst,精製索伏的催化劑（精炼索伏催化剂）,zh-CN
Reflecting Staff,映像長杖（反射长杖）,zh-CN
Refocus,重新專注（能量重聚）,zh-CN
Refracted Infusion,拆射灌注（折射灌注）,zh-CN
Refraction I,折射 I,zh-CN
Refraction II,折射 II,zh-CN
Refraction III,折射 III,zh-CN
Refuse Emptiness,抵抗空無（拒绝空虚）,zh-CN
Refutation,駁斥（反制）,zh-CN
Regal Orb,富豪石,zh-CN
Regal Shard,富豪石碎片,zh-CN
Regalia Longsword,王權長劍（君威长剑）,zh-CN
Regenerates Life,回復生命（生命再生）,zh-CN
Regenerative Flesh,再生血肉（再生躯体）,zh-CN
Reinforced Rallying,強化士氣（坚韧集结）,zh-CN
Reinforced Totems I,強化圖騰 I（增强图腾 I）,zh-CN
Reinforced Totems II,強化圖騰 II（增强图腾 II）,zh-CN
Reinvigoration,重新振作（振奋活力）,zh-CN
Rejection of One,拒絕歸一（否定单一）,zh-CN
Released Azmeri Spirits,被釋放的阿茲莫里魂靈,zh-CN
Relentless,冷酷无情,zh-CN
Relentless Fallen,無情殞落者（无情陨落）,zh-CN
Relentless Pursuit,無情追獵（无尽追踪）,zh-CN
Relentless Rage,无尽怒火,zh-CN
Relentless Vindicator,無情護衛者（无休仲裁者）,zh-CN
Relics,聖物（遗物）,zh-CN
Relinquish Your Life,放棄你的生命（生机尽现）,zh-CN
Remnant Attraction,痕跡吸引（残片吸引）,zh-CN
Remnant Potency I,痕跡強度 I（残片效能 I）,zh-CN
Remnant Potency II,痕跡強度 II（残片效能 II）,zh-CN
Remnant Potency III,痕跡強度 III（残片效能 III）,zh-CN
Remnants,痕跡（残片）,zh-CN
Remnants of Kalguur,卡爾葛之痕（卡古兰残片）,zh-CN
Remorseless,殘酷無情（无情冷面）,zh-CN
Remote Skills,遠端技能（远距技能）,zh-CN
Removed Skill,已移除技能（被移除的技能）,zh-CN
Rend,撕扯（龙爪撕裂）,zh-CN
Rending Apex,撕裂頂點（撕裂巅峰）,zh-CN
Rending Halberd,撕扯斧槍（裂肉戟斧）,zh-CN
Renly's Training,倫利之訓（蓝礼的锤炼）,zh-CN
Repeatable,可重复,zh-CN
Repeating Explosives,連續爆炸（连环炸药）,zh-CN
Repeating Skills,重复技能,zh-CN
Replenishing Horde,群集復甦（兽群衍生）,zh-CN
Reprisal,反擊（报偿）,zh-CN
Repulsion,排斥（反斥）,zh-CN
Requiem,安魂曲（镇魂曲）,zh-CN
Rerolling Critical Hit Chance,重骰暴擊率（重置暴击率）,zh-CN
Researcher's Strongbox,研究者的保險箱（研究员的保险箱）,zh-CN
Reservation,保留,zh-CN
Reservoir,水源地（储水区）,zh-CN
Resilient Soul,堅韌之魂（抗争之魂）,zh-CN
Resilient Wards,堅韌守護（抗争结界）,zh-CN
Resistance Penetration,抗性穿透,zh-CN
Resistances,抗性,zh-CN
Resisted by Other Value,受其他數值抵抗（被其他数值抵抗）,zh-CN
Resolute Reach,堅定延伸（决意之触）,zh-CN
Resolute Reprisal,堅決反擊（坚决回敬）,zh-CN
Resolute Technique,坚毅之心,zh-CN
Resolution,決意（刚毅决心）,zh-CN
Resolve Rune,決心符文（坚毅符文）,zh-CN
Resonance,共鸣,zh-CN
Resonating Shield,共鳴之盾（共振护盾）,zh-CN
Restless Dead,殞落狂熱（无宁之众）,zh-CN
Restricted Room,限制房間（秘藏房间）,zh-CN
Resurging Archon,復行統治者（复兴执政官）,zh-CN
Retaliate I,報復 I（反击 I）,zh-CN
Retaliate II,報復 II（反击 II）,zh-CN
Retaliate against all Hits,對所有擊中給予反擊（反击所有击中）,zh-CN
Retaliate with Thorns,荊棘反擊（用荆棘进行反击）,zh-CN
Retaliation,反击,zh-CN
Retreat I,撤退 I,zh-CN
Retreat II,撤退 II,zh-CN
Retreat III,撤退 III,zh-CN
Return to Nature,回归自然,zh-CN
Returning,迴旋（归返）,zh-CN
Reusable Ammunition,可重複使用的彈藥（复用式弹药）,zh-CN
Revealing Weaknesses,暴露弱點（揭示弱点）,zh-CN
Revelatory Wombgift,啟示之胎贈（启示孕育赠礼）,zh-CN
Revenge,报复,zh-CN
Reverberate,回響（回荡）,zh-CN
Reverberating Impact,迴響衝擊（回荡冲击）,zh-CN
Reverberating Parry,回響招架（反射招架）,zh-CN
Revered Resin,崇敬樹脂（神圣树脂）,zh-CN
Revered Starlit Ore,崇敬星耀礦石（尊崇星辉矿石）,zh-CN
Revered Vestments,尊敬法衣（崇礼长衣）,zh-CN
Reverie,綺夢（幻梦曲）,zh-CN
Reverse Transcription,逆向轉錄（逆转录）,zh-CN
Reversing Arrows,回转箭,zh-CN
Revitalising Darkness,復甦暗黑（活化黑暗）,zh-CN
Revitalising Flames,復甦業火（活化烈焰）,zh-CN
Revitalising Frost,復甦寒霜（活化寒冰）,zh-CN
Revitalising Lightning,復甦雷霆（活化闪电）,zh-CN
Revitalising Winds,復甦狂風（活化之风）,zh-CN
Revival Availability,可用的復活（复活限制）,zh-CN
Reviving Minions,復甦召喚物（可复活的召唤生物）,zh-CN
Rhoa Mount,恐喙鸟坐骑,zh-CN
Rhoahide Coat,恐喙鸟皮外套,zh-CN
Rhythm of Fire,火焰節奏（火焰韵律）,zh-CN
Rhythm of Ice,冰霜節奏（冰霜韵律）,zh-CN
Riches Beget Riches,錢滾錢（以财生财）,zh-CN
Riches of the Empire,帝国财富,zh-CN
Ricochet,弹射,zh-CN
Ricochet I,弹射 I,zh-CN
Ricochet II,弹射 II,zh-CN
Ricochet III,弹射 III,zh-CN
Rider Bow,騎士之弓（骑射之弓）,zh-CN
Ridged Buckler,脊狀輕盾（凸脊轻盾）,zh-CN
Riding Coat,騎乘外套（骑行外套）,zh-CN
Right Hand of Darkness,暗黑右手（黑暗的右臂）,zh-CN
Right Where We Want Them,位置正好（正中下怀）,zh-CN
Righteous Descent,神翼懲降（正义天降）,zh-CN
Rigwald's Ferocity,瑞佛的狂暴（瑞佛的凶猛）,zh-CN
Rigwald's Might,瑞佛之力,zh-CN
Rime,霧淞（雾凇）,zh-CN
Ring Flail,圓環鏈錘（环锁连枷）,zh-CN
Ring Mail,鐵環鎖甲（锁环甲）,zh-CN
Ring Womb,戒指母胎（戒指孕育槽位）,zh-CN
Ringed Buckler,環紋輕盾（环锁轻盾）,zh-CN
Ringmail Gauntlets,環鎖護手（环锁手甲）,zh-CN
Rings,戒指,zh-CN
"Riona, Winter's Cackle",寒冬之嘲．梨歐娜（莉奥娜，凛冬笑语）,zh-CN
Rip,撕毀（撕裂）,zh-CN
Ripping Blade,撕裂之刃（裂伤之刃）,zh-CN
Rippled Greatsword,波纹巨剑,zh-CN
Rise of the Phoenix,烈炎之翼,zh-CN
Rising Danger,危機湧現（风险骤升）,zh-CN
Rising Tempest,崛起風暴（风暴骤起）,zh-CN
Risk and Reward,風險和獎勵（风险与回报）,zh-CN
Rite of Passage,仪式通道,zh-CN
Rite of Restoration,新生之儀（恢复圣仪）,zh-CN
Rite of the Nameless,無名之儀（无名仪式）,zh-CN
Rites of Lunaris,月影儀式（月影祭仪）,zh-CN
Rites of Solaris,日耀仪式,zh-CN
Ritual,祭祀（驱灵祭坛）,zh-CN
Ritual Cadence,祭祀終章（仪式节律）,zh-CN
Ritual Sacrifice,儀式獻祭（秘法奉献）,zh-CN
Ritual Tablet,祭祀碑牌（驱灵仪式石板）,zh-CN
Ritual of Flesh,血肉儀式（血肉祭仪）,zh-CN
Ritual of Immolation,獻祭儀式（焚化祭仪）,zh-CN
Ritual of Memory,記憶儀式（回忆祭仪）,zh-CN
Ritual of Might,權勢儀式（力之祭仪）,zh-CN
Ritual of Shadows,暗影儀式（暗影祭仪）,zh-CN
Ritual of Stillness,靜默儀式（寒冰祭仪）,zh-CN
Ritual of Thunder,雷霆儀式（雷霆祭仪）,zh-CN
Ritualist,儀式行者（仪祭师）,zh-CN
Ritualistic Curse,儀式詛咒（仪祭诅咒）,zh-CN
Ritualistic Reliquary Key,儀式寶庫鑰匙（仪式的圣物厅钥匙）,zh-CN
Riven Armour,碎甲（撕裂护甲）,zh-CN
River Raiment,河流之衣,zh-CN
Riverhold,河流堡（河流要塞）,zh-CN
Riverside,河畔（危机河畔）,zh-CN
Riveted Mitts,鉚接長手套（铆接护手）,zh-CN
Roaring Cries,震天哭喊（咆哮战吼）,zh-CN
Roaring Staff,咆哮长杖,zh-CN
Robust Crossbow,強健十字弓（坚固战弩）,zh-CN
Robust Diet,生酮飲食（健康食谱）,zh-CN
Robust Rune,堅實符文（健壮符文）,zh-CN
Rockpools,岩池（蓄潮水潭）,zh-CN
Rogue Armour,盗贼护甲,zh-CN
Rogue Exile,盜賊流亡者（盗贼流放者）,zh-CN
Rogue Exile Hunting Ground,盜賊流亡者獵場（盗贼流放者猎场）,zh-CN
Rogue's Marker,盜賊之印（赏金猎人印记）,zh-CN
Roil,翻騰（喧腾）,zh-CN
Roll and Strike,翻滾突擊（滚滚攻势）,zh-CN
Rolling Magma,熔岩翻騰（熔岩奔涌）,zh-CN
Rolling Slam,翻騰重擊（轰动猛击）,zh-CN
Romira's Requital,罗米拉的报复,zh-CN
Rondel de Ezo,隆德爾．德．艾佐（艾佐的诗篇）,zh-CN
Rondel of Fragility,弱化圓飾（脆弱的诗文）,zh-CN
Room Upgrades,房间升级,zh-CN
Rootdredge,根淤（根生污泥）,zh-CN
"Rootgrasp, the Hateful Forest",森林之憎．根爪（根攫，仇恨森林）,zh-CN
Rope Cuffs,繩索腕帶（绳索袖带）,zh-CN
Rotted Hood,破爛兜帽（腐烂兜帽）,zh-CN
Rotting Bones,腐敗枯骨（腐烂骸骨）,zh-CN
Rough Carapace,粗糙甲殼（粗砺甲壳）,zh-CN
Rough Greaves,粗糙脛甲（粗制胫甲）,zh-CN
Royal Craftsmanship,皇家工艺,zh-CN
Royal Lenience,皇家氣度,zh-CN
Royal Prerogative,皇家特權（王权特权）,zh-CN
Royal Tithe,皇家什一税,zh-CN
Royal Tower Shield,皇族塔盾（皇家塔盾）,zh-CN
Ruby,紅寶石（红玉）,zh-CN
Ruby Charm,紅玉護符（红玉咒符）,zh-CN
Ruby Ring,红玉戒指,zh-CN
"Rudja, the Dread Engineer",恐懼工程師．魯賈（鲁贾，恐怖工程师）,zh-CN
Rugged Cuirass,堅實胸甲（粗糙胸甲）,zh-CN
Rugosa,盧戈薩（鲁戈萨）,zh-CN
Ruin,毀壞（废灭）,zh-CN
Ruination Maul,毀滅重錘（毁灭巨锤）,zh-CN
Ruinic Helm,符文堅盔（符文战盔）,zh-CN
Ruins of Kingsmarch,金司馬區廢墟（君锋镇废墟）,zh-CN
Run and Gun,跑轰战术,zh-CN
Rune,符文,zh-CN
Rune Knight,魔符騎士（符文骑士）,zh-CN
Rune of Accumulation,崇敬積累符文（积累符文）,zh-CN
Rune of Acrobatics,崇敬巧技符文（杂技符文）,zh-CN
Rune of Confrontation,崇敬對峙符文（冲突符文）,zh-CN
Rune of Consistency,崇敬連貫符文（连贯符文）,zh-CN
Rune of Culmination,崇敬終點符文（巅峰符文）,zh-CN
Rune of Foundations,崇敬基準符文（根基符文）,zh-CN
Rune of Reach,崇敬觸及符文（延伸符文）,zh-CN
Rune of Renown,崇敬聲望符文（声望符文）,zh-CN
Rune of Vital Flame,崇敬生命火焰符文（命焰符文）,zh-CN
Rune of Vitality,崇敬活力符文（活力符文）,zh-CN
Rune of the Blossom,崇敬精通符文（绽放符文）,zh-CN
Rune of the Hunt,崇敬狩獵符文（狩猎符文）,zh-CN
Rune of the Prism,崇敬稜鏡符文（棱镜符文）,zh-CN
Runed Focus,符文法器,zh-CN
Runefather's Boast,符文之父的自誇（符文之父加持）,zh-CN
Runefather's Challenge,符文之父的挑战,zh-CN
Runefather's Grasping Mail,符文之父的貪婪鎧甲（符文之父贪婪锁甲）,zh-CN
Runeforged Adherent Cuffs,符鍛追隨者腕帶（符文信徒袖带）,zh-CN
Runeforged Adherent's Raiment,符鍛信徒之衣（符文信徒之衣）,zh-CN
Runeforged Adorned Wraps,符鍛裝飾裹手（符文华饰裹手）,zh-CN
Runeforged Aged Cuffs,符鍛陳舊腕帶（符文风霜袖带）,zh-CN
Runeforged Altar Robe,符鍛祭壇長袍（符文祭坛长袍）,zh-CN
Runeforged Ancestor Tower Shield,符鍛先祖塔盾（符文先祖塔盾）,zh-CN
Runeforged Ancestral Mail,符鍛先祖鎖甲（符文先祖锁甲）,zh-CN
Runeforged Ancestral Tiara,符鍛先祖頭冠（符文先祖冠冕）,zh-CN
Runeforged Anchorite Garb,符鍛隱者裝束（符文隐士束衣）,zh-CN
Runeforged Ancient Buckler,符鍛遠古輕盾（符文远古轻盾）,zh-CN
Runeforged Ancient Cuffs,符鍛遠古腕帶（符文远古袖带）,zh-CN
Runeforged Ancient Mitts,符鍛遠古長手套（符文远古护手）,zh-CN
Runeforged Antler Focus,符鍛靈鹿法器（符文鹿角法器）,zh-CN
Runeforged Apostle Leggings,符鍛使徒護腿（符文使徒护腿）,zh-CN
Runeforged Arrayed Focus,符鍛陣列法器（符文排列法器）,zh-CN
Runeforged Ascetic Garb,符鍛苦行者裝束（符文苦修束衣）,zh-CN
Runeforged Austere Garb,符鍛樸素裝束（符文简朴束衣）,zh-CN
Runeforged Avian Mask,符鍛飛羽之面（符文飞羽面具）,zh-CN
Runeforged Avian Targe,符鍛飛羽圓盾（符文飞羽圆盾）,zh-CN
Runeforged Barbed Bracers,符鍛鉤刺護腕（符文倒刺护腕）,zh-CN
Runeforged Barbed Spear,符鍛鉤刺長矛（符文倒刺长矛）,zh-CN
Runeforged Baroque Gloves,符鍛巴洛克手套（符文巴洛克手套）,zh-CN
Runeforged Baroque Targe,符鍛巴洛克圓盾（符文巴洛克圆盾）,zh-CN
Runeforged Barricade Tower Shield,符鍛障壁塔盾（符文障壁塔盾）,zh-CN
Runeforged Bastion Sabatons,符鍛堅堡鎧靴（符文坚城壁垒战靴）,zh-CN
Runeforged Beaded Circlet,符鍛串珠頭環（符文珠饰头冠）,zh-CN
Runeforged Blacksteel Crest Shield,符鍛烏鋼紋章盾（符文黑钢纹章盾）,zh-CN
Runeforged Blacksteel Gauntlets,符鍛烏鐵護手（符文黑钢手甲）,zh-CN
Runeforged Blacksteel Sabatons,符鍛烏鋼鎧靴（符文黑钢战靴）,zh-CN
Runeforged Bladeguard Buckler,符鍛刃衛輕盾（符文刀刃守护轻盾）,zh-CN
Runeforged Blades,符煉刀刃（符文之刃）,zh-CN
Runeforged Blazon Crest Shield,符鍛家徽紋章盾（符文饰印纹章盾）,zh-CN
Runeforged Bolstered Mitts,符鍛加固長手套（符文增固护手）,zh-CN
Runeforged Bone Raiment,符鍛骸骨之衣（符文坠饰之衣）,zh-CN
Runeforged Bound Bracers,符鍛緊縛護腕（符文缚革护腕）,zh-CN
Runeforged Bound Cuffs,符鍛綑綁腕帶（符文缚革袖带）,zh-CN
Runeforged Bound Sandals,符鍛綑綁便鞋（符文缚革鞋履）,zh-CN
Runeforged Braced Sabatons,符鍛加固鎧靴（符文加固战靴）,zh-CN
Runeforged Braced Tower Shield,符鍛加固塔盾（符文加固塔盾）,zh-CN
Runeforged Brigand Mask,符鍛強盜之面（符文强盗面具）,zh-CN
Runeforged Brimmed Helm,符鍛邊緣之盔（符文宽沿之盔）,zh-CN
Runeforged Bronze Greaves,符鍛青銅脛甲（符文青铜胫甲）,zh-CN
Runeforged Buckled Wraps,符鍛帶扣裹手（符文扣带裹手）,zh-CN
Runeforged Bulwark Greaves,符鍛壁壘脛甲（符文堡垒胫甲）,zh-CN
Runeforged Bulwark Tower Shield,符鍛守護塔盾（符文堡垒塔盾）,zh-CN
Runeforged Cabalist Helm,符鍛秘術師之盔（符文秘法家头盔）,zh-CN
Runeforged Carved Greaves,符鍛雕刻脛甲（符文雕饰胫甲）,zh-CN
Runeforged Carved Targe,符鍛雕刻圓盾（符文雕纹圆盾）,zh-CN
Runeforged Cavalry Boots,符鍛騎兵長靴（符文骑兵长靴）,zh-CN
Runeforged Ceremonial Robe,符鍛儀式長袍（符文仪式长袍）,zh-CN
Runeforged Chain Mail,符鍛鎖鍊鎖甲（符文环锁甲）,zh-CN
Runeforged Chain Tiara,符鍛鎖鍊頭冠（符文锁链冠冕）,zh-CN
Runeforged Champion Cuirass,符鍛冠軍胸甲（符文冠军胸甲）,zh-CN
Runeforged Champion Helm,符鍛勇士之盔（符文勇士头盔）,zh-CN
Runeforged Changeling Talisman,符鍛變形魔符（符文易形魔符）,zh-CN
Runeforged Charmed Shoes,符鍛護符輕鞋（符文魅力便鞋）,zh-CN
Runeforged Chieftain Cuirass,符鍛酋長胸甲（符文酋长胸甲）,zh-CN
Runeforged Chiseled Targe,符鍛鑿刻圓盾（符文镌凿圆盾）,zh-CN
Runeforged Cinched Boots,符鍛繫帶長靴（符文束带长靴）,zh-CN
Runeforged Cleric Vestments,符鍛教士法衣（符文圣徒长衣）,zh-CN
Runeforged Cloaked Mail,符鍛斗篷鎖甲（符文披风锁甲）,zh-CN
Runeforged Closed Helm,符鍛緊閉之盔（符文封闭之盔）,zh-CN
Runeforged Commander Gauntlets,符鍛指揮官護手（符文军官手甲）,zh-CN
Runeforged Commander Greathelm,符鍛指揮官巨盔（符文军官巨盔）,zh-CN
Runeforged Composite Bow,符鍛合成弓（符文复合弓）,zh-CN
Runeforged Conjurer Mantle,符鍛巫術師披肩（符文咒者斗篷）,zh-CN
Runeforged Conqueror Plate,符鍛征服者鎧甲（符文霸王战铠）,zh-CN
Runeforged Corsair Cap,符鍛海盜便帽（符文海贼帽）,zh-CN
Runeforged Corsair Coat,符鍛海盜外套（符文海盗外套）,zh-CN
Runeforged Corsair Vest,符鍛海盜背心（符文海贼背心）,zh-CN
Runeforged Covered Sabatons,符鍛遮蓋鎧靴（符文掩护战靴）,zh-CN
Runeforged Cowled Helm,符鍛斗篷之盔（符文掩面之盔）,zh-CN
Runeforged Crescent Quarterstaff,符鍛新月細杖（符文月牙节杖）,zh-CN
Runeforged Crescent Targe,符鍛新月圓盾（符文新月圆盾）,zh-CN
Runeforged Crucible Tower Shield,符鍛磨煉塔盾（符文熔铸塔盾）,zh-CN
Runeforged Crude Bow,符鍛粗製弓（符文粗制弓）,zh-CN
Runeforged Crumbling Maul,符鍛崩毀重錘（符文摧枯巨锤）,zh-CN
Runeforged Cryptic Crown,符鍛隱祕之冠（符文隐秘之冠）,zh-CN
Runeforged Cryptic Helm,符鍛隱秘之盔（符文神秘头盔）,zh-CN
Runeforged Cryptic Leggings,符鍛隱祕護腿（符文隐秘绑腿）,zh-CN
Runeforged Crystal Focus,符鍛水晶法器（符文水晶法器）,zh-CN
Runeforged Cultist Crown,符鍛教徒之冠（符文密教头冠）,zh-CN
Runeforged Cultist Focus,符鍛教徒法器（符文密会法器）,zh-CN
Runeforged Cultist Gauntlets,符鍛教徒護手（符文密会手甲）,zh-CN
Runeforged Cultist Greathammer,符鍛教徒巨錘（符文教徒大锤）,zh-CN
Runeforged Daggerfoot Shoes,符鍛捷足輕鞋（符文捷足便鞋）,zh-CN
Runeforged Dastard Armour,符鍛惡徒護甲（符文懦夫护甲）,zh-CN
Runeforged Death Mail,符鍛死亡鎖甲（符文死亡锁甲）,zh-CN
Runeforged Death Mantle,符鍛死亡披肩（符文死亡斗篷）,zh-CN
Runeforged Deerstalker Hood,符鍛獵鹿者之兜（符文猎踪兜帽）,zh-CN
Runeforged Dekharan Crest Shield,符鍛部下紋章盾（符文德卡拉纹章盾）,zh-CN
Runeforged Desert Buckler,符鍛沙漠輕盾（符文沙漠轻盾）,zh-CN
Runeforged Desert Cap,符鍛沙漠便帽（符文沙漠帽）,zh-CN
Runeforged Detailed Mitts,符鍛精細長手套（符文精工护手）,zh-CN
Runeforged Divine Crown,符鍛神聖之冠（符文神礼王冠）,zh-CN
Runeforged Doubled Gauntlets,符鍛雙層護手（符文合钢手甲）,zh-CN
Runeforged Dragonscale Boots,符鍛龍鱗長靴（符文龙鳞长靴）,zh-CN
Runeforged Drakeskin Boots,符鍛龍膚長靴（符文龙皮长靴）,zh-CN
Runeforged Druidic Crown,符鍛德魯伊之冠（符文德鲁伊王冠）,zh-CN
Runeforged Druidic Focus,符鍛德魯伊法器（符文德鲁伊法器）,zh-CN
Runeforged Dualstring Bow,符鍛雙弦弓（符文双弦弓）,zh-CN
Runeforged Dunerunner Sandals,符鍛沙丘行者便鞋（符文沙丘行者鞋履）,zh-CN
Runeforged Dyad Crossbow,符鍛雙生十字弓（符文双联战弩）,zh-CN
Runeforged Edged Buckler,符鍛刃緣輕盾（符文锋缘轻盾）,zh-CN
Runeforged Effigial Tower Shield,符鍛靈像塔盾（符文塑像塔盾）,zh-CN
Runeforged Elegant Greathelm,符鍛優雅巨盔（符文雅致巨盔）,zh-CN
Runeforged Elegant Greaves,符鍛優雅脛甲（符文雅致胫甲）,zh-CN
Runeforged Elegant Plate,符鍛優雅鎧甲（符文优雅战铠）,zh-CN
Runeforged Elegant Slippers,符鍛優雅便鞋（符文雅致便鞋）,zh-CN
Runeforged Elegant Wraps,符鍛優雅裹手（符文雅致裹手）,zh-CN
Runeforged Elementalist Robe,符鍛元素使長袍（符文元素使长袍）,zh-CN
Runeforged Elite Greathelm,符鍛菁英巨盔（符文精锐巨盔）,zh-CN
Runeforged Emblem Crest Shield,符鍛徽印紋章盾（符文圣徽纹章盾）,zh-CN
Runeforged Embossed Boots,符鍛浮雕長靴（符文浮雕靴）,zh-CN
Runeforged Engraved Focus,符鍛紋刻法器（符文铭刻法器）,zh-CN
Runeforged Explorer Armour,符鍛探索者護甲（符文探索者护甲）,zh-CN
Runeforged Face Mask,符鍛護臉之面（符文覆颜面具）,zh-CN
Runeforged Faithful Leggings,符鍛信仰護腿（符文信仰护腿）,zh-CN
Runeforged Falconer's Jacket,符鍛訓鷹者外衣（符文猎鹰师外衣）,zh-CN
Runeforged Familial Talisman,符鍛家族魔符（符文血亲魔符）,zh-CN
Runeforged Faridun Mask,符鍛法里登之面（符文法里顿面具）,zh-CN
Runeforged Feathered Mitts,符鍛羽毛長手套（符文羽饰护手）,zh-CN
Runeforged Feathered Raiment,符鍛羽絨之衣（符文羽饰之衣）,zh-CN
Runeforged Feathered Robe,符鍛羽毛長袍（符文羽饰长袍）,zh-CN
Runeforged Feathered Sandals,符鍛羽毛便鞋（符文羽饰鞋履）,zh-CN
Runeforged Feathered Targe,符鍛羽毛圓盾（符文羽饰圆盾）,zh-CN
Runeforged Feathered Tiara,符鍛羽毛頭冠（符文羽饰冠冕）,zh-CN
Runeforged Felled Greatclub,符鍛墮落巨棍棒（符文伐采巨棍）,zh-CN
Runeforged Felt Cap,符鍛毛氈便帽（符文毛毡帽）,zh-CN
Runeforged Fierce Greathelm,符鍛兇猛巨盔（符文刚烈巨盔）,zh-CN
Runeforged Fine Bracers,符鍛精良護腕（符文精工护腕）,zh-CN
Runeforged Firm Bracers,符鍛穩固護腕（符文牢固护腕）,zh-CN
Runeforged Flared Boots,符鍛閃耀長靴（符文宽口靴）,zh-CN
Runeforged Flax Sandals,符鍛亞麻便鞋（符文麻布鞋履）,zh-CN
Runeforged Flowing Raiment,符鍛奔流之衣（符文飘逸之衣）,zh-CN
Runeforged Forge Maul,符鍛鍛造重錘（符文锻炉巨锤）,zh-CN
Runeforged Forked Spear,符鍛叉狀長矛（符文分叉长矛）,zh-CN
Runeforged Fortress Sabatons,符鍛要塞鎧靴（符文要塞战靴）,zh-CN
Runeforged Fortress Tower Shield,符鍛要塞塔盾（符文要塞塔盾）,zh-CN
Runeforged Frayed Shoes,符鍛磨損輕鞋（符文磨损便鞋）,zh-CN
Runeforged Freebooter Cap,符鍛符鍛劫掠者便帽（符文劫掠者之帽）,zh-CN
Runeforged Full Plate,符鍛連身鎧甲（符文连身铠甲）,zh-CN
Runeforged Fur Plate,符鍛毛皮鎧甲（符文覆皮之铠）,zh-CN
Runeforged Garment,符鍛服裝（符文华服装束）,zh-CN
Runeforged Gauze Wraps,符鍛紗布裹手（符文薄纱裹手）,zh-CN
Runeforged Gladiatorial Helm,符鍛衛士之盔（符文角斗士头盔）,zh-CN
Runeforged Gleaming Cuffs,符鍛輝光腕帶（符文闪亮袖带）,zh-CN
Runeforged Glowering Crest Shield,符鍛怒視紋章盾（符文怒视纹章盾）,zh-CN
Runeforged Gold Circlet,符鍛黃金頭環（符文烁金头冠）,zh-CN
Runeforged Gold Gloves,符鍛黃金手套（符文黄金手套）,zh-CN
Runeforged Goldcast Cuffs,符鍛金鑄腕帶（符文金索袖带）,zh-CN
Runeforged Golden Mail,符鍛耀金鎖甲（符文黄金锁甲）,zh-CN
Runeforged Golden Targe,符鍛耀金圓盾（符文耀金圆盾）,zh-CN
Runeforged Goldworked Tower Shield,符鍛黃金塔盾（符文金工塔盾）,zh-CN
Runeforged Gothic Quarterstaff,符鍛歌德細杖（符文哥特节杖）,zh-CN
Runeforged Grand Bracers,符鍛宏偉護腕（符文宏伟护腕）,zh-CN
Runeforged Grasping Mail,符鍛貪婪鎧甲（符文贪婪锁甲）,zh-CN
Runeforged Grim Gloves,符鍛冷酷手套（符文冷酷手套）,zh-CN
Runeforged Grinning Mask,符鍛獰笑之面（符文狞笑面罩）,zh-CN
Runeforged Guarded Helm,符鍛警惕之盔（符文守护之盔）,zh-CN
Runeforged Gutspike Buckler,符鍛挑腸輕盾（符文肠刺轻盾）,zh-CN
Runeforged Hallowed Crown,符鍛聖潔之冠（符文神圣王冠）,zh-CN
Runeforged Hallowed Focus,符鍛聖潔法器（符文神圣法器）,zh-CN
Runeforged Hardwood Spear,符鍛硬木長矛（符文硬木长矛）,zh-CN
Runeforged Hardwood Targe,符鍛硬木圓盾（符文硬木圆盾）,zh-CN
Runeforged Hatungo Garb,符鍛靈語者裝束（符文哈图纳格斯束衣）,zh-CN
Runeforged Hawker's Jacket,符鍛飼鷹者外衣（符文小贩外衣）,zh-CN
Runeforged Heartcarver Mantle,符鍛雕心者披肩（符文刻心斗篷）,zh-CN
Runeforged Heavy Crown,符鍛沉重之冠（符文沉重王冠）,zh-CN
Runeforged Heavy Plate,符鍛重型鎧甲（符文重型战铠）,zh-CN
Runeforged Heraldric Tower Shield,符鍛紋章塔盾（符文徽纹塔盾）,zh-CN
Runeforged Hermit Garb,符鍛隱士裝束,zh-CN
Runeforged Hewn Mask,符鍛粗製之面（符文凿制之面）,zh-CN
Runeforged Hexer's Robe,符鍛咒術師長袍（符文魔蛊长袍）,zh-CN
Runeforged Hooded Mask,符鍛風帽之面（符文兜帽之面）,zh-CN
Runeforged Horned Crown,符鍛犄角之冠（符文犄角王冠）,zh-CN
Runeforged Hunter Hood,符鍛獵者之兜（符文猎者兜帽）,zh-CN
Runeforged Hunting Shoes,符鍛狩獵輕鞋（符文狩猎便鞋）,zh-CN
Runeforged Hunting Spear,符鍛狩獵長矛（符文狩猎长矛）,zh-CN
Runeforged Imperial Greathelm,符鍛帝國巨盔（符文帝国巨盔）,zh-CN
Runeforged Inquisitor Crown,符鍛判官之冠（符文判官王冠）,zh-CN
Runeforged Intricate Crest Shield,符鍛錯綜紋章盾（符文精巧纹章盾）,zh-CN
Runeforged Intricate Gloves,符鍛精妙手套（符文精致手套）,zh-CN
Runeforged Iron Buckler,符鍛鍛鐵輕盾（符文锻铁轻盾）,zh-CN
Runeforged Iron Crown,符鍛鍛鐵之冠（符文铁锻王冠）,zh-CN
Runeforged Iron Cuirass,符鍛鍛鐵胸甲（符文铁锻胸甲）,zh-CN
Runeforged Iron Greaves,符鍛鐵鍛脛甲（符文铁锻胫甲）,zh-CN
Runeforged Ironclad Vestments,符鍛鐵甲法衣（符文武装长衣）,zh-CN
Runeforged Ironhead Spear,符鍛鐵木長矛（符文铁头长矛）,zh-CN
Runeforged Itinerant Jacket,符鍛遊歷者外衣（符文流浪外衣）,zh-CN
Runeforged Jade Tiara,符鍛翠玉頭冠（符文翠玉冠冕）,zh-CN
Runeforged Jewelled Gloves,符鍛寶石手套（符文宝石手套）,zh-CN
Runeforged Jingling Buckler,符鍛響聲輕盾（符文铃鸣轻盾）,zh-CN
Runeforged Jingling Crest Shield,符鍛響聲紋章盾（符文铃鸣纹章盾）,zh-CN
Runeforged Juggernaut Plate,符鍛勇士鎧甲（符文巨灵之铠）,zh-CN
Runeforged Jungle Tiara,符鍛叢林頭冠（符文丛林冠冕）,zh-CN
Runeforged Kalguuran Cuffs,符鍛卡爾葛腕帶（符文卡古兰袖带）,zh-CN
Runeforged Kalguuran Forgehammer,符鍛卡爾葛鍛造錘（符文卡古兰锻造锤）,zh-CN
Runeforged Kamasan Tiara,符鍛卡瑪薩頭冠（符文卡马萨冠冕）,zh-CN
Runeforged Keth Raiment,符鍛凱斯之衣（符文克斯之衣）,zh-CN
Runeforged Knight Armour,符鍛騎士護甲（符文骑士护甲）,zh-CN
Runeforged Knightly Mitts,符鍛騎士長手套（符文骑士护手）,zh-CN
Runeforged Lace Hood,符鍛綁帶兜帽（符文花边兜帽）,zh-CN
Runeforged Laced Boots,符鍛飾帶長靴（符文花边靴）,zh-CN
Runeforged Laminate Buckler,符鍛層壓輕盾（符文合板轻盾）,zh-CN
Runeforged Lattice Sandals,符鍛格子便鞋（符文硬框鞋履）,zh-CN
Runeforged Layered Gauntlets,符鍛層板護手（符文垫层护手）,zh-CN
Runeforged Layered Vest,符鍛分層背心（符文拼接背心）,zh-CN
Runeforged Leaden Greathammer,符鍛麻木巨錘（符文灌铅大锤）,zh-CN
Runeforged Leather Buckler,符鍛皮革輕盾（符文皮制轻盾）,zh-CN
Runeforged Leather Vest,符鍛皮革背心（符文皮革背心）,zh-CN
Runeforged Leatherbound Hood,符鍛皮革兜帽（符文皮缚兜帽）,zh-CN
Runeforged Leyline Focus,符鍛地脈法器（符文荒凉原野法器）,zh-CN
Runeforged Linen Wraps,符鍛麻布裹手（符文亚麻裹手）,zh-CN
Runeforged Lizardscale Boots,符鍛蜥蜴鱗長靴（符文蜥鳞靴）,zh-CN
Runeforged Lizardscale Coat,符鍛蜥蜴鱗外套（符文蜥鳞外套）,zh-CN
Runeforged Long Quarterstaff,符鍛加長細杖（符文长柄节杖）,zh-CN
Runeforged Luxurious Slippers,符鍛奢華便鞋（符文奢华便鞋）,zh-CN
Runeforged Mail Sabatons,符鍛鎖甲鎧靴（符文锁链战靴）,zh-CN
Runeforged Mail Vestments,符鍛鎖甲法衣（符文锁子长衣）,zh-CN
Runeforged Makeshift Crossbow,符鍛臨時十字弓（符文拼凑战弩）,zh-CN
Runeforged Mammoth Targe,符鍛猛獁圓盾（符文猛犸圆盾）,zh-CN
Runeforged Mantled Mail,符鍛披風鎖甲（符文斗篷锁甲）,zh-CN
Runeforged Marabout Garb,符鍛修士裝束（符文遁世束衣）,zh-CN
Runeforged Maraketh Cuirass,符鍛馬拉克斯胸甲（符文马拉克斯胸甲）,zh-CN
Runeforged Marching Mace,符鍛行軍之錘（符文师匠行军之锤）,zh-CN
Runeforged Martyr Crown,符鍛殉難之冠（符文英烈之冠）,zh-CN
Runeforged Masked Greathelm,符鍛假面巨盔（符文蒙面巨盔）,zh-CN
Runeforged Massive Mitts,符鍛巨型長手套（符文巨型护手）,zh-CN
Runeforged Morning Star,符鍛晨星（符文流星锤）,zh-CN
Runeforged Moulded Mitts,符鍛鑄模長手套（符文铸锻护手）,zh-CN
Runeforged Mystic Raiment,符鍛神秘之衣（符文密士之衣）,zh-CN
Runeforged Nettle Talisman,符鍛蕁麻魔符（符文荨麻魔符）,zh-CN
Runeforged Noble Greathelm,符鍛高貴巨盔（符文贵族巨盔）,zh-CN
Runeforged Noble Sabatons,符鍛高貴鎧靴（符文贵族战靴）,zh-CN
Runeforged Noble Tower Shield,符鍛高貴塔盾（符文贵族塔盾）,zh-CN
Runeforged Oak Greathammer,符鍛橡木巨錘（符文橡木大锤）,zh-CN
Runeforged Occultist Mantle,符鍛秘術披肩（符文秘术家斗篷）,zh-CN
Runeforged Omen Crest Shield,符鍛預兆紋章盾（符文噩兆纹章盾）,zh-CN
Runeforged Opulent Gloves,符鍛奢靡手套（符文丰裕手套）,zh-CN
Runeforged Ornate Buckler,符鍛華麗輕盾（符文华丽轻盾）,zh-CN
Runeforged Ornate Cuffs,符鍛華麗腕帶（符文华丽袖带）,zh-CN
Runeforged Ornate Greaves,符鍛華麗脛甲（符文华丽胫甲）,zh-CN
Runeforged Ornate Mitts,符鍛華麗長手套（符文华丽护手）,zh-CN
Runeforged Ornate Plate,符鍛華麗鎧甲（符文华丽战铠）,zh-CN
Runeforged Padded Leggings,符鍛襯墊護腿（符文衬垫绑腿）,zh-CN
Runeforged Painted Tower Shield,符鍛彩繪塔盾（符文彩绘塔盾）,zh-CN
Runeforged Paragon Greathelm,符鍛楷模巨盔（符文典范巨盔）,zh-CN
Runeforged Pariah Mask,符鍛輕蔑之面（符文贱民面具）,zh-CN
Runeforged Pathfinder Coat,符鍛追獵者外套（符文寻路者外套）,zh-CN
Runeforged Pauascale Gloves,符鍛海靈鱗手套（符文海灵鳞缀手套）,zh-CN
Runeforged Pearl Buckler,符鍛珍珠輕盾（符文珠光轻盾）,zh-CN
Runeforged Pelage Targe,符鍛毛皮圓盾（符文毛皮圆盾）,zh-CN
Runeforged Pelt Leggings,符鍛堅皮護腿（符文毛皮绑腿）,zh-CN
Runeforged Pelt Mantle,符鍛堅皮披肩（符文毛皮斗篷）,zh-CN
Runeforged Pilgrim Vestments,符鍛朝聖者法衣（符文朝圣者长衣）,zh-CN
Runeforged Plate Gauntlets,符鍛鎧甲護手（符文铁板护手）,zh-CN
Runeforged Plated Buckler,符鍛鋼板輕盾（符文嵌板轻盾）,zh-CN
Runeforged Plated Vestments,符鍛鎧甲法衣（符文嵌板长衣）,zh-CN
Runeforged Plumed Focus,符鍛羽飾法器（符文彩羽法器）,zh-CN
Runeforged Pointed Maul,符鍛尖銳重錘（符文钉头巨锤）,zh-CN
Runeforged Polished Bracers,符鍛亮澤護腕（符文闪耀护腕）,zh-CN
Runeforged Polished Targe,符鍛拋光圓盾（符文抛光圆盾）,zh-CN
Runeforged Quartered Crest Shield,符鍛四分紋章盾（符文四分纹章盾）,zh-CN
Runeforged Quickslip Shoes,符鍛速行輕鞋（符文急迅便鞋）,zh-CN
Runeforged Quilted Vest,符鍛襯墊背心（符文菱纹背心）,zh-CN
Runeforged Raider Plate,符鍛俠客鎧甲（符文劫掠之铠）,zh-CN
Runeforged Rambler Jacket,符鍛漫步者外衣（符文漫步者外衣）,zh-CN
Runeforged Rampart Tower Shield,符鍛壁壘塔盾（符文壁垒塔盾）,zh-CN
Runeforged Rawhide Boots,符鍛生皮長靴（符文生皮短靴）,zh-CN
Runeforged Recurve Bow,符鍛反曲弓（符文反曲弓）,zh-CN
Runeforged Reefsteel Greaves,符鍛礁鋼脛甲（符文卷钢胫甲）,zh-CN
Runeforged Refined Bracers,符鍛精製護腕（符文精制护腕）,zh-CN
Runeforged Rhoahide Coat,符鍛恐喙鳥皮外套（符文恐喙鸟皮外套）,zh-CN
Runeforged Ridged Buckler,符鍛脊狀輕盾（符文凸脊轻盾）,zh-CN
Runeforged Ringed Buckler,符鍛環紋輕盾（符文环锁轻盾）,zh-CN
Runeforged Ringmail Gauntlets,符鍛環鎖護手（符文环锁手甲）,zh-CN
Runeforged River Raiment,符鍛河流之衣（符文河流之衣）,zh-CN
Runeforged Riveted Mitts,符鍛鉚接長手套（符文铆接护手）,zh-CN
Runeforged Rogue Armour,符鍛盜賊護甲（符文盗贼护甲）,zh-CN
Runeforged Rope Cuffs,符鍛繩索腕帶（符文绳索袖带）,zh-CN
Runeforged Rough Greaves,符鍛粗糙脛甲（符文粗制胫甲）,zh-CN
Runeforged Royal Tower Shield,符鍛皇族塔盾（符文皇家塔盾）,zh-CN
Runeforged Runed Focus,符鍛符文法器（符文符文法器）,zh-CN
Runeforged Runner Vest,符鍛奔走者背心（符文跑者背心）,zh-CN
Runeforged Rusted Cuirass,符鍛生鏽胸甲（符文锈蚀胸甲）,zh-CN
Runeforged Rusted Greathelm,符鍛鏽蝕巨盔（符文锈蚀巨盔）,zh-CN
Runeforged Sacramental Robe,符鍛聖禮長袍（符文圣礼束衣）,zh-CN
Runeforged Sacred Focus,符鍛神聖法器（符文圣洁法器）,zh-CN
Runeforged Sacrificial Mantle,符鍛獻祭披肩（符文献祭斗篷）,zh-CN
Runeforged Sacrificial Regalia,符鍛獻祭法衣（符文献祭盛装）,zh-CN
Runeforged Saintly Crown,符鍛聖徒之冠（符文圣洁王冠）,zh-CN
Runeforged Sandsworn Sandals,符鍛沙誓便鞋（符文沙誓鞋履）,zh-CN
Runeforged Sandsworn Tiara,符鍛沙誓頭冠（符文沙誓冠冕）,zh-CN
Runeforged Scale Mail,符鍛鱗片鎖甲（符文嵌鳞锁甲）,zh-CN
Runeforged Scalper's Jacket,符鍛投機者外衣（符文猎头者外衣）,zh-CN
Runeforged Scoundrel Jacket,符鍛流氓外衣（符文流贼外衣）,zh-CN
Runeforged Scout's Vest,符鍛斥侯背心（符文斥候背心）,zh-CN
Runeforged Seastorm Mantle,符鍛海洋風暴披肩（符文海洋风暴斗篷）,zh-CN
Runeforged Sectarian Crest Shield,符鍛宗派紋章盾（符文宗室纹章盾）,zh-CN
Runeforged Sectioned Bracers,符鍛分段護腕（符文截片护腕）,zh-CN
Runeforged Secured Leggings,符鍛牢固護腿（符文牢靠绑腿）,zh-CN
Runeforged Secured Wraps,符鍛牢固裹手（符文坚固裹手）,zh-CN
Runeforged Seer Crest Shield,符鍛先知紋章盾（符文先知纹章盾）,zh-CN
Runeforged Sekhema Sandals,符鍛絲克瑪便鞋（符文丝克玛便鞋）,zh-CN
Runeforged Sekheman Crest Shield,符鍛絲克瑪紋章盾（符文丝克玛纹章盾）,zh-CN
Runeforged Serpentscale Boots,符鍛蛇鱗長靴（符文蛇鳞长靴）,zh-CN
Runeforged Serpentscale Coat,符鍛蛇鱗外套（符文蛇鳞外套）,zh-CN
Runeforged Shabby Hood,符鍛破舊兜帽（符文破旧兜帽）,zh-CN
Runeforged Shaman Mantle,符鍛薩滿披肩（符文萨满斗篷）,zh-CN
Runeforged Shamanistic Leggings,符鍛薩滿護腿（符文萨满绑腿）,zh-CN
Runeforged Shielded Helm,符鍛庇護之盔（符文卫护之盔）,zh-CN
Runeforged Shortbow,符鍛短弓（符文短弓）,zh-CN
Runeforged Shrouded Mail,符鍛遮蔽鎖甲（符文蔽影锁甲）,zh-CN
Runeforged Shrouded Vest,符鍛籠罩背心（符文蔽影背心）,zh-CN
Runeforged Sigil Crest Shield,符鍛符印紋章盾（符文魔印纹章盾）,zh-CN
Runeforged Silk Robe,符鍛絲質之袍（符文丝质之袍）,zh-CN
Runeforged Silk Slippers,符鍛絲綢便鞋（符文丝绸便鞋）,zh-CN
Runeforged Sirenscale Gloves,符鍛海妖鱗手套（符文海妖之鳞手套）,zh-CN
Runeforged Skycrown Tiara,符鍛天冠頭冠（符文天冠冠冕）,zh-CN
Runeforged Sleek Jacket,符鍛光滑外衣（符文滑布外衣）,zh-CN
Runeforged Slim Mace,符鍛纖細之錘（符文细柄钉锤）,zh-CN
Runeforged Slipstrike Vest,符鍛快速打擊背心（符文滑击背心）,zh-CN
Runeforged Smuggler Coat,符鍛走私者外套（符文走私者外套）,zh-CN
Runeforged Soaring Mask,符鍛翱翔之面（符文翱翔面具）,zh-CN
Runeforged Soaring Targe,符鍛翱翔圓盾（符文翱翔圆盾）,zh-CN
Runeforged Soldier Cuirass,符鍛士兵胸甲（符文士兵胸甲）,zh-CN
Runeforged Soldier Greathelm,符鍛士兵巨盔（符文兵卒巨盔）,zh-CN
Runeforged Solid Mask,符鍛堅固之面（符文坚固之面）,zh-CN
Runeforged Sombre Gloves,符鍛暗淡手套（符文肃穆手套）,zh-CN
Runeforged Sorcerous Tiara,符鍛巫術頭冠（符文法术冠冕）,zh-CN
Runeforged Spiked Bracers,符鍛尖刺護腕（符文尖刺护腕）,zh-CN
Runeforged Spiked Buckler,符鍛尖刺輕盾（符文尖刺轻盾）,zh-CN
Runeforged Spiked Club,符鍛鈍釘木棒（符文钝钉木棒）,zh-CN
Runeforged Spikeward Buckler,符鍛尖衛輕盾（符文尖刺守护轻盾）,zh-CN
Runeforged Spined Bracers,符鍛棘刺護腕（符文精纺护腕）,zh-CN
Runeforged Spiral Wraps,符鍛盤繞裹手（符文螺旋裹手）,zh-CN
Runeforged Spired Greathelm,符鍛尖頂巨盔（符文螺旋巨盔）,zh-CN
Runeforged Spiritbone Crown,符鍛魂骨之冠（符文灵骨王冠）,zh-CN
Runeforged Splintered Tower Shield,符鍛朽木塔盾（符文朽木塔盾）,zh-CN
Runeforged Stacked Sabatons,符鍛疊層鎧靴（符文层钢战靴）,zh-CN
Runeforged Stalking Bracers,符鍛潛獵護腕（符文潜行护腕）,zh-CN
Runeforged Steel Plate,符鍛堅鋼鎧甲（符文冷钢之铠）,zh-CN
Runeforged Steelmail Gauntlets,符鍛鋼鎖護手（符文钢甲手甲）,zh-CN
Runeforged Steelpoint Quarterstaff,符鍛鋼尖細杖（符文钢缘节杖）,zh-CN
Runeforged Steelpoint Shoes,符鍛鋼尖輕鞋（符文钢缘便鞋）,zh-CN
Runeforged Steeltoe Boots,符鍛鐵趾長靴（符文钢趾靴）,zh-CN
Runeforged Stitched Gloves,符鍛縫合手套（符文缝合手套）,zh-CN
Runeforged Stocky Mitts,符鍛結實長手套（符文敦实护手）,zh-CN
Runeforged Stone Cuirass,符鍛岩石胸甲（符文石制胸甲）,zh-CN
Runeforged Stone Greaves,符鍛岩石脛甲（符文坚石胫甲）,zh-CN
Runeforged Stone Targe,符鍛岩石圓盾（符文石制圆盾）,zh-CN
Runeforged Stone Tower Shield,符鍛岩石塔盾（符文坚石塔盾）,zh-CN
Runeforged Stratified Targe,符鍛分層圓盾（符文分层圆盾）,zh-CN
Runeforged Straw Sandals,符鍛乾草便鞋（符文稻草鞋履）,zh-CN
Runeforged Studded Boots,符鍛鑲釘長靴（符文镶钉长靴）,zh-CN
Runeforged Studded Greatclub,符鍛鑲釘巨棍棒（符文镶钉巨棍）,zh-CN
Runeforged Studded Targe,符鍛鑲釘圓盾（符文镶钉圆盾）,zh-CN
Runeforged Studded Vest,符鍛鑲釘背心（符文嵌饰背心）,zh-CN
Runeforged Suede Bracers,符鍛麂皮護腕（符文绒皮护腕）,zh-CN
Runeforged Swathed Cap,符鍛裹頭便帽（符文缠丝帽）,zh-CN
Runeforged Swiftstalker Coat,符鍛迅疾潛獵者外套（符文迅捷潜行者外套）,zh-CN
Runeforged Tasalian Focus,符鍛塔薩里奧法器（符文塔萨里奥法器）,zh-CN
Runeforged Tasalian Greaves,符鍛塔薩里奧脛甲（符文塔萨里奥胫甲）,zh-CN
Runeforged Tattered Robe,符鍛殘破長袍（符文破烂长袍）,zh-CN
Runeforged Tawhoan Tower Shield,符鍛塔赫亞塔盾（符文塔赫亚塔盾）,zh-CN
Runeforged Tempered Mitts,符鍛淬鍊長手套（符文淬炼护手）,zh-CN
Runeforged Temple Maul,符鍛神殿重錘（符文神殿巨锤）,zh-CN
Runeforged Tense Crossbow,符鍛緊繃十字弓（符文紧弦战弩）,zh-CN
Runeforged Thane Mail,符鍛領主鎖甲（符文领主锁甲）,zh-CN
Runeforged Threaded Shoes,符鍛縫紉輕鞋（符文线缝便鞋）,zh-CN
Runeforged Tideseer Mantle,符鍛潮汐先知披肩（符文潮贤斗篷）,zh-CN
Runeforged Tonal Focus,符鍛音調法器（符文音调法器）,zh-CN
Runeforged Torn Gloves,符鍛撕裂手套（符文破碎手套）,zh-CN
Runeforged Trailblazer Armour,符鍛開拓者護甲（符文开拓者护甲）,zh-CN
Runeforged Trapper Hood,符鍛符鍛捕獵者之兜（符文猎人兜帽）,zh-CN
Runeforged Treerunner Shoes,符鍛樹行者輕鞋（符文林奔者便鞋）,zh-CN
Runeforged Tribal Mask,符鍛部落之面（符文部族之面）,zh-CN
Runeforged Trimmed Greaves,符鍛鑲邊脛甲（符文镶边胫甲）,zh-CN
Runeforged Twig Circlet,符鍛嫩枝頭環（符文细枝头冠）,zh-CN
Runeforged Twig Focus,符鍛枝條法器（符文枝条法器）,zh-CN
Runeforged Utzaal Cuirass,符鍛奧札爾胸甲（符文乌扎尔胸甲）,zh-CN
Runeforged Vaal Crest Shield,符鍛瓦爾紋章盾（符文瓦尔纹章盾）,zh-CN
Runeforged Vaal Cuirass,符鍛瓦爾胸甲（符文瓦尔胸甲）,zh-CN
Runeforged Vaal Gloves,符鍛瓦爾手套（符文瓦尔手套）,zh-CN
Runeforged Vaal Greaves,符鍛瓦爾脛甲（符文瓦尔胫甲）,zh-CN
Runeforged Vaal Mitts,符鍛瓦爾長手套（符文瓦尔护手）,zh-CN
Runeforged Vaal Tower Shield,符鍛瓦爾塔盾（符文瓦尔塔盾）,zh-CN
Runeforged Vaal Wraps,符鍛瓦爾裹手（符文瓦尔裹手）,zh-CN
Runeforged Vagabond Armour,符鍛流浪者護甲（符文漂泊者护甲）,zh-CN
Runeforged Veiled Mask,符鍛隱匿之面（符文蒙纱之面）,zh-CN
Runeforged Vermeil Circlet,符鍛鍍金頭環（符文朱砂头冠）,zh-CN
Runeforged Veteran Sabatons,符鍛老兵鎧靴（符文老兵战靴）,zh-CN
Runeforged Vicious Talisman,符鍛惡毒魔符（符文凶恶魔符）,zh-CN
Runeforged Vile Robe,符鍛惡毒長袍（符文邪恶束衣）,zh-CN
Runeforged Viper Cap,符鍛毒蛇便帽（符文毒蝰帽）,zh-CN
Runeforged Visored Helm,符鍛假面之盔（符文护面之盔）,zh-CN
Runeforged Voodoo Focus,符鍛巫毒法器（符文巫毒法器）,zh-CN
Runeforged Votive Raiment,符鍛還願之衣（符文奉愿之衣）,zh-CN
Runeforged Wanderer Shoes,符鍛漫遊者輕鞋（符文游荡者便鞋）,zh-CN
Runeforged War Spear,符鍛戰爭長矛（符文历战长矛）,zh-CN
Runeforged War Wraps,符鍛戰爭裹手（符文战争裹手）,zh-CN
Runeforged Warded Helm,符鍛保衛之盔（符文掩蔽头盔）,zh-CN
Runeforged Warlock Leggings,符鍛術士護腿（符文术士护腿）,zh-CN
Runeforged Warlord Cuirass,符鍛總督胸甲（符文督军胸甲）,zh-CN
Runeforged Warmonger Greathelm,符鍛狂戰者巨盔（符文好战者巨盔）,zh-CN
Runeforged Warpick,符鍛戰鎬（符文战镐）,zh-CN
Runeforged Warrior Greathelm,符鍛戰士巨盔（符文战士巨盔）,zh-CN
Runeforged Waxed Jacket,符鍛打蠟外衣（符文防水外衣）,zh-CN
Runeforged Wayfarer Jacket,符鍛旅人外衣（符文远行者外衣）,zh-CN
Runeforged Wayward Crest Shield,符鍛剛愎紋章盾（符文无定纹章盾）,zh-CN
Runeforged Weaver Leggings,符鍛編織者護腿（符文织履绑腿）,zh-CN
Runeforged Whorl Focus,符鍛螺旋法器（符文涡旋法器）,zh-CN
Runeforged Wicker Tiara,符鍛枝條頭冠（符文柳枝冠冕）,zh-CN
Runeforged Winged Spear,符鍛羽翅長矛（符文飞翼长矛）,zh-CN
Runeforged Wolfskin Mantle,符鍛狼皮披肩（符文狼皮斗篷）,zh-CN
Runeforged Wooden Buckler,符鍛木頭輕盾（符文木制轻盾）,zh-CN
Runeforged Wooden Club,符鍛木製棍棒（符文木棒）,zh-CN
Runeforged Woven Cap,符鍛編織便帽（符文编织帽）,zh-CN
Runeforged Woven Focus,符鍛編織法器（符文织造法器）,zh-CN
Runeforged Wrapped Cap,符鍛纏繞便帽（符文包裹帽）,zh-CN
Runeforged Wrapped Greathelm,符鍛纏繞巨盔（符文裹布巨盔）,zh-CN
Runeforged Wrapped Quarterstaff,符鍛纏繞細杖（符文裹布节杖）,zh-CN
Runeforged Wrapped Sandals,符鍛裹腳便鞋（符文裹布鞋履）,zh-CN
Runeforged Wyrmscale Coat,符鍛龍鱗外套（符文巨龙鳞外套）,zh-CN
Runeforged Zealot Bow,符鍛狂熱者之弓（符文狂热弓）,zh-CN
Runeforged Zealot Gauntlets,符鍛狂熱護手（符文狂热者手套）,zh-CN
Runeforging,符文鍛造（重铸）,zh-CN
Runemastered Aberrant Sledge,符煉怪異攻城錘（符文师匠畸变巨锤）,zh-CN
Runemastered Aged Cuffs,符煉陳舊腕帶（符文师匠风霜袖带）,zh-CN
Runemastered Altar Robe,符煉祭壇長袍（符文师匠祭坛长袍）,zh-CN
Runemastered Ancestral Mail,符煉先祖鎖甲（符文师匠先祖锁甲）,zh-CN
Runemastered Anchorite Garb,符煉隱者裝束（符文师匠隐士束衣）,zh-CN
Runemastered Ancient Leggings,符煉遠古護腿（符文师匠远古护腿）,zh-CN
Runemastered Ancient Mail,符煉遠古鎖甲（符文师匠远古链甲）,zh-CN
Runemastered Ancient Visor,符煉遠古護面盔（符文师匠远古面甲）,zh-CN
Runemastered Antler Focus,符煉靈鹿法器（符文师匠鹿角法器）,zh-CN
Runemastered Armoured Cap,符煉裝甲便帽（符文师匠覆甲帽）,zh-CN
Runemastered Armoured Vest,符煉裝甲背心（符文师匠铠装背心）,zh-CN
Runemastered Array Buckler,符煉排列輕盾（符文师匠阵列轻盾）,zh-CN
Runemastered Assassin Garb,符煉刺客裝束（符文师匠暗影束衣）,zh-CN
Runemastered Barricade Tower Shield,符煉障壁塔盾（符文师匠障壁塔盾）,zh-CN
Runemastered Beaded Circlet,符煉串珠頭環（符文师匠珠饰头冠）,zh-CN
Runemastered Blacksteel Tower Shield,符煉黑鋼塔盾（符文师匠黑钢塔盾）,zh-CN
Runemastered Blazon Crest Shield,符煉家徽紋章盾（符文师匠饰印纹章盾）,zh-CN
Runemastered Bolstered Mitts,符煉加固長手套（符文师匠增固护手）,zh-CN
Runemastered Bone Raiment,符煉骸骨之衣（符文师匠坠饰之衣）,zh-CN
Runemastered Braced Sabatons,符煉加固鎧靴（符文师匠加固战靴）,zh-CN
Runemastered Braced Tower Shield,符煉加固塔盾（符文师匠加固塔盾）,zh-CN
Runemastered Brimmed Helm,符煉邊緣之盔（符文师匠宽沿之盔）,zh-CN
Runemastered Bronze Greaves,符煉青銅脛甲（符文师匠青铜胫甲）,zh-CN
Runemastered Burnished Gauntlets,符煉拋光護手（符文师匠冷芒手甲）,zh-CN
Runemastered Chain Mail,符煉鎖鍊鎖甲（符文师匠环锁甲）,zh-CN
Runemastered Chain Tiara,符煉鎖鍊頭冠（符文师匠锁链冠冕）,zh-CN
Runemastered Cinched Boots,符煉繫帶長靴（符文师匠束带长靴）,zh-CN
Runemastered Cleric Vestments,符煉教士法衣（符文师匠圣徒长衣）,zh-CN
Runemastered Cloaked Mail,符煉斗篷鎖甲（符文师匠披风锁甲）,zh-CN
Runemastered Corsair Cap,符煉海盜便帽（符文师匠海贼帽）,zh-CN
Runemastered Corvus Mantle,符煉烏鴉披肩（符文师匠灵鸦斗篷）,zh-CN
Runemastered Covered Sabatons,符煉遮蓋鎧靴（符文师匠掩护战靴）,zh-CN
Runemastered Covert Hood,符煉隱蔽兜帽（符文师匠匿踪兜帽）,zh-CN
Runemastered Cowled Helm,符煉斗篷之盔（符文师匠掩面之盔）,zh-CN
Runemastered Crescent Targe,符煉新月圓盾（符文师匠新月圆盾）,zh-CN
Runemastered Crucible Tower Shield,符煉磨煉塔盾（符文师匠熔铸塔盾）,zh-CN
Runemastered Crystal Focus,符煉水晶法器（符文师匠水晶法器）,zh-CN
Runemastered Cultist Crown,符煉教徒之冠（符文师匠密教头冠）,zh-CN
Runemastered Death Mask,符煉死亡之面（符文师匠死神之面）,zh-CN
Runemastered Decorated Helm,符煉裝飾之盔（符文师匠华饰之盔）,zh-CN
Runemastered Doubled Gauntlets,符煉雙層護手（符文师匠合钢手甲）,zh-CN
Runemastered Dyad Crossbow,符煉雙生十字弓（符文师匠双联战弩）,zh-CN
Runemastered Elementalist Robe,符煉元素使長袍（符文师匠元素使长袍）,zh-CN
Runemastered Elite Greathelm,符煉菁英巨盔（符文师匠精锐巨盔）,zh-CN
Runemastered Emblem Crest Shield,符煉徽印紋章盾（符文师匠圣徽纹章盾）,zh-CN
Runemastered Embossed Boots,符煉浮雕長靴（符文师匠浮雕靴）,zh-CN
Runemastered Embroidered Gloves,符煉刺繡手套（符文师匠刺绣手套）,zh-CN
Runemastered Engraved Focus,符煉紋刻法器（符文师匠铭刻法器）,zh-CN
Runemastered Enlightened Robe,符煉啟蒙長袍（符文师匠启迪长袍）,zh-CN
Runemastered Explorer Armour,符煉探索者護甲（符文师匠探索者护甲）,zh-CN
Runemastered Exquisite Vest,符煉精美背心（符文师匠浮华背心）,zh-CN
Runemastered Face Mask,符煉護臉之面（符文师匠覆颜面具）,zh-CN
Runemastered Familial Talisman,符煉家族魔符（符文师匠血亲魔符）,zh-CN
Runemastered Feathered Robe,符煉羽毛長袍（符文师匠羽饰长袍）,zh-CN
Runemastered Feathered Sandals,符煉羽毛便鞋（符文师匠羽饰鞋履）,zh-CN
Runemastered Feathered Tiara,符煉羽毛頭冠（符文师匠羽饰冠冕）,zh-CN
Runemastered Felled Greatclub,符煉墮落巨棍棒（符文师匠伐采巨棍）,zh-CN
Runemastered Felt Cap,符煉毛氈便帽（符文师匠毛毡帽）,zh-CN
Runemastered Fierce Greathelm,符煉兇猛巨盔（符文师匠刚烈巨盔）,zh-CN
Runemastered Fine Bracers,符煉精良護腕（符文师匠精工护腕）,zh-CN
Runemastered Firm Bracers,符煉穩固護腕（符文师匠牢固护腕）,zh-CN
Runemastered Full Plate,符煉連身鎧甲（符文师匠连身铠甲）,zh-CN
Runemastered Furtive Wraps,符煉隱秘裹手（符文师匠鬼祟裹手）,zh-CN
Runemastered Gauze Wraps,符煉紗布裹手（符文师匠薄纱裹手）,zh-CN
Runemastered Gilded Vestments,符煉鍍金法衣（符文师匠鎏金长衣）,zh-CN
Runemastered Glacial Fortress,符煉冰川堡壘（符文师匠冰川要塞）,zh-CN
Runemastered Gold Circlet,符煉黃金頭環（符文师匠烁金头冠）,zh-CN
Runemastered Goldcast Cuffs,符煉金鑄腕帶（符文师匠金索袖带）,zh-CN
Runemastered Gothic Quarterstaff,符煉歌德細杖（符文师匠哥特节杖）,zh-CN
Runemastered Grand Cuisses,符煉宏偉腿甲（符文师匠恢弘腿甲）,zh-CN
Runemastered Grand Manchettes,符煉宏偉手鐲（符文师匠恢弘袖口）,zh-CN
Runemastered Grand Regalia,符煉宏偉華服（符文师匠恢弘盛装）,zh-CN
Runemastered Grand Visage,符煉宏偉面紗（符文师匠恢弘面罩）,zh-CN
Runemastered Grasping Mail,符煉貪婪鎧甲（符文师匠贪婪锁甲）,zh-CN
Runemastered Guarded Helm,符煉警惕之盔（符文师匠守护之盔）,zh-CN
Runemastered Hardwood Targe,符煉硬木圓盾（符文师匠硬木圆盾）,zh-CN
Runemastered Havoc Raiment,符煉禍害之衣（符文师匠劫难之衣）,zh-CN
Runemastered Heavy Belt,符煉重革腰帶（符文师匠重革腰带）,zh-CN
Runemastered Heavy Crown,符煉沉重之冠（符文师匠沉重王冠）,zh-CN
Runemastered Heraldric Tower Shield,符煉紋章塔盾（符文师匠徽纹塔盾）,zh-CN
Runemastered Hermit Garb,符煉隱士裝束,zh-CN
Runemastered Heroic Armour,符煉英雄護甲（符文师匠英武护甲）,zh-CN
Runemastered Hewn Mask,符煉粗製之面（符文师匠凿制之面）,zh-CN
Runemastered Hexer's Robe,符煉咒術師長袍（符文师匠魔蛊长袍）,zh-CN
Runemastered Hooded Mask,符煉風帽之面（符文师匠兜帽之面）,zh-CN
Runemastered Horned Crown,符煉犄角之冠（符文师匠犄角王冠）,zh-CN
Runemastered Hunter Hood,符煉獵者之兜（符文师匠猎者兜帽）,zh-CN
Runemastered Hunting Shoes,符煉狩獵輕鞋（符文师匠狩猎便鞋）,zh-CN
Runemastered Intricate Crest Shield,符煉錯綜紋章盾（符文师匠精巧纹章盾）,zh-CN
Runemastered Intricate Gloves,符煉精妙手套（符文师匠精致手套）,zh-CN
Runemastered Iron Buckler,符煉鍛鐵輕盾（符文师匠锻铁轻盾）,zh-CN
Runemastered Iron Crown,符煉鍛鐵之冠（符文师匠铁锻王冠）,zh-CN
Runemastered Iron Cuirass,符煉鍛鐵胸甲（符文师匠铁锻胸甲）,zh-CN
Runemastered Iron Greaves,符煉鐵鍛脛甲（符文师匠铁锻胫甲）,zh-CN
Runemastered Ironclad Vestments,符煉鐵甲法衣（符文师匠武装长衣）,zh-CN
Runemastered Ironhead Spear,符煉鐵木長矛（符文师匠铁头长矛）,zh-CN
Runemastered Jade Tiara,符煉翠玉頭冠（符文师匠翠玉冠冕）,zh-CN
Runemastered Jewelled Gloves,符煉寶石手套（符文师匠宝石手套）,zh-CN
Runemastered Jingling Crest Shield,符煉響聲紋章盾（符文师匠铃鸣纹章盾）,zh-CN
Runemastered Keth Raiment,符煉凱斯之衣（符文师匠克斯之衣）,zh-CN
Runemastered Knight Armour,符煉騎士護甲（符文师匠骑士护甲）,zh-CN
Runemastered Laced Boots,符煉飾帶長靴（符文师匠花边靴）,zh-CN
Runemastered Lattice Sandals,符煉格子便鞋（符文师匠硬框鞋履）,zh-CN
Runemastered Layered Gauntlets,符煉層板護手（符文师匠垫层护手）,zh-CN
Runemastered Leather Buckler,符煉皮革輕盾（符文师匠皮制轻盾）,zh-CN
Runemastered Leather Vest,符煉皮革背心（符文师匠皮革背心）,zh-CN
Runemastered Leatherbound Hood,符煉皮革兜帽（符文师匠皮缚兜帽）,zh-CN
Runemastered Linen Wraps,符煉麻布裹手（符文师匠亚麻裹手）,zh-CN
Runemastered Lizardscale Boots,符煉蜥蜴鱗長靴（符文师匠蜥鳞靴）,zh-CN
Runemastered Long Quarterstaff,符煉加長細杖（符文师匠长柄节杖）,zh-CN
Runemastered Magus Tiara,符煉瑪格思頭冠（符文师匠术士冠冕）,zh-CN
Runemastered Mail Sabatons,符煉鎖甲鎧靴（符文师匠锁链战靴）,zh-CN
Runemastered Mail Vestments,符煉鎖甲法衣（符文师匠锁子长衣）,zh-CN
Runemastered Marabout Garb,符煉修士裝束（符文师匠遁世束衣）,zh-CN
Runemastered Maraketh Cuirass,符煉馬拉克斯胸甲（符文师匠马拉克斯胸甲）,zh-CN
Runemastered Martyr Crown,符煉殉難之冠（符文师匠英烈之冠）,zh-CN
Runemastered Moulded Mitts,符煉鑄模長手套（符文师匠铸锻护手）,zh-CN
Runemastered Nettle Talisman,符煉蕁麻魔符（符文师匠荨麻魔符）,zh-CN
Runemastered Oak Greathammer,符煉橡木巨錘（符文师匠橡木大锤）,zh-CN
Runemastered Omen Crest Shield,符煉預兆紋章盾（符文师匠噩兆纹章盾）,zh-CN
Runemastered Ornate Buckler,符煉華麗輕盾（符文师匠华丽轻盾）,zh-CN
Runemastered Ornate Ringmail,符煉華貴環甲（符文师匠华饰环甲）,zh-CN
Runemastered Painted Tower Shield,符煉彩繪塔盾（符文师匠彩绘塔盾）,zh-CN
Runemastered Pathfinder Coat,符煉追獵者外套（符文师匠寻路者外套）,zh-CN
Runemastered Pauascale Gloves,符煉海靈鱗手套（符文师匠海灵鳞缀手套）,zh-CN
Runemastered Pilgrim Vestments,符煉朝聖者法衣（符文师匠朝圣者长衣）,zh-CN
Runemastered Plate Gauntlets,符煉鎧甲護手（符文师匠铁板护手）,zh-CN
Runemastered Plated Buckler,符煉鋼板輕盾（符文师匠嵌板轻盾）,zh-CN
Runemastered Plated Raiment,符煉鎧甲之衣（符文师匠嵌板之衣）,zh-CN
Runemastered Plumed Focus,符煉羽飾法器（符文师匠彩羽法器）,zh-CN
Runemastered Primal Markings,符煉野性標記（符文师匠原始印记）,zh-CN
Runemastered Quilted Vest,符煉襯墊背心（符文师匠菱纹背心）,zh-CN
Runemastered Rampart Tower Shield,符煉壁壘塔盾（符文师匠壁垒塔盾）,zh-CN
Runemastered Revered Vestments,符煉尊敬法衣（符文师匠崇礼长衣）,zh-CN
Runemastered Rhoahide Coat,符煉恐喙鳥皮外套（符文师匠恐喙鸟皮外套）,zh-CN
Runemastered Ridged Buckler,符煉脊狀輕盾（符文师匠凸脊轻盾）,zh-CN
Runemastered Ringmail Gauntlets,符煉環鎖護手（符文师匠环锁手甲）,zh-CN
Runemastered Riveted Mitts,符煉鉚接長手套（符文师匠铆接护手）,zh-CN
Runemastered Rogue Armour,符煉盜賊護甲（符文师匠盗贼护甲）,zh-CN
Runemastered Rope Cuffs,符煉繩索腕帶（符文师匠绳索袖带）,zh-CN
Runemastered Rough Greaves,符煉粗糙脛甲（符文师匠粗制胫甲）,zh-CN
Runemastered Runic Fork,符煉符文尖叉（符文师匠符文之叉）,zh-CN
Runemastered Rusted Cuirass,符煉生鏽胸甲（符文师匠锈蚀胸甲）,zh-CN
Runemastered Rusted Greathelm,符煉鏽蝕巨盔（符文师匠锈蚀巨盔）,zh-CN
Runemastered Sacrificial Mantle,符煉獻祭披肩（符文师匠献祭斗篷）,zh-CN
Runemastered Sacrificial Regalia,符煉獻祭法衣（符文师匠献祭盛装）,zh-CN
Runemastered Scale Mail,符煉鱗片鎖甲（符文师匠嵌鳞锁甲）,zh-CN
Runemastered Scalper's Jacket,符煉投機者外衣（符文师匠猎头者外衣）,zh-CN
Runemastered Scout's Vest,符煉斥侯背心（符文师匠斥候背心）,zh-CN
Runemastered Sectioned Bracers,符煉分段護腕（符文师匠截片护腕）,zh-CN
Runemastered Secured Leggings,符煉牢固護腿（符文师匠牢靠绑腿）,zh-CN
Runemastered Serpentscale Coat,符煉蛇鱗外套（符文师匠蛇鳞外套）,zh-CN
Runemastered Shabby Hood,符煉破舊兜帽（符文师匠破旧兜帽）,zh-CN
Runemastered Shaman Mantle,符煉薩滿披肩（符文师匠萨满斗篷）,zh-CN
Runemastered Shielded Helm,符煉庇護之盔（符文师匠卫护之盔）,zh-CN
Runemastered Shrouded Vest,符煉籠罩背心（符文师匠蔽影背心）,zh-CN
Runemastered Sigil Crest Shield,符煉符印紋章盾（符文师匠魔印纹章盾）,zh-CN
Runemastered Silk Robe,符煉絲質之袍（符文师匠丝质之袍）,zh-CN
Runemastered Silk Slippers,符煉絲綢便鞋（符文师匠丝绸便鞋）,zh-CN
Runemastered Smuggler Coat,符煉走私者外套（符文师匠走私者外套）,zh-CN
Runemastered Soldier Greathelm,符煉士兵巨盔（符文师匠兵卒巨盔）,zh-CN
Runemastered Solid Mask,符煉堅固之面（符文师匠坚固之面）,zh-CN
Runemastered Sombre Gloves,符煉暗淡手套（符文师匠肃穆手套）,zh-CN
Runemastered Spiked Buckler,符煉尖刺輕盾（符文师匠尖刺轻盾）,zh-CN
Runemastered Spined Bracers,符煉棘刺護腕（符文师匠精纺护腕）,zh-CN
Runemastered Spiral Wraps,符煉盤繞裹手（符文师匠螺旋裹手）,zh-CN
Runemastered Spired Greathelm,符煉尖頂巨盔（符文师匠螺旋巨盔）,zh-CN
Runemastered Spiritbone Crown,符煉魂骨之冠（符文师匠灵骨王冠）,zh-CN
Runemastered Splintered Tower Shield,符煉朽木塔盾（符文师匠朽木塔盾）,zh-CN
Runemastered Stacked Sabatons,符煉疊層鎧靴（符文师匠层钢战靴）,zh-CN
Runemastered Steel Plate,符煉堅鋼鎧甲（符文师匠冷钢之铠）,zh-CN
Runemastered Stitched Gloves,符煉縫合手套（符文师匠缝合手套）,zh-CN
Runemastered Stocky Mitts,符煉結實長手套（符文师匠敦实护手）,zh-CN
Runemastered Stone Greaves,符煉岩石脛甲（符文师匠坚石胫甲）,zh-CN
Runemastered Straw Sandals,符煉乾草便鞋（符文师匠稻草鞋履）,zh-CN
Runemastered Strider Vest,符煉疾行者背心（符文师匠疾行者背心）,zh-CN
Runemastered Studded Greatclub,符煉鑲釘巨棍棒（符文师匠镶钉巨棍）,zh-CN
Runemastered Studded Vest,符煉鑲釘背心（符文师匠嵌饰背心）,zh-CN
Runemastered Suede Bracers,符煉麂皮護腕（符文师匠绒皮护腕）,zh-CN
Runemastered Tattered Robe,符煉殘破長袍（符文师匠破烂长袍）,zh-CN
Runemastered Tempered Mitts,符煉淬鍊長手套（符文师匠淬炼护手）,zh-CN
Runemastered Tenebrous Crown,符煉幽暗寶冠（符文师匠阴暗王冠）,zh-CN
Runemastered Tense Crossbow,符煉緊繃十字弓（符文师匠紧弦战弩）,zh-CN
Runemastered Threaded Shoes,符煉縫紉輕鞋（符文师匠线缝便鞋）,zh-CN
Runemastered Tideseer Mantle,符煉潮汐先知披肩（符文师匠潮贤斗篷）,zh-CN
Runemastered Titan Mitts,符煉泰坦長手套（符文师匠泰坦护手）,zh-CN
Runemastered Tonal Focus,符煉音調法器（符文师匠音调法器）,zh-CN
Runemastered Torment Club,符煉磨難棍棒（符文师匠劫难战棒）,zh-CN
Runemastered Torn Gloves,符煉撕裂手套（符文师匠破碎手套）,zh-CN
Runemastered Tribal Mask,符煉部落之面（符文师匠部族之面）,zh-CN
Runemastered Trimmed Greaves,符煉鑲邊脛甲（符文师匠镶边胫甲）,zh-CN
Runemastered Twig Circlet,符煉嫩枝頭環（符文师匠细枝头冠）,zh-CN
Runemastered Twig Focus,符煉枝條法器（符文师匠枝条法器）,zh-CN
Runemastered Utility Wraps,符煉實用裹手（符文师匠万用裹手）,zh-CN
Runemastered Vaal Cuirass,符煉瓦爾胸甲（符文师匠瓦尔胸甲）,zh-CN
Runemastered Vaal Tower Shield,符煉瓦爾塔盾（符文师匠瓦尔塔盾）,zh-CN
Runemastered Vagabond Armour,符煉流浪者護甲（符文师匠漂泊者护甲）,zh-CN
Runemastered Veiled Mask,符煉隱匿之面（符文师匠蒙纱之面）,zh-CN
Runemastered Velour Shoes,符煉絲絨輕鞋（符文师匠鹅绒便鞋）,zh-CN
Runemastered Velvet Cap,符煉天鵝絨便帽（符文师匠丝绒帽）,zh-CN
Runemastered Venerable Defender,符煉古老護衛盾（符文师匠庄严护卫）,zh-CN
Runemastered Veridical Chain,符煉幻象鎖鏈（符文师匠真相之链）,zh-CN
Runemastered Verisium Cuffs,符煉維里西姆腕帶（符文师匠维金袖带）,zh-CN
Runemastered Vermeil Circlet,符煉鍍金頭環（符文师匠朱砂头冠）,zh-CN
Runemastered Viper Cap,符煉毒蛇便帽（符文师匠毒蝰帽）,zh-CN
Runemastered Visored Helm,符煉假面之盔（符文师匠护面之盔）,zh-CN
Runemastered Voodoo Focus,符煉巫毒法器（符文师匠巫毒法器）,zh-CN
Runemastered Votive Raiment,符煉還願之衣（符文师匠奉愿之衣）,zh-CN
Runemastered Warding Quarterstaff,符煉庇護細杖（符文师匠守护节杖）,zh-CN
Runemastered Warrior Greathelm,符煉戰士巨盔（符文师匠战士巨盔）,zh-CN
Runemastered Waxed Jacket,符煉打蠟外衣（符文师匠防水外衣）,zh-CN
Runemastered Wayfarer Jacket,符煉旅人外衣（符文师匠远行者外衣）,zh-CN
Runemastered Wicker Tiara,符煉枝條頭冠（符文师匠柳枝冠冕）,zh-CN
Runemastered Wooden Buckler,符煉木頭輕盾（符文师匠木制轻盾）,zh-CN
Runemastered Wooden Club,符煉木製棍棒（符文师匠木棒）,zh-CN
Runemastered Woven Focus,符煉編織法器（符文师匠织造法器）,zh-CN
Runemastered Wrapped Greathelm,符煉纏繞巨盔（符文师匠裹布巨盔）,zh-CN
Runemastered Wrapped Sandals,符煉裹腳便鞋（符文师匠裹布鞋履）,zh-CN
Runes of Aldur,阿德爾的符文,zh-CN
Runeseeker's Call,符文探求者之喚（符文猎手的呼唤）,zh-CN
Runeshape Combinations,符形組合（符文组合）,zh-CN
Runic Alloy,符文合金,zh-CN
Runic Bindings,符文束縛（符文咒缚）,zh-CN
Runic Extraction,符文提取,zh-CN
Runic Flare,符文閃焰（符文闪光）,zh-CN
Runic Flows,符文奔流（符文流动）,zh-CN
Runic Fork,符文尖叉（符文之叉）,zh-CN
Runic Infusion,符文灌注,zh-CN
Runic Inscriptions,魔符銘文（符刻铭文）,zh-CN
Runic Meridians,符文子午線（符文经脉）,zh-CN
Runic Monsters,符文怪物（符纹）,zh-CN
Runic Reprieve,符文喘息（符文援护）,zh-CN
Runic Shortsword,符文短剑,zh-CN
Runic Splinter,符文斷片（符文碎片）,zh-CN
Runic Tattoos,符文紋身（符纹文身）,zh-CN
Runic Tempering,符文冶鍊（符文淬炼）,zh-CN
Runic Ward,符文保護（符文结界）,zh-CN
Runner Vest,奔走者背心（跑者背心）,zh-CN
Running Assault,衝刺突擊（奔波袭击）,zh-CN
Rupture,残破,zh-CN
Rupture the Soul,割裂靈魂（灵魂破裂）,zh-CN
Rupturing Pins,破裂之針（破裂钉刺）,zh-CN
Rural Life,鄉村生活（田园牧歌）,zh-CN
Rustbowl,銹碗（锈蚀地带）,zh-CN
Rusted Cuirass,生鏽胸甲（锈蚀胸甲）,zh-CN
Rusted Greathelm,锈蚀巨盔,zh-CN
Rusted Pins,生鏽鐵釘（锈蚀钉刺）,zh-CN
Rusted Spikes,锈蚀尖刺,zh-CN
Rustle of the Leaves,葉片沙沙（叶影婆娑）,zh-CN
Ruthless,殘暴（无情）,zh-CN
Ruzhan's Fury,魯兹安的怒火（鲁詹之怒火）,zh-CN
Ruzhan's Reckoning,魯兹安的清算（鲁詹之清算）,zh-CN
Ruzhan's Trap,魯兹安的陷阱（鲁詹之陷阱）,zh-CN
"Ruzhan, the Blazing Sword",赤炎利劍．魯兹安（鲁詹，炽焰之剑）,zh-CN
Ryslatha's Coil,瑞斯拉薩之纏（瑞斯拉萨的线圈）,zh-CN
Sacral Quiver,聖禮箭袋（圣骨箭袋）,zh-CN
Sacramental Robe,聖禮長袍（圣礼束衣）,zh-CN
Sacred Bloom,聖綻之花,zh-CN
Sacred Flame,神聖烈焰（神圣之火）,zh-CN
Sacred Flow,神聖流向（神圣之流）,zh-CN
Sacred Focus,神聖法器（圣洁法器）,zh-CN
Sacred Maul,神聖重錘（神圣巨锤）,zh-CN
Sacred Reservoir,神聖水源地（神圣水库）,zh-CN
Sacred Rituals,神圣仪式,zh-CN
Sacred Sap,聖潔樹液（神圣树液）,zh-CN
Sacred Unity,聖潔一統（神圣统合）,zh-CN
Sacred Water,神聖之水（圣水）,zh-CN
Sacrifice,獻祭（替代牺牲）,zh-CN
Sacrifice of Blood,鮮血獻祭（鲜血牺牲）,zh-CN
Sacrifice of Flesh,血肉獻祭（血肉牺牲）,zh-CN
Sacrifice of Loyalty,忠誠獻祭（忠诚牺牲）,zh-CN
Sacrifice of Mind,心靈獻祭（心智牺牲）,zh-CN
Sacrifice of Sight,遠目獻祭（视觉牺牲）,zh-CN
Sacrificial Axe,獻祭斧（奉献之斧）,zh-CN
Sacrificial Blood,獻祭鮮血（献祭之血）,zh-CN
Sacrificial Lamb I,獻祭羔羊 I（替罪羔羊 I）,zh-CN
Sacrificial Lamb II,獻祭羔羊 II（替罪羔羊 II）,zh-CN
Sacrificial Mantle,獻祭披肩（献祭斗篷）,zh-CN
Sacrificial Offering,犧牲奉獻（牺牲供奉）,zh-CN
Sacrificial Regalia,獻祭法衣（献祭盛装）,zh-CN
Sacrosanctum,神聖殿堂（奉圣庇护所）,zh-CN
Sadist's Mercy,殘虐者的慈悲（施虐者的慈悲）,zh-CN
Saffell's Frame,萨费尔的智慧,zh-CN
Safrin's Resolve,薩弗林的決心（萨芙琳的决心）,zh-CN
Saintly Crown,聖徒之冠（圣洁王冠）,zh-CN
Saitha's Spear,賽塔的長矛（赛萨之矛）,zh-CN
Salvo,齐射,zh-CN
Sanctified Items,圣化物品,zh-CN
Sanctified Relics,神化聖物（圣洁遗物）,zh-CN
Sanctified Staff,神化長杖（神圣长杖）,zh-CN
Sanctuary,聖所（避难所）,zh-CN
Sand in the Eyes,飛沙入眼（障目飞沙）,zh-CN
Sands of Silk,絲綢之沙（流丝之沙）,zh-CN
Sands of Time,時間之沙（时光沙尘）,zh-CN
Sandspit,沙吐（流沙海岬）,zh-CN
Sandstorm Visage,沙瀑面紗（禁域面容）,zh-CN
Sandsworn Cuirass,沙誓胸甲,zh-CN
Sandsworn Sandals,沙誓便鞋（沙誓鞋履）,zh-CN
Sandsworn Tiara,沙誓頭冠（沙誓冠冕）,zh-CN
Sanguimancy,占血術（滴血为咒）,zh-CN
Sanguimantic Rituals,血咒儀式（赤红仪式）,zh-CN
Sanguine Diviner,血色聖者（赤红占卜师）,zh-CN
Sanguine Revelry,腥紅狂歡（嗜血狂宴）,zh-CN
Sanguine Tides,血紅之潮（血腥潮汐）,zh-CN
Sanguine Tolerance,腥紅堅毅（赤血耐受）,zh-CN
Sanguis Heroum,嗜血英雄（英雄血液）,zh-CN
Sap of Nightmares,惡夢樹液（梦魇之液）,zh-CN
"Saphira, The Dread Consort",恐懼之伴．賽菲菈（萨菲拉，惊魂王妃）,zh-CN
Sapphire,藍寶石（蓝玉）,zh-CN
Sapphire Charm,藍玉護符（蓝玉咒符）,zh-CN
Sapphire Ring,蓝玉戒指,zh-CN
Saqawal's Guidance,薩卡沃的指引（萨奇沃的指引）,zh-CN
Saqawal's Hide,斯卡沃之羽（萨奇沃之皮）,zh-CN
Saqawal's Rune of Erosion,斯卡沃的侵蝕符文（萨奇沃的碎砾符文）,zh-CN
Saqawal's Rune of Memory,斯卡沃的記憶符文（萨奇沃的回忆符文）,zh-CN
Saqawal's Rune of the Sky,斯卡沃的天空符文（萨奇沃的苍空符文）,zh-CN
Saqawal's Talon,斯卡沃之爪（萨奇沃之爪）,zh-CN
Savage Fury,殘猛狂怒（凶蛮怒火）,zh-CN
Savage Greataxe,野蠻巨斧（狂放大斧）,zh-CN
Savage Hit,残暴打击,zh-CN
Savagery,野性之心,zh-CN
Savannah,大草原（广袤草原）,zh-CN
Savoured Blood,鮮味之血（血之回味）,zh-CN
Savouring,品味（细细品味）,zh-CN
Scale Mail,鱗片鎖甲（嵌鳞锁甲）,zh-CN
Scales of the Wyvern,飛龍鱗片（飞龙鳞甲）,zh-CN
Scalper's Jacket,投機者外衣（猎头者外衣）,zh-CN
Scarred Faith,傷痕信仰（创痛信仰）,zh-CN
Scarred Flesh,痕累血肉（疤痕血肉）,zh-CN
Scatter Storm,擴散風暴（散列风暴）,zh-CN
Scavenge the Remains,奪取殘餘（回收利用）,zh-CN
Scavenged Plating,拾荒者護板（装甲回收）,zh-CN
Scent of Blood,血腥味（血之气息）,zh-CN
Sceptre Pinnacle,王權之巔（权杖之尖）,zh-CN
Sceptres,权杖,zh-CN
Scimitar,短彎刀（弯刀）,zh-CN
Scold's Bridle,禁语,zh-CN
Scorched Cay,焦灼孤島（焦灼小岛）,zh-CN
Scorched Earth,焦土（炽炎之地）,zh-CN
Scoundrel Armour,恶棍护甲,zh-CN
Scoundrel Jacket,流氓外衣（流贼外衣）,zh-CN
Scourge of the Skies,天之禍殃（天空灾星）,zh-CN
Scouring Flame,淨化烈焰（涤罪之火）,zh-CN
Scout's Vest,斥侯背心（斥候背心）,zh-CN
Scroll of Wisdom,知识卷轴,zh-CN
Sculpted Suffering,雕刻苦難（雕琢的苦难）,zh-CN
Seaglass Spear,海玻璃長矛（海琉长矛）,zh-CN
Seal Relic,草紙聖物（封印遗物）,zh-CN
Sealed Vault,封印的寶庫（封印宝库）,zh-CN
Seals and Sealed Skills,封印與封印技能（封印和封印技能）,zh-CN
Searing Flame I,燒灼烈焰 I（焚躯烈焰 I）,zh-CN
Searing Flame II,燒灼烈焰 II（焚躯烈焰 II）,zh-CN
Searing Heat,灼熱高溫（灼热气息）,zh-CN
Season of the Hunt,狩獵季節（狩猎时节）,zh-CN
Seasonal Blessing,季節賜福（季节祝福）,zh-CN
Seastorm Mantle,海洋風暴披肩（海洋风暴斗篷）,zh-CN
Secluded Temple,隱密神廟（静谧神庙）,zh-CN
Second Sight,先見之明（慧眼）,zh-CN
Second Wind I,恢復 I（助力之风 I）,zh-CN
Second Wind II,恢復 II（助力之风 II）,zh-CN
Second Wind III,恢復 III（助力之风 III）,zh-CN
Secondary Calamity Fragment,第二災厄碎片（次级血祸碎片）,zh-CN
Secret Tunnels,秘密通道（秘密隧道）,zh-CN
Secrets of the Ancients,先行者的秘密（远古秘密）,zh-CN
Secrets of the Orb,球體秘術（法球之秘）,zh-CN
Sectarian Crest Shield,宗派紋章盾（宗室纹章盾）,zh-CN
Sectioned Bracers,分段護腕（截片护腕）,zh-CN
Secured Leggings,牢固護腿（牢靠绑腿）,zh-CN
Secured Strongbox,嚴密保險箱（受保护的保险箱）,zh-CN
Secured Wraps,牢固裹手（坚固裹手）,zh-CN
See Red,赤紅目光（赤红鼓动）,zh-CN
Seed of Cataclysm,浩劫種子（灾变的种子）,zh-CN
Seeing Stars,見證群星（眼冒金星）,zh-CN
Seeking Shrine,追尋神殿（寻觅神龛）,zh-CN
Seepage,滲漏（渗流之地）,zh-CN
Seer Crest Shield,先知纹章盾,zh-CN
Seething Body,沸騰軀體（沸腾之躯）,zh-CN
Seismic Cry,裂地戰吼（震地战吼）,zh-CN
Sekhema Sandals,丝克玛便鞋,zh-CN
Sekheman Crest Shield,丝克玛纹章盾,zh-CN
Selective Sustenance,選擇性攝取（选择性滋养）,zh-CN
Selectively Bred,選育（择优繁育）,zh-CN
Self Immolation,自焚（自我献祭）,zh-CN
Self Mortification,自我苦行（自制禁欲）,zh-CN
Self Sacrificing,自我犧牲（舍己为人）,zh-CN
Selfless Remnants,無私痕跡（无我残片）,zh-CN
Sensible Precautions,明智預防（合理预防）,zh-CN
Sentinels,護衛（近卫）,zh-CN
Seraph's Heart,神使之心（炽天使之心）,zh-CN
"Serath, the Scaled One",覆鱗者．澤拉斯（塞拉斯，覆鳞者）,zh-CN
Serle's Grit,瑟雷的毅力（瑟尔的坚毅）,zh-CN
Serle's Legacy,瑟雷的遺產（瑟尔的遗产）,zh-CN
Serle's Triumph,瑟雷的凱旋（瑟尔的凯旋）,zh-CN
Serpent's Egg,毒蛇之卵,zh-CN
Serpent's Lesson,巨蛇教誨（毒蛇的训诫）,zh-CN
Serpentscale Boots,蛇鳞长靴,zh-CN
Serpentscale Coat,蛇鳞外套,zh-CN
Serrated Edges,鋸齒刀鋒（锯齿锋缘）,zh-CN
Serrated Quiver,锯齿箭袋,zh-CN
Settle for Less,將就妥協（小富即安）,zh-CN
Sever Inexperience,經驗嚴重不足（斩断生疏）,zh-CN
Severed Veins,斷裂血管（静脉割裂）,zh-CN
Shabby Hood,破旧兜帽,zh-CN
Shackles of the Wretched,悲运之缚,zh-CN
Shadow,暗影刺客（暗影）,zh-CN
Shadow Dancing,影之舞（谜影舞步）,zh-CN
Shadow of Undeath,不死之影（亡灵阴影）,zh-CN
Shadowy Streets,陰暗巷道（街头暗影）,zh-CN
Shaman,狂徒薩滿（萨满）,zh-CN
Shaman Mantle,薩滿披肩（萨满斗篷）,zh-CN
Shamanistic Leggings,薩滿護腿（萨满绑腿）,zh-CN
Shankgonne,香克戈涅（藏锋）,zh-CN
Shape the Chains,鎖鏈塑形（塑造锁链）,zh-CN
Shaper of Storms,風暴雕塑者（风暴塑形）,zh-CN
Shaper of Winter,寒冬雕塑者（寒冬塑形）,zh-CN
Shapeshifting,变形,zh-CN
Shard Scavenger,碎片清除者（碎片回收）,zh-CN
Sharp Sight,銳利目光（锋芒之目）,zh-CN
Sharpened Claw,鋒利之爪（锐利之爪）,zh-CN
Shatter,粉碎（击碎）,zh-CN
Shatter Palm,溃裂掌,zh-CN
Shattered Crystal,碎裂水晶（碎裂晶体）,zh-CN
Shattered Questions,碎裂提問（破碎译文）,zh-CN
Shattered Triskelion,破碎三曲（破损三耀之火）,zh-CN
Shattering,碎冰,zh-CN
Shattering Blow,粉碎強擊（碎裂痛击）,zh-CN
Shattering Concoction,粉碎混合物（碎冰灵药）,zh-CN
Shattering Daze,粉碎目眩（粉碎恍惚）,zh-CN
Shattering Palm,粉碎之掌（冰裂掌）,zh-CN
Shattering Spite,憎惡碎綻（碎裂恶意）,zh-CN
Shavronne's Satchel,薛朗的背包,zh-CN
Shedding Skin,換皮（蜕落外皮）,zh-CN
Shelter from the Rain,避雨之所（雨中护所）,zh-CN
Shepherd's Touch,牧羊人之觸（牧者之触）,zh-CN
Shield Charge,重盾冲锋,zh-CN
Shield Expertise,盾牌專精（盾牌专长）,zh-CN
Shield Wall,盾墙,zh-CN
Shielded Helm,庇護之盔（卫护之盔）,zh-CN
Shields,盾（盾牌）,zh-CN
Shifted Strikes,变形打击,zh-CN
Shimmering,閃閃發光（光芒万丈）,zh-CN
Shimmering Mirage,閃亮幻象（闪烁幻影）,zh-CN
Shock,感电,zh-CN
Shock Conduction,感电传导,zh-CN
Shock Conduction II,感電傳導II（感电传导 II）,zh-CN
Shock Siphon,電擊虹吸（感电虹吸）,zh-CN
Shockburst Rounds,震爆弹药,zh-CN
Shockchain Arrow,電鍊箭矢（连环震击箭）,zh-CN
Shocked Ground,感电地面,zh-CN
Shocking Leap,震擊之躍（电震跃击）,zh-CN
Shocking Limit,感電上限（电震上限）,zh-CN
Shockproof,防震（防感电）,zh-CN
Shockwave Totem,震波图腾,zh-CN
Shockwaves,震荡波,zh-CN
Short Fuse I,易怒 I（短暂引信 I）,zh-CN
Short Fuse II,易怒 II（短暂引信 II）,zh-CN
Short Shot,短距離射擊（近身射击）,zh-CN
Shortbow,短弓,zh-CN
Shortsword,短剑,zh-CN
Shrapnel,彈片（破片）,zh-CN
Shred,裂碎（狼爪撕裂）,zh-CN
Shredding Contraptions,粉碎装置,zh-CN
Shredding Force,粉碎之力（粉碎巨力）,zh-CN
Shrine,神殿（神龛）,zh-CN
Shrine Hideout,藏身處：神殿（藏身处：堂皇大殿）,zh-CN
Shrine Sceptre,神殿權杖（圣地权杖）,zh-CN
Shrine Worship,膜拜神殿（敬拜神龛）,zh-CN
Shroud,幽影,zh-CN
Shroud Walker,迷雾之体,zh-CN
Shrouded Mail,遮蔽鎖甲（蔽影锁甲）,zh-CN
Shrouded Vest,籠罩背心（蔽影背心）,zh-CN
Shyaba,沙阿巴（席亚巴）,zh-CN
Sibilant Catalyst,嘶鳴催化劑（嘶语催化剂）,zh-CN
Sic 'Em,禁錮他們（关门放狗）,zh-CN
Sickle Sword,鐮劍（镰刃剑）,zh-CN
Siege Ballista,攻城炮台,zh-CN
Siege Cascade,圍城爆發（摧城倾泻）,zh-CN
Siege Crossbow,攻城十字弓（摧城弩）,zh-CN
Siege Mentality,圍攻心理（工程思维）,zh-CN
Sierran Inheritance,錫耶拉的遺產（山岭的传承）,zh-CN
Sigbert of the Sullied Oath,玷污誓言．席格伯特（污秽誓言之西格伯特）,zh-CN
Sigil Crest Shield,符印紋章盾（魔印纹章盾）,zh-CN
Sigil of Fire,火焰符印（火焰法印）,zh-CN
Sigil of Ice,冰霜符印（冰霜法印）,zh-CN
Sigil of Lightning,雷電符印（闪电法印）,zh-CN
Sigil of Power,咒符之力（威能法印）,zh-CN
Signet Wombgift,圖章之胎贈（印戒孕育赠礼）,zh-CN
Silent Guardian,無聲守護者（沉默卫士）,zh-CN
Silent Shiv,寂靜小刀（暗里藏刀）,zh-CN
Silk Robe,丝质之袍,zh-CN
Silk Slippers,丝绸便鞋,zh-CN
Silks of Veneration,敬重絲綢（敬奉之绸）,zh-CN
Silver Charm,白銀護符（真银咒符）,zh-CN
Silverbuckled Shoes,銀扣輕鞋（银扣便鞋）,zh-CN
Silverthorne,銀白索恩（银芒荆棘）,zh-CN
Simple Dagger,簡易匕首（朴实匕首）,zh-CN
Simulacrum,幻像異界（梦魇拟像）,zh-CN
Simulacrum Splinter,幻像斷片（梦魇拟像裂片）,zh-CN
Simulacrum of Delusion,妄想幻象異界（梦魇拟像幻境）,zh-CN
Sine Aequo,無與倫比（公理不存）,zh-CN
Sinew Belt,韌筋腰帶（肌力腰带）,zh-CN
Singular Purpose,目標明確（屠戮之械）,zh-CN
Sinister Jewel Sockets,不祥珠寶插槽（凶邪珠宝插槽）,zh-CN
Sinister Quarterstaff,邪惡細杖（邪恶节杖）,zh-CN
Sinkhole,沉洞（天坑）,zh-CN
Sinking Spire,沉溺尖塔（沉没高塔）,zh-CN
Sinter Rift,罪灰裂隙（熔渣裂隙）,zh-CN
Sione's Temper,西奧妮的鍛鍊（西奥妮的怒火）,zh-CN
"Siora, Blade of the Mists",迷霧之刃．希奧拉（西奥拉，迷雾之刃）,zh-CN
Siphon,虹吸,zh-CN
Siphon Elements,虹吸元素（汲取元素）,zh-CN
Siphoning Strike,虹吸打擊（汲能击）,zh-CN
Siphoning Wand,虹吸法杖,zh-CN
Siphons Flask Charges,吸取藥劑充能（抽取药剂充能）,zh-CN
Siphons Mana and Deals Lightning Damage,吸取魔力和造成閃電傷害（抽取魔力并造成闪电伤害）,zh-CN
Sire of Shards,破碎传承者,zh-CN
Sirenscale Gloves,海妖鱗手套（海妖之鳞手套）,zh-CN
Site of the Chosen,天選之所（选召之地）,zh-CN
Sitting Duck,待宰羔羊,zh-CN
Skeletal Arsonist,骷髏縱火者（魔侍焚焰使）,zh-CN
Skeletal Brute,骷髏巨獸（魔侍蛮兵）,zh-CN
Skeletal Cleric,骷髏牧師（魔侍祭司）,zh-CN
Skeletal Frost Mage,骷髏霜寒法師（魔侍冰霜法师）,zh-CN
Skeletal Reaver,骷髏掠奪者（魔侍掠夺者）,zh-CN
Skeletal Sniper,骷髏狙擊手（魔侍神射手）,zh-CN
Skeletal Storm Mage,骷髏風暴法師（魔侍风暴法师）,zh-CN
Skeletal Warrior,骷髏戰士（魔侍武士）,zh-CN
Skill Gems,技能宝石,zh-CN
Skill Speed,技能速度,zh-CN
Skin of the Loyal,忠诚之肤,zh-CN
Skinning Knife,剥皮刀,zh-CN
Skittering Catalyst,飞掠催化剂,zh-CN
Skittering Stone I,飛掠之石 I（飞掠石 I）,zh-CN
Skittering Stone II,飛掠之石 II（飞掠石 II）,zh-CN
Skulking Mask,潛伏之面（潜行面具）,zh-CN
Skullcrusher,碎顱者（迎头痛击）,zh-CN
Skullcrusher Quarterstaff,碎顱細杖（碎颅节杖）,zh-CN
Sky Rune,天空符文,zh-CN
Skycrown Tiara,天冠頭冠（天冠冠冕）,zh-CN
Skyfall,天墜（天降杀机）,zh-CN
Skysliver,天銀（苍穹裂片）,zh-CN
Slams,重擊（猛击）,zh-CN
Slash,橫斷流域（沼泽低地）,zh-CN
Sleek Boots,光滑長靴（滑布长靴）,zh-CN
Sleek Jacket,光滑外衣（滑布外衣）,zh-CN
Slender Flail,纖細鏈錘（长鞭连枷）,zh-CN
Slicing Quarterstaff,斬割細杖（锋缘节杖）,zh-CN
Slick,浮油（华彩之地）,zh-CN
Slim Mace,纖細之錘（细柄钉锤）,zh-CN
Sling Shots,彈弩射擊（弹弓射击）,zh-CN
Slippery Ice,滑冰,zh-CN
Slipstrike Vest,快速打擊背心（滑击背心）,zh-CN
Slivertongue,裂舌（白银之舌）,zh-CN
Sloughed Gully,滑塌溪谷（脱落沟壑）,zh-CN
Slow,緩速（减速）,zh-CN
Slow Burn,緩慢燃燒（缓慢灼烧）,zh-CN
Slow Magnitude Modifier,緩速幅度詞綴（减速强度词缀）,zh-CN
Slow Potency,緩速強度（减速效能）,zh-CN
Slow Resistant,緩速抵抗（减速抗性）,zh-CN
Slum Lord,貧民君主（贫民之王）,zh-CN
Small Passives,小型天赋,zh-CN
Smash,砸碎（碾碎）,zh-CN
Smash to Smithereens,轟碎重擊（碎甲崩灭）,zh-CN
Smite the Heretical,重挫異教（异端之击）,zh-CN
Smite the Ignorant,重挫無知（愚昧之击）,zh-CN
Smite the Wicked,重挫邪惡（恶毒之击）,zh-CN
Smith of Kitava,奇塔弗工匠（奇塔弗匠师）,zh-CN
Smith's Masterwork,鐵匠傑作（匠人的杰作）,zh-CN
Smithing Hammer,鍛造錘（锻铸之锤）,zh-CN
Smoke Clouds,煙霧（迷雾）,zh-CN
Smoke Inhalation,吞雲吐霧（燎烟窒息）,zh-CN
Smooth Quarterstaff,平滑細杖（优雅节杖）,zh-CN
Smuggler Coat,走私者外套,zh-CN
Snake Idol,蝮蛇魔偶（毒蛇雕像）,zh-CN
Snakebite,蝮吻,zh-CN
Snakepit,蛇巢（蛇穴）,zh-CN
Snakewood Greathammer,蛇木巨錘（蛇纹大锤）,zh-CN
Snakewood Shortbow,蛇木短弓（蛇纹短弓）,zh-CN
Snap,迸裂（激变）,zh-CN
Snipe,狙击,zh-CN
Sniper,狙击手,zh-CN
Sniper's Mark,狙擊者印記（狙击印记）,zh-CN
Snowfall,雪域（永雪冰域）,zh-CN
Snowpiercer,冰雪穿透（破雪者）,zh-CN
Soaring Ground,怒號地面（腾飞之地）,zh-CN
Soaring Mask,翱翔之面（翱翔面具）,zh-CN
Soaring Midnight,午夜飛掠（午夜翱翔）,zh-CN
Soaring Spear,展翼長矛（翱翔战矛）,zh-CN
Soaring Targe,翱翔圆盾,zh-CN
Socket-bound Augments,插槽綁定增幅（插槽绑定的增幅器）,zh-CN
Solar Amulet,日耀項鍊（日曜项链）,zh-CN
Solar Orb,日耀球（日曜球）,zh-CN
Soldier Cuirass,士兵胸甲,zh-CN
Soldier Greathelm,士兵巨盔（兵卒巨盔）,zh-CN
Soldier Helm,士兵之盔（士兵头盔）,zh-CN
Soldiering Sabatons,軍旅鎧靴（士兵战靴）,zh-CN
Sole Purpose,唯一使命（唯一目的）,zh-CN
Solemn Maul,莊嚴重錘（肃穆巨锤）,zh-CN
Solid Mask,坚固之面,zh-CN
Solus Ipse,唯我論（形单影只）,zh-CN
Sombre Gloves,暗淡手套（肃穆手套）,zh-CN
Something in the Water,水中之物（水中有物）,zh-CN
Sorcerer's Scar,術者之痕（巫师之疤）,zh-CN
Sorceress,女術者（魔巫）,zh-CN
Sorcerous Tiara,巫術頭冠（法术冠冕）,zh-CN
Sorcery Ward,巫術護盾（元素结界）,zh-CN
Soul Bloom,靈魂綻放（灵魂盛放）,zh-CN
Soul Core,靈魂核心（灵核）,zh-CN
Soul Core of Atmohua,艾特瑪哈靈魂核心（阿特莫瓦的灵核）,zh-CN
Soul Core of Azcapa,艾斯卡巴靈魂核心（阿兹卡帕的灵核）,zh-CN
Soul Core of Cholotl,斯拉托靈魂核心（查罗特的灵核）,zh-CN
Soul Core of Citaqualotl,希特克拉多靈魂核心（奇塔夸雷特的灵核）,zh-CN
Soul Core of Jiquani,吉卡尼靈魂核心（佳华尼的灵核）,zh-CN
Soul Core of Opiloti,歐派理堤靈魂核心（欧佩罗蒂的灵核）,zh-CN
Soul Core of Puhuarte,普希瓦爾靈魂核心（普华特的灵核）,zh-CN
Soul Core of Quipolatl,克特帕托靈魂核心（奎波拉特尔的灵核）,zh-CN
Soul Core of Tacati,特卡蒂靈魂核心（塔卡提的灵核）,zh-CN
Soul Core of Ticaba,堤卡巴靈魂核心（提卡巴的灵核）,zh-CN
Soul Core of Topotante,塔普塔特靈魂核心（托钵塔特的灵核）,zh-CN
Soul Core of Tzamoto,薩摩特靈魂核心（提扎墨脱的灵核）,zh-CN
Soul Core of Xopec,柔派克靈魂核心（肖佩克的灵核）,zh-CN
Soul Core of Zalatl,札爾特靈魂核心（扎拉迪的灵核）,zh-CN
Soul Core of Zantipi,善堤比靈魂核心（赞提佩的灵核）,zh-CN
Soul Crystal: {0},灵魂水晶：{0},zh-CN
Soul Drain,魂魄吸取（魂魔榨取）,zh-CN
Soul Eater,噬魂者,zh-CN
Soul Mantle,祖灵之约,zh-CN
Soul Offering,靈魂獻祭（灵之奉献）,zh-CN
Soul Rune,靈魂符文,zh-CN
Soul Tether,靈魂束縛（灵魂羁绊）,zh-CN
Soul Worship,灵魂崇拜,zh-CN
Soulbreaker,破魂者,zh-CN
Soulless Form,無魂型態（无魂形态）,zh-CN
Soulrend,靈體撕裂（裂魂术）,zh-CN
Sovereign Alloy,君主合金（君王合金）,zh-CN
Sown Seeds,播種,zh-CN
Spaghettification,麵條化（扭曲湮没）,zh-CN
Spar,打擊練習（角力）,zh-CN
Spark,电球,zh-CN
Spatial Distortion,時空扭曲（空间扭曲）,zh-CN
Spear Stab,長矛刺擊（战矛突刺）,zh-CN
Spear Throw,長矛投擲（战矛飞掷）,zh-CN
Spear of Solaris,日耀長矛（日耀之矛）,zh-CN
Spearfield,長矛之錐（枪林矛阵）,zh-CN
Spears,長矛（战矛）,zh-CN
Specialised Containers,特化容器（专用容器）,zh-CN
Specialised Seeker,專業搜查（专业搜集者）,zh-CN
Specialised Shots,专精射击,zh-CN
Spectral Fire,灵体火焰,zh-CN
Spectral Volley,灵体齐射,zh-CN
Spectral Ward,光譜守護（魂灵结界）,zh-CN
Spectre: {0},幽魂：{0}（灵体：{0}）,zh-CN
Spell Cascade,秘能爆發（多重范围施法）,zh-CN
Spell Echo,施放迴響輔助（施法回响）,zh-CN
Spell Haste,法術迅捷（迅捷施法）,zh-CN
Spell Totem,法术图腾,zh-CN
Spellblade,魔刃（碎影魔刃）,zh-CN
Spells,法术,zh-CN
Spells Forbidden,禁咒,zh-CN
Spellslinger,拋法者（法术节魔）,zh-CN
Spider Woods,蜘蛛之林（蜘蛛林地）,zh-CN
Spider's Lesson,毒蛛的教訓（蜘蛛的训诫）,zh-CN
Spike Pit,尖刺陷阱（尖刺深坑）,zh-CN
Spiked Armour,尖刺護甲（倒刺护甲）,zh-CN
Spiked Bracers,尖刺护腕,zh-CN
Spiked Buckler,尖刺轻盾,zh-CN
Spiked Club,钝钉木棒,zh-CN
Spiked Plates,尖刺鎧甲（尖刺衬板）,zh-CN
Spiked Shield,尖刺盾牌（倒刺护盾）,zh-CN
Spiked Spear,尖刺長矛（尖刺战矛）,zh-CN
Spiked Whip,尖刺鞭笞（尖刺长鞭）,zh-CN
Spikeward Buckler,尖衛輕盾（尖刺守护轻盾）,zh-CN
Spill the Sap,傾瀉樹液（树液流出）,zh-CN
Spined Bracers,棘刺護腕（精纺护腕）,zh-CN
Spinning Inferno,旋轉獄火（飞旋炽焰）,zh-CN
Spiny Talisman,尖錐魔符（荆刺魔符）,zh-CN
Spiral Volley,螺旋之弦（螺旋齐射）,zh-CN
Spiral Wraps,盤繞裹手（螺旋裹手）,zh-CN
Spiral into Depression,陷入憂鬱（困厄螺旋）,zh-CN
Spiral into Insanity,瘋狂漩渦（疯乱螺旋）,zh-CN
Spiral into Mania,狂熱漩渦（癫狂螺旋）,zh-CN
Spiraling Conspiracy,邪鴉旋纏（鸦群密谋）,zh-CN
Spire of Ire,怒火之塔（怨怒塔矛）,zh-CN
Spired Greathelm,尖頂巨盔（螺旋巨盔）,zh-CN
Spirit,精魂,zh-CN
Spirit Bond,靈魂連結（祖灵相依）,zh-CN
Spirit Of The Bear,熊之魂（巨熊之灵）,zh-CN
Spirit Of The Boar,野豬之魂（野猪之灵）,zh-CN
Spirit Of The Cat,貓之魂（豹之灵）,zh-CN
Spirit Of The Owl,貓頭鷹之魂（枭之灵）,zh-CN
Spirit Of The Ox,公牛之魂（蛮牛之灵）,zh-CN
Spirit Of The Primate,猿猴之魂（狂猿之灵）,zh-CN
Spirit Of The Serpent,蝮蛇之魂（蛇之灵）,zh-CN
Spirit Of The Stag,公鹿之魂（雄鹿之灵）,zh-CN
Spirit Of The Wolf,狼之魂（头狼之灵）,zh-CN
Spirit Vessel,灵魂容器,zh-CN
Spirit Walker,魂靈行者（灵魂行者）,zh-CN
Spirit of the Bear,巨熊之靈,zh-CN
Spirit of the Wolf,靈魂之狼,zh-CN
Spirit of the Wyvern,靈魂之龍（飞龙之灵）,zh-CN
Spirit-Influenced,魂靈掌控（灵魂影响）,zh-CN
Spirit-Touched Spoils,灵触战利品,zh-CN
Spiritbone Crown,魂骨之冠（灵骨王冠）,zh-CN
Spiteful Floret,決恨花簇（怨毒之花）,zh-CN
Splash Damage,擴散傷害（溅射伤害）,zh-CN
Splinter Arrows,斷片箭（裂片箭）,zh-CN
Splinter Totem I,殘片圖騰 I（碎片图腾 I）,zh-CN
Splinter Totem II,殘片圖騰 II（碎片图腾 II）,zh-CN
Splinter of Lorrata,蘿拉塔裂片（罗瑞塔的破片）,zh-CN
Splintered Flail,分裂鏈錘（碎裂连枷）,zh-CN
Splintered Tower Shield,朽木塔盾,zh-CN
Splinterheart,裂心（裂心之弦）,zh-CN
Splintering Force,分裂力量（分裂之劲）,zh-CN
Splinters,斷片（裂甲）,zh-CN
Split,裂化（分裂）,zh-CN
Split Personality,人格分裂,zh-CN
Split Shot,分裂射击,zh-CN
Split the Earth,劈裂大地（撕裂大地）,zh-CN
Splitting Greataxe,分裂巨斧（裂刃大斧）,zh-CN
Splitting Ground,分裂地面（分裂大地）,zh-CN
Spoils of the Hunt,狩猎战利品,zh-CN
Sprawling Jungle,蔓延叢林（蔓生丛林）,zh-CN
Sprawling Rupture,蔓延裂縫（蔓生裂隙）,zh-CN
Spray and Pray,隨興掃射（枪林弹雨）,zh-CN
Spreading Ailments,散播異常狀態（扩散异常状态）,zh-CN
Spreading Darkness,散播黑暗（弥漫黑暗）,zh-CN
Spreading Frost,擴散寒冰（弥漫寒霜）,zh-CN
Spreading Shocks,擴散感電（感电传播）,zh-CN
Spring,湧泉（泛滥温泉）,zh-CN
Sprint,衝刺,zh-CN
Stackable Currency,可堆叠通货,zh-CN
Stacked Sabatons,疊層鎧靴（层钢战靴）,zh-CN
Stacking Toxins,疊加毒素（层叠毒素）,zh-CN
Stag Idol,雄鹿魔偶（雄鹿雕像）,zh-CN
Stage-Gaining Skills,獲得疊層的技能（层数叠加技能）,zh-CN
Staged,獲得疊層（层数）,zh-CN
Staggering Palm,撼敵之掌（惊风掌）,zh-CN
Staggering Wounds,撼敵創傷（错愕伤痕）,zh-CN
Staghorn Focus,鹿角法器,zh-CN
Stagnant Basin,靜滯盆地（死水盆地）,zh-CN
Stalking Belt,獵跡腰帶（追踪腰带）,zh-CN
Stalking Bracers,潛獵護腕（潜行护腕）,zh-CN
Stalking Panther,潛伏獵豹（匿影猎豹）,zh-CN
Stalking Spear,潛獵長矛（潜行战矛）,zh-CN
Stampede,踐踏（奔踏）,zh-CN
Stance Breaker,姿態破壞者（架势破除）,zh-CN
Stand Ground,穩住陣腳,zh-CN
Stand and Deliver,攔路搶劫（坚守阵地）,zh-CN
Starborn Onslaught,星裔猛襲（星辰冲击）,zh-CN
Starkonja's Head,斯塔空加之首,zh-CN
Starlit Ore,星耀礦石（星辉矿石）,zh-CN
Stars Aligned,行列眾星（群星罗列）,zh-CN
Stat Conversion,能力轉換（属性转化）,zh-CN
Stat Totals,能力總量（总属性）,zh-CN
Static Shocks,靜電震盪（静电脉冲）,zh-CN
Staunch Deflection,堅決偏斜（坚定偏转）,zh-CN
Staunching,止血,zh-CN
Staunching Charm,止血護符（止血咒符）,zh-CN
Staves,长杖,zh-CN
"Stay Light, Use Cover",保持警覺，善用掩護（轻装与掩蔽）,zh-CN
Steadfast I,穩若泰山 I（坚定 I）,zh-CN
Steadfast II,穩若泰山 II（坚定 II）,zh-CN
Steadfast Resolve,穩當決心（坚定决心）,zh-CN
Steady Development,穩定開發（极限考古）,zh-CN
Steady Footing,稳固立足,zh-CN
Steaming Springs,蒸氣之泉（蒸腾清泉）,zh-CN
Steel Bastion,鋼鐵堡壘（钢铁的壁垒）,zh-CN
Steel Plate,堅鋼鎧甲（冷钢之铠）,zh-CN
Steel and Sorcery,堅鋼與巫術（钢铁与魔法）,zh-CN
Steelhead Spear,鋼尖長矛（钢头战矛）,zh-CN
Steelmail Gauntlets,鋼鎖護手（钢甲手甲）,zh-CN
Steelpoint Quarterstaff,鋼尖細杖（钢缘节杖）,zh-CN
Steelpoint Shoes,鋼尖輕鞋（钢缘便鞋）,zh-CN
Steeltoe Boots,鐵趾長靴（钢趾靴）,zh-CN
Stellar Amulet,恆星項鍊（星辉项链）,zh-CN
Stench of Carrion,腐屍之臭（腐尸恶臭）,zh-CN
Step Like Mist,騰雲踏霧（迷踪步履）,zh-CN
Steppe,乾草原（干燥草原）,zh-CN
Stigmata,圣痕,zh-CN
Stimulants,興奮劑（兴奋鼓舞）,zh-CN
Stir the Swarm,攪動蟲群（惊扰虫群）,zh-CN
Stitched Gloves,缝合手套,zh-CN
Stoat Idol,白鼬魔偶（白鼬雕像）,zh-CN
Stocky Mitts,結實長手套（敦实护手）,zh-CN
Stoic Sceptre,魔道權杖（克己权杖）,zh-CN
Stoicism I,坚忍 I,zh-CN
Stoicism II,坚忍 II,zh-CN
Stolen Authority,竊取的權威（窃取权威）,zh-CN
Stomping Ground,重踏地面（震撼大地）,zh-CN
Stone Charm,岩石護符（磐石咒符）,zh-CN
Stone Citadel,岩石城塞（磐石城塞）,zh-CN
Stone Cuirass,岩石胸甲（石制胸甲）,zh-CN
Stone Flail,岩石鏈錘（巨石连枷）,zh-CN
Stone Greatsword,岩石巨劍（磐石巨剑）,zh-CN
Stone Greaves,岩石脛甲（坚石胫甲）,zh-CN
Stone Rune,岩石符文（磐石符文）,zh-CN
Stone Skin,頑石鋼膚（磐石之肤）,zh-CN
Stone Targe,岩石圓盾（石制圆盾）,zh-CN
Stone Tower Shield,岩石塔盾（坚石塔盾）,zh-CN
Stone of Lazhwar,拉兹瓦的灵石,zh-CN
Storm,风暴,zh-CN
Storm Driven,风暴驱动,zh-CN
Storm Lance,風暴之槍（岚舞长枪）,zh-CN
Storm Rune,暴風符文（风暴符文）,zh-CN
Storm Skills,风暴技能,zh-CN
Storm Surge,風暴洶湧（风暴激涌）,zh-CN
Storm Swell,風暴浪潮（风暴周期）,zh-CN
Storm Wave,風暴浪湧（移风岚）,zh-CN
Storm's Rebuke,風暴之責（风暴斥责）,zh-CN
Storm's Recollection,风暴回忆,zh-CN
Stormblast Bolts,雷暴彈藥（轰雷弩箭）,zh-CN
Stormbreaker,風暴破壞者（风暴克星）,zh-CN
Stormcaller Arrow,風暴呼喚箭矢（唤雷箭）,zh-CN
Stormchain,風暴之鏈（风暴连锁）,zh-CN
Stormcharged,雷霆充能（风暴随身）,zh-CN
Stormfire,烈風暴（风暴之炎）,zh-CN
"Stormgore, the Guardian",守護者．風暴血獸（风暴血魔，守护者）,zh-CN
Stormkeeper,蒼雷看守者（雷霆守护者）,zh-CN
Stormsurge,風暴湧流（风雷涌动）,zh-CN
Stormtossed Voyager,暴風航行者（风霜的航海家）,zh-CN
Stormwalker,风暴行者,zh-CN
Stormweaver,风暴编织者,zh-CN
Stout Crossbow,牢固十字弓（粗壮战弩）,zh-CN
Str,力量,zh-CN
Str/Dex,力量/敏捷,zh-CN
Str/Dex/Int,力量/敏捷/智慧,zh-CN
Str/Int,力量/智慧,zh-CN
Strange Aversions,詭譎嫌忌（异样憎恶）,zh-CN
Strategic Advantage,戰略優勢（历史的厚重）,zh-CN
Strategic Embankments,戰術陣地（战略堤防）,zh-CN
Stratified Targe,分层圆盾,zh-CN
Straw Sandals,乾草便鞋（稻草鞋履）,zh-CN
Streamlined Rounds,子彈如流（流线弹药）,zh-CN
Street Urchin,街邊頑童（街头顽童）,zh-CN
Strength of Blood,血之力量（鲜血之力）,zh-CN
Strength of the Crypt,陵墓之力（地窖之力）,zh-CN
Strength of the Deep,深渊之力,zh-CN
Strider Vest,疾行者背心,zh-CN
Strife Pick,鬥爭鎬（纷争之镐）,zh-CN
Strike,打击,zh-CN
Strike True,真實打擊（精准打击）,zh-CN
Strike Twice,二重打擊（惊霆复至）,zh-CN
Striking Quarterstaff,打擊細杖（打击节杖）,zh-CN
Striking Spear,突擊長矛（精标长矛）,zh-CN
Stripped Defences,剝離防禦（剥夺防御）,zh-CN
Strong Chin,強力下顎（强韧甲壳）,zh-CN
Strong Hearted,不屈之心（强健心灵）,zh-CN
Strongbox,保险箱,zh-CN
Stronghold,要塞（强固据点）,zh-CN
Struck Through,擊穿防禦（穿身而过）,zh-CN
Structured Hammer,建構之錘（构造之锤）,zh-CN
Strugglescream,掙扎吶喊（困苦尖啸）,zh-CN
Studded Boots,镶钉长靴,zh-CN
Studded Greatclub,鑲釘巨棍棒（镶钉巨棍）,zh-CN
Studded Targe,镶钉圆盾,zh-CN
Studded Vest,鑲釘背心（嵌饰背心）,zh-CN
Study the Chains,枷鎖研習（锁链研究）,zh-CN
Stun I,晕眩 I,zh-CN
Stun II,晕眩 II,zh-CN
Stun III,晕眩 III,zh-CN
Stun Recovery,暈眩恢復（晕眩回复）,zh-CN
Stun Resistant,暈眩抵抗（晕眩抗性）,zh-CN
Stuns,晕眩,zh-CN
Stupefy,麻木（茫然无措）,zh-CN
Sturdy Ally,強健的盟友（顽强的战友）,zh-CN
Sturdy Crossbow,堅固十字弓,zh-CN
Sturdy Metal,堅固金屬（刚毅金属）,zh-CN
Sturdy Mind,堅韌思維（坚韧心灵）,zh-CN
Stylebender,風格轉換（篡式者）,zh-CN
Styrn's Anthem,斯塔恩的贊歌（斯泰恩的颂歌）,zh-CN
Styrn's Ferocity,斯塔恩的暴行（斯泰恩的凶残）,zh-CN
Styrn's Mountain,斯塔恩的山巔（斯泰恩的山岳）,zh-CN
"Styrn, Fallen Knight of Aldur",阿德爾的墮道騎士．斯塔恩（斯泰恩，堕落奥杜尔骑士）,zh-CN
Subterfuge Mask,欺詐面具（诡计面纱）,zh-CN
Succour,救援（救济）,zh-CN
Sudden Escalation,突發升級（骤升）,zh-CN
Sudden Hail,突降冰雹,zh-CN
Sudden Infuriation,突發暴怒（无名火起）,zh-CN
Suede Bracers,麂皮護腕（绒皮护腕）,zh-CN
Suffusion,瀰漫的（充盈弥散）,zh-CN
Sulphuric Caverns,硫化洞窟（硝硫洞窟）,zh-CN
Summer Meadows,盛夏草原（夏日草甸）,zh-CN
Summon Companion,召喚盟友（召唤同伴）,zh-CN
Summon Infernal Hound,召喚獄炎獵犬（召唤炽焰猎犬）,zh-CN
Summoning Circle,召唤法阵,zh-CN
Sump,污水坑（污水深坑）,zh-CN
Sun Artifact,豔陽文物（烈日神器）,zh-CN
Sun Temple,太陽神殿（太阳大殿）,zh-CN
Sunder,大地震击,zh-CN
Sunder my Enemies...,粉碎我的敵人……（所向披靡）,zh-CN
Sunder the Flesh,碎裂血肉（皮开肉绽）,zh-CN
Sundered Armour,破碎護甲（护甲撕裂）,zh-CN
Sundering,崩裂（断离）,zh-CN
Sunken Pyramid,沉沒金字塔（沉没的金字塔）,zh-CN
Sunsplinter,烈日碎片（烈阳残片）,zh-CN
Supercharged Slam,超載重擊（蓄威神锤）,zh-CN
Supercritical,超暴擊（特化暴击）,zh-CN
Superiority,优越,zh-CN
Support,辅助,zh-CN
Support Gem Categories,辅助宝石类别,zh-CN
Support Gem Requirements,辅助宝石需求,zh-CN
Support Gems,辅助宝石,zh-CN
Support Straps,支撐綁帶（支承绑带）,zh-CN
Supporting Fire,支援火力,zh-CN
Supportive Ancestors,祖靈之援（先祖援手）,zh-CN
Suppress,壓抑（压制）,zh-CN
Suppressing Fire,火力抑制,zh-CN
Supreme Decadence,至高．頹廢（无上衰败）,zh-CN
Supreme Ego,至高．自我（无上自我）,zh-CN
Supreme Grandstanding,至高．譁眾（无上之秀）,zh-CN
Supreme Ostentation,至高．炫耀（无上宣示）,zh-CN
Surefooted Sigil,穩健印記（稳步法印）,zh-CN
Surge of the Tide,潮汐浪湧（奔涌潮汐）,zh-CN
Surging Avatar,澎湃灌注（涌动化身）,zh-CN
Surging Beast,洶湧野獸（奔涌兽灵）,zh-CN
Surging Currents,湧動電流（喷涌电流）,zh-CN
Surprise Spark,突擊火花（惊喜火花）,zh-CN
Surrounded,包圍（被包围）,zh-CN
Survival Plan,生存计划,zh-CN
Survival of the Fittest,適者生存,zh-CN
Sustainable Practices,永續實踐（可持续操作）,zh-CN
Sustained,持續性,zh-CN
Sustained Skills,經久技能（持续性技能）,zh-CN
Svalinn,史瓦林（斯瓦林）,zh-CN
Swamp Mastery,沼澤精通（沼泽专精）,zh-CN
Swarm,蟲群（群集聚落）,zh-CN
Swathed Cap,裹頭便帽（缠丝帽）,zh-CN
Swelling Hives,腫脹巢穴（肿胀虫巢）,zh-CN
Swift Affliction I,極速苦痛 I（极速腐化 I）,zh-CN
Swift Affliction II,極速苦痛 II（极速腐化 II）,zh-CN
Swift Affliction III,極速苦痛 III（极速腐化 III）,zh-CN
Swift Alloy,迅捷合金,zh-CN
Swift Blocking,快速阻斷（迅捷格挡）,zh-CN
Swift Bracers,迅疾護腕（迅捷护腕）,zh-CN
Swift Claw,迅捷之爪,zh-CN
Swift Flight,馭天（迅捷飞掠）,zh-CN
Swift Interruption,迅速打斷（迅捷打断）,zh-CN
Swift Spear,迅疾長矛（迅捷战矛）,zh-CN
Swiftstalker Coat,迅疾潛獵者外套（迅捷潜行者外套）,zh-CN
Sword Slash,劍刃斬（Sword Slash）,zh-CN
Sword Spear,剑刃长矛,zh-CN
Swords,劍（剑类）,zh-CN
Sylvan's Effigy,林木塑像（森林灵像）,zh-CN
Symbiotic Strongboxes,共生保险箱,zh-CN
Symbol of Defiance,衛道之符（抗争的象征）,zh-CN
System Changes,系統改變,zh-CN
"Syvora, Daughter of the Deep",深邃之女．希沃亞（西芙拉，深渊之女）,zh-CN
Syzygy,朔望,zh-CN
Tablets,碑牌（石板）,zh-CN
Tabula Rasa,无尽之衣,zh-CN
Tacati's Ire,特卡蒂的憤怒（塔卡提之怒）,zh-CN
Tacati's Soul Core of Affliction,特卡蒂的苦痛靈魂核心（塔卡提的折磨灵核）,zh-CN
Tactical Retreat,戰術性撤退（战术撤退）,zh-CN
Tactician,智勇軍師（战术家）,zh-CN
Tailwind,流順之風（提速尾流）,zh-CN
Tainted Strike,污染打击,zh-CN
Take Mana Costs as Damage,承受相當於魔力消耗的傷害（受到魔力消耗的伤害）,zh-CN
Talismans,魔符,zh-CN
Tame Beast,馴獸（驯服野兽）,zh-CN
Tangletongue,縛舌（纠缠之舌）,zh-CN
Tangmazu's Reliquary Key,湯馬祖的寶庫鑰匙（唐玛祖的圣物厅钥匙）,zh-CN
Tangmazu's Thurible,湯馬祖的提爐（唐玛祖的香炉）,zh-CN
Tantalum Alloy,鉭合金（钽质合金）,zh-CN
Tapestry Relic,聖經聖物（挂毯遗物）,zh-CN
Targeted Strike,指定打擊（定向打击）,zh-CN
Taryn's Shiver,塔林的颤栗之语,zh-CN
Tasalian Focus,塔萨里奥法器,zh-CN
Tasalian Greaves,塔萨里奥胫甲,zh-CN
Tasalio's Rhythm,塔萨里奥的律动,zh-CN
"Tasgul, Swallower of Light",光芒吞噬者．塔仕古爾（塔斯古尔，吞光者）,zh-CN
Taste for Blood,血味（赤色之味）,zh-CN
Tattered Robe,殘破長袍（破烂长袍）,zh-CN
Taunt,嘲讽,zh-CN
Taut Crossbow,緊繃十字弓（绷紧战弩）,zh-CN
Taut Flesh,繃緊肌肉（紧绷之躯）,zh-CN
"Tavakai, the Chieftain",酋長．塔瓦凱（塔瓦凯，酋长）,zh-CN
Tawhoa's Tending,塔赫亞的照顧（塔赫亚的照料）,zh-CN
Tawhoan Greatclub,塔赫亞巨棍棒（塔赫亚巨棍）,zh-CN
Tawhoan Tower Shield,塔赫亚塔盾,zh-CN
Tear,撕裂（撕扯）,zh-CN
Tear Open the Rift,撕開裂口（撕开裂隙）,zh-CN
Tearing Flail,撕裂鏈錘（碎肉连枷）,zh-CN
Tecrod's Gaze,特克羅德的邪眼（特克罗的凝视）,zh-CN
Tecrod's Revenge,特克羅德的復仇（特克罗的复仇）,zh-CN
Tectonic Slams,震波猛擊（破釜一击）,zh-CN
Temper Weapon,鍛鍊武器（淬炼武器）,zh-CN
Tempered Defences,緩和防禦（钢化防御）,zh-CN
Tempered Mind,冶鍊之意（淬火之心）,zh-CN
Tempered Mitts,淬鍊長手套（淬炼护手）,zh-CN
Tempered by War,戰爭淬煉（战争锤炼）,zh-CN
Tempest Bell,風暴之鐘（风雷钟）,zh-CN
Tempest Caller,暴風召喚者（风暴呼唤者）,zh-CN
Tempest Flurry,暴風亂舞（风暴乱舞）,zh-CN
Tempest Rune,風暴符文,zh-CN
Templar,聖騎士（圣堂武僧）,zh-CN
Templar Vestments,聖騎士法衣（圣堂武僧长衣）,zh-CN
Temple Currency,神庙通货,zh-CN
Temple Destabilisation,神廟不穩定（神庙瓦解）,zh-CN
Temple Maul,神殿重錘（神殿巨锤）,zh-CN
Temple Paths,神廟之道（神庙迷踪）,zh-CN
Temple Tablet,神廟碑牌（神庙石板）,zh-CN
Temporal Bubble,緩行之域（时空泡泡）,zh-CN
Temporal Chains,时空锁链,zh-CN
Temporal Mastery,時間專精（时光掌控）,zh-CN
Temporal Rift,时空裂隙,zh-CN
Temporalis,時空之物（时空之肌）,zh-CN
Temporary Minion,暫時召喚物（临时召唤生物）,zh-CN
Tempting Offers,誘人提案（诱惑供奉）,zh-CN
Tenebrous Amulet,黑暗項鍊（暗黑项链）,zh-CN
Tenebrous Crown,幽暗寶冠（阴暗王冠）,zh-CN
Tenebrous Ring,黑暗戒指（戒指：暗黑）,zh-CN
Tenfold Attacks,十重打擊（十重迅击）,zh-CN
Tense Crossbow,紧弦战弩,zh-CN
Tertiary Calamity Fragment,第三災厄碎片（三级血祸碎片）,zh-CN
Test of Cunning Barya,計謀的測試代幣（灵巧测试巴雅）,zh-CN
Test of Strength Barya,力量的測試代幣（力量测试巴雅）,zh-CN
Test of Time Barya,時間的測試代幣（时间测试巴雅）,zh-CN
Test of Will Barya,意志的測試代幣（意志测试巴雅）,zh-CN
Tethering Bands,解脫纏帶,zh-CN
"Tetzcatl, the Blazing Guardian",熾烈衛士．特茲卡特（泰兹卡塔，焰光守护者）,zh-CN
Tetzlapokal's Desire,特沙波卡爾之慾（特兹拉波卡尔的欲望）,zh-CN
Thane Girt's Rune of Wildness,爵士格特的野性符文（吉尔特领主的荒野符文）,zh-CN
Thane Grannell's Rune of Mastery,爵士格蘭內爾的專精符文（格兰内尔领主的掌控符文）,zh-CN
Thane Leld's Rune of Spring,爵士勒爾德的暖春符文（雷尔德领主的春光符文）,zh-CN
Thane Mail,领主锁甲,zh-CN
Thane Myrk's Rune of Summer,爵士邁爾克的盛夏符文（默克领主的仲夏符文）,zh-CN
Thane Wulfric,沃夫里克領主（领主乌弗瑞克）,zh-CN
"Thariel, the Umbral Wraith",幽暗凶靈．薩瑞爾（萨里埃尔，冥影幽魂）,zh-CN
Thaumaturgic Flux (Level 10),奇術熔劑（等級10）（秘术溶剂（等级10））,zh-CN
Thaumaturgic Flux (Level 11),奇術熔劑（等級11）（秘术溶剂（等级11））,zh-CN
Thaumaturgic Flux (Level 12),奇術熔劑（等級12）（秘术溶剂（等级12））,zh-CN
Thaumaturgic Flux (Level 13),奇術熔劑（等級13）（秘术溶剂（等级13））,zh-CN
Thaumaturgic Flux (Level 14),奇術熔劑（等級14）（秘术溶剂（等级14））,zh-CN
Thaumaturgic Flux (Level 15),奇術熔劑（等級15）（秘术溶剂（等级15））,zh-CN
Thaumaturgic Flux (Level 16),奇術熔劑（等級16）（秘术溶剂（等级16））,zh-CN
Thaumaturgic Flux (Level 17),奇術熔劑（等級17）（秘术溶剂（等级17））,zh-CN
Thaumaturgic Flux (Level 18),奇術熔劑（等級18）（秘术溶剂（等级18））,zh-CN
Thaumaturgic Flux (Level 19),奇術熔劑（等級19）（秘术溶剂（等级19））,zh-CN
Thaumaturgic Flux (Level 20),奇術熔劑（等級20）（秘术溶剂（等级20））,zh-CN
Thaumaturgic Flux (Level 5),奇術熔劑（等級5）（秘术溶剂（等级5））,zh-CN
Thaumaturgic Flux (Level 6),奇術熔劑（等級6）（秘术溶剂（等级6））,zh-CN
Thaumaturgic Flux (Level 7),奇術熔劑（等級7）（秘术溶剂（等级7））,zh-CN
Thaumaturgic Flux (Level 8),奇術熔劑（等級8）（秘术溶剂（等级8））,zh-CN
Thaumaturgic Flux (Level 9),奇術熔劑（等級9）（秘术溶剂（等级9））,zh-CN
Thaumaturgic Generator,奇術發動機（奇术发生器）,zh-CN
Thaumaturgical Aptitude,奇術之資（奇术之力）,zh-CN
Thaumaturgical Dynamism,奇术活力,zh-CN
Thaumaturgical Infusion,奇術注入（奇术灌输）,zh-CN
Thaumaturgical Protection,奇術禦防（奇术防御）,zh-CN
Thawing Charm,解凍護符（融冰咒符）,zh-CN
The Aberration,異變體（畸变者）,zh-CN
The Abominable Yeti,怪異雪獸（可憎的雪人）,zh-CN
The Adorned,朝氣之靈（浮华）,zh-CN
The Agnostic,不可知論（惘信者）,zh-CN
The Ancient Serpent,遠古蝮蛇（远古巨蛇）,zh-CN
The Anvil,信念之砧,zh-CN
The Arbiter of Ash,灰燼仲裁者（灰烬仲裁官）,zh-CN
The Arbiter of Divinity,神聖仲裁者（神圣仲裁官）,zh-CN
The Arbiter's Reliquary Key,仲裁者的寶庫鑰匙（仲裁官的圣物厅钥匙）,zh-CN
The Artisan,巧匠（工艺大师）,zh-CN
The Ascendant,昇華使徒（无尽升华）,zh-CN
The Assembly,集會（集会所）,zh-CN
The Auspex,觀鳥者（占星师）,zh-CN
The Barrow Dweller,遺塚居民（荒坟寄主）,zh-CN
The Black Cat,黑猫,zh-CN
The Black Crow,黑鸦,zh-CN
The Black Doubt,黑色之疑（疑心暗惑）,zh-CN
The Black Insignia,漆黑徽章（黑盗勋章）,zh-CN
The Blind Beast,眼盲巨獸（盲眼凶兽）,zh-CN
The Bloated Miller,浮腫米勒（浮肿的伐木工）,zh-CN
The Blood Thorn,血棘,zh-CN
The Bodach,博德克（伯达克）,zh-CN
The Bone Colossus,骨之巨像（骸骨巨像）,zh-CN
The Brambleghast,荊棘懼怪（异生荆棘）,zh-CN
The Brass Dome,堅銅戰罩（巨铜之顶）,zh-CN
The Bringer of Rain,祭礼之雨,zh-CN
The Burden of Authority,權威之重（权责深重）,zh-CN
The Burden of Leadership,領袖的重擔（领袖的重负）,zh-CN
The Burden of Shadows,暗影重擔（暗影的重负）,zh-CN
The Burning Monolith,燃燒豐碑（燃石巨塔）,zh-CN
The Burrower,掘地者（挖掘者）,zh-CN
The Cartographer,製圖師（制图大师）,zh-CN
The Catha's Balance,凱莎的平衡（卡萨的平衡）,zh-CN
The Chained Beast,鏈纏巨獸（锁缚邪兽）,zh-CN
The Changing Seasons,流轉的季節（季节变迁）,zh-CN
The Chosen Children,天选之子,zh-CN
The Chosen Path,所選之道（选中之路）,zh-CN
The Coming Calamity,災難臨頭（灵魂甲胄）,zh-CN
The Covenant,血誓,zh-CN
The Crowbell,鴉鈴（悬铃巨鸦）,zh-CN
The Dancing Mirage,舞動幻影（跃舞蜃影）,zh-CN
The Dark Defiler,黑暗玷汙者（黑暗渎神）,zh-CN
The Deadliest Hunt,最致命的狩獵（必死狩猎）,zh-CN
The Desperate Alliance,絕望的同盟（绝境同盟）,zh-CN
The Devourer,吞噬獸（暴噬虫）,zh-CN
The Devouring Diadem,吞噬之冠（吞噬者王冠）,zh-CN
The Empty Roar,空洞怒吼（空荡怒吼）,zh-CN
The Eternal Spark,永恒火花,zh-CN
The Everlasting Gaze,永恆凝視（永恒凝望）,zh-CN
The Executioner,劊子手（惩罚者）,zh-CN
The Ezomyte Megaliths,艾茲麥巨石（艾兹麦巨石碑）,zh-CN
The Fabled Stag,傳說公鹿（传说之鹿）,zh-CN
The Fall of the Axe,斧頭之隕（落刃时刻）,zh-CN
The Fallen Star,殞星（陨星）,zh-CN
The Flesh Poppet,血肉傀儡,zh-CN
The Fourth Teaching,第四教誨（第四教义）,zh-CN
The Fractured Lake,破裂迷湖（千裂泽）,zh-CN
The Frenzied Bear,狂暴熊（凶狂巨熊）,zh-CN
The Frostborn Fiend,霜裔惡魔（霜生劣魔）,zh-CN
The Fungus Behemoth,真菌巨靈（真菌巨兽）,zh-CN
The Gnashing Sash,憤恨飾帶（狂獠饰带）,zh-CN
The Grand Project,偉大計劃（宏伟计划）,zh-CN
The Great Boar,大野豬（魁梧野猪）,zh-CN
The Greatest Cost,至高代價（最大代价）,zh-CN
The Greatwolf's Rune of Claws,巨狼之爪符文（巨狼之利爪符文）,zh-CN
The Greatwolf's Rune of Willpower,巨狼意志符文（巨狼之意志符文）,zh-CN
The Hammer of Faith,信仰之锤,zh-CN
The Hollow Mask,聖潔面具（空洞面罩）,zh-CN
The Hollowkeeper,守虛者（虚空守护者）,zh-CN
The Howling Primate,嗥猿（咆哮狂猿）,zh-CN
The Hunt Goes On,狩獵仍在繼續（狩猎继续）,zh-CN
The Hunter,狩獵者（赶尽杀绝）,zh-CN
The Infinite Pursuit,无尽之距,zh-CN
The Jade Isles,翠玉群島（青玉群岛）,zh-CN
The Journey Ahead,前途旅程（前方旅途）,zh-CN
The King in the Mists,迷雾之王,zh-CN
The Knight-errant,漂泊騎士（豪侠骑士）,zh-CN
The Last Flame,終焉烈焰（终末之火）,zh-CN
The Last Lament,臨終悲歌（末后哀歌）,zh-CN
The Lesser Harm,微小損害（两害从轻）,zh-CN
The Lethal Draw,致命抽取（攫命）,zh-CN
The Lost Architect,失落的建築師（失落筑师）,zh-CN
The Master,大師（一步登天）,zh-CN
The Master's Reach,主宰之觸,zh-CN
The Matriarch Halls,聖母殿（主母殿堂）,zh-CN
The Mhacha's Gift,姆哈查之贈（玛查女神的礼物）,zh-CN
The Molten One's Gift,熔岩者的禮物（熔岩者的馈赠）,zh-CN
The Monument,纪念碑,zh-CN
The Mutable Star,多變之星（易变星辰）,zh-CN
The Mórrigan's Guidance,莫里根的指引（莫丽根的指引）,zh-CN
The Natural Order,自然秩序,zh-CN
The Noble Wolf,高貴之狼（显贵头狼）,zh-CN
The Ordained,神授命使（天选之人）,zh-CN
The Origin Tower,起源高塔（起源之塔）,zh-CN
The Pandemonius,群魔殿,zh-CN
The Patriarch Halls,聖祖殿（长老殿堂）,zh-CN
The Peacemaker's Draught,和平使者藥水（求和者的饮剂）,zh-CN
The Power Within,內在力量（力由心生）,zh-CN
The Prisoner,囚犯（囚徒）,zh-CN
The Prisoner's Manacles,囚犯的鐐銬（囚徒的镣铐）,zh-CN
The Queen of Filth,污垢女王（污秽女王）,zh-CN
The Quest Continues,任務繼續（详细记载）,zh-CN
The Quick Fox,迅捷飛狐（迅捷灵狐）,zh-CN
The Raging Ox,怒牛（暴怒蛮牛）,zh-CN
The Rain Festival Beetle,雨祭甲蟲（雨临节甲虫）,zh-CN
The Rat Cage,疫鼠囚笼,zh-CN
The Raven Trickster,渡鴉欺詐者（黑鸦欺诈者）,zh-CN
The Raven's Flock,渡鴉集束（渡鸦之群）,zh-CN
The Ravenous Fang,貪婪利牙（饥噬獠牙）,zh-CN
The Realmgate,界域之门,zh-CN
The Reliquarian,遺守使徒（收藏大家）,zh-CN
The Reliquary Vault,圣物宝库,zh-CN
The Rotten Druid,腐敗的德魯伊（腐烂的德鲁伊）,zh-CN
The Runebinder's Alloy,符文缚者的合金,zh-CN
The Runefather's Alloy,符文之父的合金,zh-CN
The Runeseeker,符文探求者（符文猎手）,zh-CN
The Rust King,鐵鏽之王（锈污之王）,zh-CN
The Sandstrider,沙行者（流沙行者）,zh-CN
The Searing Touch,炽炎之使,zh-CN
The Sentry,哨兵（哨望）,zh-CN
The Shackled Horror,被束缚的恐惧,zh-CN
The Silent Cave,沉默洞穴（寂静窟）,zh-CN
The Smiling Knight,微笑騎士（笑面骑士）,zh-CN
The Soul Meridian,靈魂經脈（灵魂子午线）,zh-CN
The Soul Springs Eternal,魂魄永恆不息（意念永存）,zh-CN
The Spring Hare,春兔（春日野兔）,zh-CN
The Stars Answer,群星回應（群星召唤）,zh-CN
The Sunken Vessel,沉船（沉没之舟）,zh-CN
The Surrender,降伏,zh-CN
The Taming,元素之章,zh-CN
The Third Edict,第三戒律,zh-CN
The Three Dragons,三龙战纪,zh-CN
The Traitor,叛徒,zh-CN
The Trialmaster,試煉大師（试炼使者）,zh-CN
The Trialmaster's Reliquary Key,試煉大師的寶庫鑰匙（试炼使者的圣物厅钥匙）,zh-CN
The Triskelion Reforged,再鑄三曲（重铸三耀之火）,zh-CN
The Unborn Lich,未誕生的巫妖（未生巫妖）,zh-CN
The Unleashed,釋放者（破禁者）,zh-CN
The Unseen Path,未見之道（无踪之道）,zh-CN
The Vanquisher,鎮壓者（巅峰至尊）,zh-CN
The Vertex,谜容,zh-CN
The Vile Knight,惡劣騎士（厄难骑士）,zh-CN
The Viridian Wildwood,翠绿荒林,zh-CN
The Well of Souls,灵魂之井,zh-CN
The Whispering Ice,冰点低语,zh-CN
The Wicked Quill,邪惡羽毛（邪恶之翎）,zh-CN
The Wild Cat,野貓（荒野之豹）,zh-CN
The Winter Owl,冬鴞（凛冬之枭）,zh-CN
The Withered Willow,凋萎敗柳（萎败细柳）,zh-CN
The Ziggurat Refuge,高地神塔庇護所（金字塔避难所）,zh-CN
The mirrors... the mirrors!,鏡子……鏡子！（镜子……那些镜子！）,zh-CN
There's nowhere to hide...,无处可藏……,zh-CN
These demons are all your own...,這些惡魔是你的了...（这些恶魔，全都是你自己的……）,zh-CN
Thickened Arteries,動脈增厚（粗实血脉）,zh-CN
Thicket Warding,樹叢守護（林荫守御）,zh-CN
Thief's Torment,窃罪,zh-CN
Thin Ice,如履薄冰,zh-CN
Thirst for Endurance,耐力渴求（耐力饥渴）,zh-CN
Thirst for Power,暴擊渴求（暴击饥渴）,zh-CN
Thirsting Ally,飢渴的盟友（饥渴的友军）,zh-CN
Thornhide,荊棘之皮（荆棘之肤）,zh-CN
Thorns,荆棘,zh-CN
Thornskin I,荊棘之皮 I（荆棘皮肤 I）,zh-CN
Thornskin II,荊棘之皮 II（荆棘皮肤 II）,zh-CN
Thorny Ground,荆棘地面,zh-CN
Those Who Hear,倾听者,zh-CN
Thoughts and Prayers,思想和信徒（思考与祈祷）,zh-CN
Thousand Cuts,千刀萬剮（千创）,zh-CN
"Thraeven, Wing of Winter",冬之翼．賽爾雷溫（拉卡，冰冻利爪）,zh-CN
Thrashing Vines,藤蔓痛打（鞭笞藤蔓）,zh-CN
Threaded Light,縫紉之光（明光丝缕）,zh-CN
Threaded Shoes,縫紉輕鞋（线缝便鞋）,zh-CN
Thrill of Battle,戰鬥亢奮（激战热血）,zh-CN
Thrill of the Fight,刺激戰鬥（战斗的快感）,zh-CN
Thrill of the Kill,殺戮渴望（杀戮快感）,zh-CN
Thrill of the Kill II,殺戮渴望II（杀戮快感II）,zh-CN
Thrilling Chase,驚險追逐（热血追猎）,zh-CN
Thrillsteel,顫慄之鋼（惊险刺激）,zh-CN
Thriving Waters,繁榮之水（繁荣水域）,zh-CN
Throatseeker,割喉者（割战者）,zh-CN
Thrud's Might,索魯德的強權（斯鲁德的神力）,zh-CN
Thunder Talisman,天雷魔符（雷霆魔符）,zh-CN
Thunderfist,轰天雷,zh-CN
Thundergod's Wrath,雷神之怒（雷霆神祇之怒）,zh-CN
Thunderous Leap,雷霆跳躍（雷鸣飞跃）,zh-CN
Thunderstorm,閃電風暴（雷霆风暴）,zh-CN
Thunderstruck,雷擊（天雷轰顶）,zh-CN
Thundrous Devotion,慷慨的奉獻（雷鸣的奉献）,zh-CN
Tidal Rune,潮汐符文,zh-CN
Tidebreaker,破浪者（局势逆转者）,zh-CN
Tides of Change,變革浪潮（激变浪潮）,zh-CN
Tideseer Mantle,潮汐先知披肩（潮贤斗篷）,zh-CN
"Tierney, the Hateful",憎恨之靈．提爾尼（提尔内，憎恨者）,zh-CN
Time Freeze,时间冻结,zh-CN
Time Manipulation,時間操縱（操纵时光）,zh-CN
Time Rune,時間符文,zh-CN
Time Snap,時間短縮（时间捕捉）,zh-CN
Time of Need,紧急时刻,zh-CN
Time-Lost Diamond,時迭鑽石（失落的宝钻）,zh-CN
Time-Lost Emerald,時迭綠寶石（失落的翡翠）,zh-CN
Time-Lost Ruby,時迭紅寶石（失落的红玉）,zh-CN
Time-Lost Sapphire,時迭藍寶石（失落的蓝玉）,zh-CN
Timeless Jewel,永恒珠宝,zh-CN
Tireless,孜孜不倦（冷酷）,zh-CN
Titan,泰坦,zh-CN
Titan Mitts,泰坦長手套（泰坦护手）,zh-CN
Titan's Determination,泰坦決意（巨人的决意）,zh-CN
Titanic,泰坦意志,zh-CN
Titanrot Cataphract,泰坦腐化重騎兵（巨人灾星甲胄）,zh-CN
To the Strong Go the Spoils,強者獨得（强者得利）,zh-CN
Tolerant Equipment,容錯裝置（容错装备）,zh-CN
Tonal Focus,音调法器,zh-CN
"Tonqui, Seer of the Sun",烈日先知．桐桂（唐奎尔，烈阳先知）,zh-CN
Tools,工具,zh-CN
Topaz Charm,黃玉護符（黄玉咒符）,zh-CN
Topaz Ring,黄玉戒指,zh-CN
Topotante's Soul Core of Dampening,托波譚提的阻挫靈魂核心（托钵塔特的抑制灵核）,zh-CN
"Tor Gul, the Defiler",玷汙者托爾．谷爾（托古尔，污染者）,zh-CN
Torment Club,磨難棍棒（劫难战棒）,zh-CN
Torn Gloves,撕裂手套（破碎手套）,zh-CN
Tornado,龍捲風（龙卷旋风）,zh-CN
Tornado Shot,龙卷射击,zh-CN
Torrek of the Drowned Fleet,沉溺艦隊．托雷克（沉溺舰队的托雷克）,zh-CN
"Torvian, Hand of the Saviour",救贖者之手．托維安（托维安，救世主之手）,zh-CN
Total Incineration,散播火焰（全面焚化）,zh-CN
Totemic Greatclub,圖騰巨棍棒（图腾巨棍）,zh-CN
Totems,图腾,zh-CN
Touch the Arcane,秘能之觸（触染秘能）,zh-CN
Toughness,堅韌（韧性）,zh-CN
Towering Shield,高聳之盾（耸立坚盾）,zh-CN
Toxic Domain,毒素領域（毒性领域）,zh-CN
Toxic Growth,毒素植栽（剧毒增生）,zh-CN
Toxic Quiver,劇毒箭袋（淬毒箭袋）,zh-CN
Toxic Rune,毒素符文,zh-CN
Toxic Sludge,劇毒泥漿（猛毒污泥）,zh-CN
Toxic Tolerance,劇毒耐性（剧毒耐受）,zh-CN
Trail of Caltrops,蒺藜之徑（铁蒺藜之路）,zh-CN
Trail of Lightning,電痕（闪电之路）,zh-CN
Trailblazer Armour,开拓者护甲,zh-CN
Trained Deflection,受訓偏斜（受训偏转）,zh-CN
Trained Turrets,受訓哨戒塔（训练炮台）,zh-CN
Training and Preparation,訓練和準備（训练与准备）,zh-CN
Traits Foretold,預言之徵（预兆特质）,zh-CN
Trampletoe,踐踏之鞋（踏趾靴）,zh-CN
Transcendence,超凡脫俗（超然飞升）,zh-CN
Transcendent Alloy,超凡合金,zh-CN
Transcendent Arm,超凡之臂,zh-CN
Transcendent Leg,超凡之腿,zh-CN
Transcendent Life Flask,卓越生命藥劑（非凡生命药剂）,zh-CN
Transcendent Limb,超凡肢幹,zh-CN
Transcendent Mana Flask,卓越魔力藥劑（非凡魔力药剂）,zh-CN
Transcendent Progress,超凡进展,zh-CN
Transmutation Shard,蜕变石碎片,zh-CN
Trapped Subordinate,受困下屬（被困下属）,zh-CN
Trapper Hood,捕獵者之兜（猎人兜帽）,zh-CN
Traps,陷阱,zh-CN
Trarthan Cannon,特拉特斯巨砲（特拉珊火炮）,zh-CN
Travel,快行（旅行）,zh-CN
Travel Skills,快行技能（旅行技能）,zh-CN
Traveller's Wisdom,旅者的智慧（旅人的智慧）,zh-CN
Traveller's Woe,旅者之禮（旅者之灾）,zh-CN
Treasure Coves,藏寶峽灣（洞中宝库）,zh-CN
Treasured Blade,貴重刀刃（珍奇之刃）,zh-CN
Treefingers,樹木之指（树之指）,zh-CN
Treerunner Shoes,樹行者輕鞋（林奔者便鞋）,zh-CN
Tremors,威震（地震）,zh-CN
Trenches,壕溝（激战壕沟）,zh-CN
Trenchtimbre,壕溝之音（战壕砥柱）,zh-CN
Trephina,崔非那（穿洞奇械）,zh-CN
Trial Coins,試煉代幣（试炼硬币）,zh-CN
Trial of Chaos,終局混沌試煉,zh-CN
Trial of the Sekhema Keys,丝克玛试炼钥匙,zh-CN
Trial of the Sekhemas,絲克瑪試煉,zh-CN
Tribal Bow,部落弓（部族弓）,zh-CN
Tribal Fury,部落之怒,zh-CN
Tribal Mask,部落之面（部族之面）,zh-CN
Tribute to Utula,烏圖拉的貢禮（供奉尤图拉）,zh-CN
Trick Shot,花式射擊（诡射）,zh-CN
Trickster's Shard,欺詐者的碎片（欺诈者碎片）,zh-CN
Trigger,触发,zh-CN
Triggered Skills,触发技能,zh-CN
Trimmed Greaves,镶边胫甲,zh-CN
Trinity,三相（三位一体）,zh-CN
Triskelion Cascade,三曲爆發（三耀辉轮）,zh-CN
Triskelion's Light,三曲之光（三耀之火的光芒）,zh-CN
True Strike,真实之击,zh-CN
Trusted Kinship,可信之情（情比金坚）,zh-CN
Trusted Partner,值得信賴的盟友（患难之交）,zh-CN
Tukohama's Brew,圖克哈瑪之酒（图克哈玛的佳酿）,zh-CN
Tul's Avalanche,托沃的雪崩,zh-CN
Tul's Catalyst,托沃的催化劑（托沃催化剂）,zh-CN
Tul's Stillness,托沃的寧靜（托沃的寂静）,zh-CN
Tumult,动乱,zh-CN
Turn the Clock Back,時光倒流（时光倒转）,zh-CN
Turn the Clock Forward,時光前推（时光跃进）,zh-CN
Turning of the Seasons,季節循環（四季流转）,zh-CN
Turtle Charm,靈龜之符（灵龟护符）,zh-CN
Twice-Answered Prayers,再響禱言（两应祈祷）,zh-CN
Twig Circlet,嫩枝頭環（细枝头冠）,zh-CN
Twig Focus,枝条法器,zh-CN
Twilight Reliquary Key,黎明寶庫鑰匙（暮光圣物厅钥匙）,zh-CN
Twin Bow,双生之弓,zh-CN
Twin Crossbow,成雙十字弓（双生战弩）,zh-CN
Twin Flail,雙生鏈錘（双首连枷）,zh-CN
Twin Threats,雙重威脅（双生威胁）,zh-CN
Twinned Fruit,双生果实,zh-CN
Twisted Amulet,扭曲項鍊（畸变项链）,zh-CN
Twisted Empyrean,畸變星穹（扭曲天穹）,zh-CN
Twisted Pursuit,扭曲追擊（扭曲追逐）,zh-CN
Twisted Wand,扭曲法杖,zh-CN
Twister,旋龙,zh-CN
Two Hand Axes,双手斧,zh-CN
Two Hand Maces,双手锤,zh-CN
Two Hand Swords,双手剑,zh-CN
Two-Hander,双手,zh-CN
Two-Point Quiver,雙尖箭袋（双锋箭袋）,zh-CN
Two-Stone Ring,双玉戒指,zh-CN
"Tycho, the Black Praetor",暗黑執政官．泰科（泰柯，黑暗执政官）,zh-CN
Tyranny's Grip,暴政之握,zh-CN
Tzamoto's Soul Core of Ferocity,薩摩特的狂暴靈魂核心（提扎墨脱的狂暴灵核）,zh-CN
Uhtred's Augury,烏特雷的占卜術（乌崔德的占卜）,zh-CN
Uhtred's Chalice,烏特雷的聖杯（乌崔德圣杯）,zh-CN
Uhtred's Constellation,烏特雷的星座（乌崔德的星图）,zh-CN
Uhtred's Crest of the Chalice,烏特雷的聖杯之徽（乌崔德的圣杯徽记）,zh-CN
Uhtred's Exodus,烏特雷的出走（乌崔德的出走）,zh-CN
Uhtred's Omen,烏特雷的徵兆（乌崔德的预兆）,zh-CN
Uhtred's Rite,烏特雷的儀式（乌崔德仪式）,zh-CN
Uhtred's Saga,烏特雷的傳奇（乌崔德之传说）,zh-CN
Uhtred's Sidereus,烏特雷的星空（乌崔德的星辰）,zh-CN
"Uhtred, the Stardrinker",飲星者．烏特雷（乌崔德，吞星者）,zh-CN
Ulaman's Gaze,烏拉曼的邪眼（乌拉曼的凝视）,zh-CN
Ultimate Command,終極指令（极限掌控）,zh-CN
Ultimate Life Flask,终极生命药剂,zh-CN
Ultimate Mana Flask,终极魔力药剂,zh-CN
Ultra Greatsword,終極巨劍（超凡巨剑）,zh-CN
Umbilicus Immortalis,不朽系命,zh-CN
Umbral Gathering,幽影集結（暗影集会）,zh-CN
Umbral Souls,幽暗之魂（幽影灵魂）,zh-CN
Unabating,勢頭不減（不倦防护）,zh-CN
Unaffected,不受影响,zh-CN
Unarmed,空手（徒手）,zh-CN
Unarmed Attacks,空手攻擊（徒手攻击）,zh-CN
Unarmed Damage,空手傷害（徒手伤害）,zh-CN
Unbending,永不屈服（不屈之心）,zh-CN
Unbothering Cold,無礙嚴寒（无扰冰霜）,zh-CN
Unbound Avatar,無縛化身（不羁化身）,zh-CN
Unbound Encore,無縛安可（不羁再现）,zh-CN
Unbound Forces,無縛之力（无拘之力）,zh-CN
Unbound Fury,無縛之怒（不羁狂怒）,zh-CN
Unbound Potential,無縛潛能（潜能释放）,zh-CN
Unbreakable,堅不可破（不屈不破）,zh-CN
Unbreaking,堅不可摧（牢不可破）,zh-CN
Uncapped Resistance,未限抗性（绝对抗性）,zh-CN
Uncommon Alliances,非凡聯盟（罕见联盟）,zh-CN
Uncut Skill Gems,未切割的技能宝石,zh-CN
Uncut Spirit Gem,精魂寶石,zh-CN
Uncut Spirit Gems,未切割的精魂宝石,zh-CN
Uncut Support Gems,未切割的辅助宝石,zh-CN
Under Their Skin,皮膚之下（皮囊之下）,zh-CN
Undermine,破壞（暗中破坏）,zh-CN
Undying Hate,不朽恨意（不朽之恨）,zh-CN
Unearth,屍術矢（开掘）,zh-CN
Unerring Impact,精准冲击,zh-CN
Unerring Power,精準力量（精准之力）,zh-CN
Unexpected Finesse,出奇靈巧（意外灵巧）,zh-CN
Unfeeling,無感,zh-CN
Unfettered,無束,zh-CN
Unfiltered Brutality,纯粹残暴,zh-CN
Unforeseen Consequences,始料未及的後果（无常因果）,zh-CN
Unforgiving,嚴苛（愤火铭心）,zh-CN
Unfurled Finger,展露之指（伸展的手指）,zh-CN
Ungil's Harmony,恩吉尔的和谐,zh-CN
Unhindered,无阻畅行,zh-CN
Unholy Influence,邪穢影響（不洁影响）,zh-CN
Unholy Might,不洁之力,zh-CN
Unimpeded,畅通无阻,zh-CN
Union of Souls,聚魂,zh-CN
Unique Collection Tab,傳奇典藏倉庫頁,zh-CN
Unique Culture,传奇文化,zh-CN
Unique Map,传奇地图,zh-CN
Unleash,釋放（释出）,zh-CN
Unleash Fire,釋放火焰（火力倾泻）,zh-CN
Unleash Hell!,火力全開！（倾泻火力！）,zh-CN
Unlucky,不幸,zh-CN
Unmoving Craiceann,不動克雷肯（不移之肤）,zh-CN
Unnamed Heartwood,無名心木（未名心木）,zh-CN
Unnatural Instinct,神感（超自然本能）,zh-CN
Unnatural Resilience,超然韌性（超自然坚韧）,zh-CN
Unpredictable Production,不可預測的生產（莫测产出）,zh-CN
Unquenchable Iron,不滅之鐵（不泯坚铁）,zh-CN
Unravelling,收心（解析）,zh-CN
Unreal Potential,虛幻潛力（超凡潜能）,zh-CN
Unrestrained,无拘无束,zh-CN
Unrestrained Intellect,無縛智慧（无拘智慧）,zh-CN
Unseen Rivers,未見河流（隐秘之流）,zh-CN
Unset Ring,潜能之戒,zh-CN
Unsight,隱蔽（视若无睹）,zh-CN
Unspoken Bond,不可言喻的連結（情在不言中）,zh-CN
Unstable Bond,不穩定連結（动荡牵绊）,zh-CN
Unstable Desecration,不穩定的褻瀆（不稳定的渎灵）,zh-CN
Unsteady Tempo,不穩節奏（失衡节奏）,zh-CN
Unstoppable Barrier,無阻屏障（固若金汤）,zh-CN
Untainted Paradise,纯净乐园,zh-CN
Untether,解脫（Untether）,zh-CN
Untouchable,無法觸碰（不可触及）,zh-CN
Unwavering Stance,烈士意志,zh-CN
Unyielding,屹立不搖（不屈）,zh-CN
Upfront Costs,前期消耗（预支花费）,zh-CN
Upheaval I,動亂 I（剧变 I）,zh-CN
Upheaval II,動亂 II（剧变 II）,zh-CN
Upwelling I,升流 I,zh-CN
Upwelling II,湧升流 I（升流 II）,zh-CN
Urban Sprawl,城市蔓延（城市扩张）,zh-CN
Urgent Call,緊急呼喚（紧急呼喊）,zh-CN
Urgent Totems I,應急圖騰 I（紧急图腾 I）,zh-CN
Urgent Totems II,應急圖騰 II（紧急图腾 II）,zh-CN
Urgent Totems III,應急圖騰 III（紧急图腾 III）,zh-CN
Urn Relic,古甕聖物（壶瓮遗物）,zh-CN
Uromoti's Medallion,烏爾摩堤聖徽（武罗摩提的纹章）,zh-CN
Uromoti's Soul Core of Attenuation,烏爾摩堤的消減靈魂核心（武罗摩提的弱化灵核）,zh-CN
Uruk's Smelting,厄羅克的鍛鍊（厄罗克的熔炼术）,zh-CN
Utility Belt,實用腰帶（万用腰带）,zh-CN
Utility Flasks,功能药剂,zh-CN
Utility Ordnance,实用军械,zh-CN
Utility Wraps,實用裹手（万用裹手）,zh-CN
Utmost Offering,至高奉献,zh-CN
Utzaal Cuirass,奧札爾胸甲（乌扎尔胸甲）,zh-CN
Uul-Netol's Catalyst,烏爾尼多的催化劑（乌尔尼多催化剂）,zh-CN
Uul-Netol's Embrace,乌尔尼多的拥抱,zh-CN
"Uxmal, the Beastlord",獸王．烏克斯莫（乌索玛尔，猛兽之王）,zh-CN
Vaal,瓦尔,zh-CN
Vaal Arcanist's Infuser,瓦爾奧術師的灌注器（瓦尔秘术师注能装置）,zh-CN
Vaal Armourer's Infuser,瓦爾護甲鍛造師的灌注器（瓦尔护甲师注能装置）,zh-CN
Vaal Beacon,瓦爾烽塔（瓦尔灯塔）,zh-CN
Vaal Blacksmith's Infuser,瓦爾鐵匠的灌注器（瓦尔铁匠注能装置）,zh-CN
Vaal Catalysing Infuser,瓦爾催化灌注器（瓦尔催化注能装置）,zh-CN
Vaal City,瓦爾古城（瓦尔城市）,zh-CN
Vaal Crest Shield,瓦尔纹章盾,zh-CN
Vaal Cuirass,瓦尔胸甲,zh-CN
Vaal Cultivation Orb,瓦爾栽培寶珠（瓦尔培育宝珠）,zh-CN
Vaal Gloves,瓦尔手套,zh-CN
Vaal Greaves,瓦尔胫甲,zh-CN
Vaal Mitts,瓦爾長手套（瓦尔护手）,zh-CN
Vaal Orb,瓦尔宝珠,zh-CN
Vaal Pact,瓦尔冥约,zh-CN
Vaal Ruins,瓦尔遗迹,zh-CN
Vaal Siphoner,瓦爾汲取者（瓦尔虹吸者）,zh-CN
Vaal Tower Shield,瓦尔塔盾,zh-CN
Vaal Village,瓦爾村莊（瓦尔村落）,zh-CN
Vaal Wraps,瓦尔裹手,zh-CN
Vagabond Armour,流浪者護甲（漂泊者护甲）,zh-CN
Valako's Charge,瓦拉庫的衝鋒（瓦拉克怒冲）,zh-CN
Valako's Roar,瓦拉庫之吼（瓦拉克怒吼）,zh-CN
Valako's Vice,瓦拉庫之惡（瓦拉库的离奇）,zh-CN
Vale Dweller,谷地棲息者（幽谷栖客）,zh-CN
Vale Shelter,谷地庇護（遮风避雨）,zh-CN
Valour,勇氣（胆魄）,zh-CN
Valuable Paths,珍奇路徑（珍贵路径）,zh-CN
Vampiric Blade,嗜血之刃（喋血之刃）,zh-CN
"Vandroth, Blackblooded Enslaver",黑血奴役者．凡德羅斯（范德洛思，黑血奴主）,zh-CN
Vanguard I,無懼先鋒 I（先锋 I）,zh-CN
Vanguard II,無懼先鋒 II（先锋 II）,zh-CN
Varashta's Blessing,瓦拉什塔的祝福（瓦拉煞的祝福）,zh-CN
Varashta's Intuition,瓦拉什塔的直覺（瓦拉煞的直觉）,zh-CN
"Varloch, the Ashen Lord",灰燼領主．瓦爾洛奇（瓦洛克，灰烬领主）,zh-CN
Varnished Crossbow,亮漆十字弓（浸漆战弩）,zh-CN
Vase Relic,器皿聖物（花瓶遗物）,zh-CN
"Vastweld, the Colossal Guardian",巨型守衛者．瓦斯威德（瓦斯韦德，巨像守护者）,zh-CN
Vault Keys,遺鑰（宝库钥匙）,zh-CN
Vaulting Impact,跳躍衝擊（跳跃撞击）,zh-CN
Vaults of Kamasa,卡瑪薩秘寶庫（卡马萨的宝库）,zh-CN
Veil of the Night,夜幕,zh-CN
Veiled Mask,隱匿之面（蒙纱之面）,zh-CN
Veilpiercer,破帷者（破幕者）,zh-CN
Velour Shoes,絲絨輕鞋（鹅绒便鞋）,zh-CN
Velvet Cap,天鵝絨便帽（丝绒帽）,zh-CN
Venerable Defender,古老護衛盾（庄严护卫）,zh-CN
Venerable Starlit Ore,古老星耀礦石（庄严星辉矿石）,zh-CN
Vengeance,复仇,zh-CN
Vengeful Bones,复仇之骨,zh-CN
Vengeful Chase,復仇追蹤（复仇追逐）,zh-CN
Vengeful Fury,复仇之怒,zh-CN
Vengeful Skyfire,復仇天火（复仇火雨）,zh-CN
Vengeful Soul,复仇之魂,zh-CN
Venopuncture,脈絡針刺（静脉穿刺）,zh-CN
Ventor's Contraption,芬多的裝置（芬多的奇异箱）,zh-CN
Ventor's Gamble,赌神芬多,zh-CN
Verdant Growth,蒼翠生長（翠绿生长）,zh-CN
Verglas,冰淞（雨淞）,zh-CN
Veridical Chain,幻象鎖鏈（真相之链）,zh-CN
Veridical Starlit Ore,真切星耀礦石（真实星辉矿石）,zh-CN
Verisium,維里西姆（维金）,zh-CN
Verisium Infusion,維里西姆灌注（维金灌注）,zh-CN
Verisium Manifestations,維里西姆顯化（维金化形）,zh-CN
Verisium Remnant,維里西姆遺物（维金残片）,zh-CN
Verisium Sentry,維里西姆守望,zh-CN
Vermeil Circlet,鍍金頭環（朱砂头冠）,zh-CN
Versatile Arms,萬能雙手（全能神兵）,zh-CN
Version 0.1.1,改版資訊 0.1.1,zh-CN
Version 0.2.0f,版本 0.2.0f,zh-CN
Version 0.2.1,版本 0.2.1,zh-CN
Version 0.4.0,版本 0.4.0,zh-CN
Version 0.4.0b,版本更新 0.4.0b,zh-CN
Version 0.4.0c,版本更新 0.4.0c,zh-CN
Version 0.5.0,版本 0.5.0,zh-CN
Version 0.5.5,版本 0.5.5 禁忌儀式活動聯盟,zh-CN
Vessel of Kulemak,骷髏馬克的容器（库勒马克之躯）,zh-CN
Vestige of Darkness,幽暗殘餘（黑暗残迹）,zh-CN
Veteran Sabatons,老兵鎧靴（老兵战靴）,zh-CN
"Veynar, the Frostbane",霜禍．維納（维纳尔，霜祸）,zh-CN
Vicious Talisman,惡毒魔符（凶恶魔符）,zh-CN
Viciousness,狠毒（穷凶极恶）,zh-CN
Victorious Fate,勝利之運（胜利的命运）,zh-CN
Vigilance,警覺（警戒）,zh-CN
Vigilant View,警戒之視（警戒凝视）,zh-CN
Vigorous Remnants,蓬勃痕跡（活力残片）,zh-CN
Vile Greataxe,邪惡巨斧（厄难大斧）,zh-CN
Vile Mending,惡毒療癒（邪恶愈合）,zh-CN
Vile Robe,惡毒長袍（邪恶束衣）,zh-CN
Vile Treasures,卑劣珍寶（污秽宝藏）,zh-CN
Vile Wounds,惡性創傷（恶毒创伤）,zh-CN
Vilenta's Propulsion,范尼達的奮進（薇伦塔之推进）,zh-CN
Vine Arrow,藤蔓箭矢（藤缠箭）,zh-CN
Viper Cap,毒蛇便帽（毒蝰帽）,zh-CN
Viper Napuatzi,邪魔毒蛇．納普阿茲（蝰蛇娜帕齐）,zh-CN
Viridi's Sacrifice,维里迪的牺牲,zh-CN
Virtue Gem Surgery,古靈寶石手術（美德手术）,zh-CN
Virtueless,品德缺失（恶贯满盈）,zh-CN
Virtuous Barrier,高尚禦盾（美德壁垒）,zh-CN
Vis Mortis,兀鸣,zh-CN
Visage of Ayah,艾雅面紗（阿雅的面目）,zh-CN
Visceral Quiver,內臟箭袋（贯心箭袋）,zh-CN
Vision Rune,遠見符文（幻象符文）,zh-CN
Visions of Paradise,天堂異象（乐园幻象）,zh-CN
Visored Helm,假面之盔（护面之盔）,zh-CN
Vitalic Ring,維生之戒（活力戒指）,zh-CN
Vitality I,活力 I,zh-CN
Vitality II,活力 II,zh-CN
Vitality Siphon,活力虹吸,zh-CN
Vivid Spirit,靈現魂靈（活性鬼灵）,zh-CN
Vivid Stampede,靈現奔竄（雄鹿践踏）,zh-CN
Vocal Empowerment,聲音賦予（言出力随）,zh-CN
Voices,嗓音（天神之音）,zh-CN
Void,虚空,zh-CN
Void Flux,虛空熔劑（虚空溶剂）,zh-CN
Void Illusion,虚空幻影,zh-CN
Volant Quiver,速射箭袋（飞矢箭袋）,zh-CN
Volatile Catalyst,易爆催化劑（动荡催化剂）,zh-CN
Volatile Crag,易爆燃彈（无常碎岩）,zh-CN
Volatile Crystals,易爆水晶（无常水晶）,zh-CN
Volatile Dead,致命之息（灵体火球）,zh-CN
Volatile Grenades,易爆擲彈（动荡榴弹）,zh-CN
Volatile Plants,易爆植物（无常植物）,zh-CN
Volatile Power,不稳定的力量,zh-CN
Volatile Wand,失衡法杖（易变法杖）,zh-CN
Volatiles,易爆物,zh-CN
Volatility,易爆（无常）,zh-CN
Volcanic Eruption,火山迸發（熔火喷发）,zh-CN
Volcanic Fissure,炎火脈動（火山裂缝）,zh-CN
Volcanic Skin,火山皮膚（熔火皮肤）,zh-CN
Volcano,火山,zh-CN
"Volkhar, the Emberborn",燼裔．沃克哈爾（余烬之子沃卡）,zh-CN
Voll's Coup,福爾的妙計（福尔的政变）,zh-CN
Voll's Protection,福爾的守護（福尔的庇护）,zh-CN
Voll's Protector,福尔的战铠,zh-CN
Volt,電壓（电伏积聚）,zh-CN
Voltaic Barrier,伏打電盾（电能屏障）,zh-CN
Voltaic Grenade,電流擲彈（电涌榴弹）,zh-CN
Voltaic Mark,電流印記（流电印记）,zh-CN
Voltaic Staff,電流長杖（雷霆长杖）,zh-CN
Voltaxic Rift,魔暴之痕,zh-CN
Voltfang Talisman,伏特之牙魔符（电牙魔符）,zh-CN
Voodoo Focus,巫毒法器,zh-CN
Voracious,貪婪（欲壑难填）,zh-CN
Vorana's Carnage,沃拉娜的殘殺（沃拉娜的屠戮）,zh-CN
Vorana's Crest of the Scythe,沃拉娜的鐮刀之徽（沃拉娜的镰刀徽记）,zh-CN
Vorana's Fury,沃拉娜之怒,zh-CN
Vorana's Saga,沃拉娜的傳奇（沃拉娜之传说）,zh-CN
Vorana's Siege,沃拉娜的圍攻（沃拉娜的围城）,zh-CN
"Vorana, Last to Fall",最後生還．沃拉娜（沃拉娜，死战者）,zh-CN
"Vornas, the Fell Flame",墮炎．沃納斯（沃纳斯，堕落烈焰）,zh-CN
"Vorrik, The Infernal Engineer",煉獄工程師．沃黎克（沃里克，火域工程师）,zh-CN
Votive Raiment,還願之衣（奉愿之衣）,zh-CN
Vruun's Aftermath,弗伦的余波,zh-CN
Vruun's Inevitability,弗伦的必然,zh-CN
Vulgar Methods,卑鄙手段（粗俗手段）,zh-CN
Vulnerability,脆弱,zh-CN
Waistgate,腰閥（腰际之门）,zh-CN
Wake of Destruction,覆灭之兆,zh-CN
Waking Dream,夢醒（好奇的炼金师）,zh-CN
Waking Nightmare,清醒梦魇,zh-CN
Walking Calamity,行走災厄（灾厄行者）,zh-CN
Wanderer Armour,漫遊者護甲（流浪者护甲）,zh-CN
Wanderer Shoes,漫遊者輕鞋（游荡者便鞋）,zh-CN
Wandering Reliquary,流浪寶庫（流浪圣柜）,zh-CN
Wandering Trader,流浪商人（流浪的商人）,zh-CN
Wanderlust,苦行之履,zh-CN
Wands,法杖,zh-CN
Waning Hindrances,衰退阻礙（衰落妨碍）,zh-CN
War Banner,戰爭之旗（战旗）,zh-CN
War Games,戰爭遊戲（演习）,zh-CN
War Spear,戰爭長矛（历战长矛）,zh-CN
War Tactics,戰爭策略（战争军略）,zh-CN
War Wraps,战争裹手,zh-CN
War of Attrition,消耗戰,zh-CN
Warbringer,战争使者,zh-CN
Warcaller's Bellow,戰爭之哮（战争司号的呐喊）,zh-CN
Warcries,战吼,zh-CN
Ward Rune,保護符文（结界符文）,zh-CN
Wardbound Minions,戰縛召喚物（结界仆从）,zh-CN
Warded Helm,保衛之盔（掩蔽头盔）,zh-CN
Warden Bow,守護者之弓（监守弓）,zh-CN
Warding Fetish,守護神器（御敌神像）,zh-CN
Warding Potions,守護藥劑（御敌药水）,zh-CN
Warding Quarterstaff,庇護細杖（守护节杖）,zh-CN
Warding Rune of Annihilation,殲滅保護符文（湮灭之结界符文）,zh-CN
Warding Rune of Armature,鎧甲保護符文（电枢之结界符文）,zh-CN
Warding Rune of Bodyguards,護衛保護符文（护卫之结界符文）,zh-CN
Warding Rune of Courage,勇氣保護符文（勇气之结界符文）,zh-CN
Warding Rune of Desperation,絕望保護符文（迫急之结界符文）,zh-CN
Warding Rune of Disintegration,崩解保護符文（瓦解之结界符文）,zh-CN
Warding Rune of Equinox,均衡保護符文（分点之结界符文）,zh-CN
Warding Rune of Glancing,斜擦保護符文（瞥视之结界符文）,zh-CN
Warding Rune of Heart,心源保護符文（心脏之结界符文）,zh-CN
Warding Rune of Hollowing,空蝕保護符文（虚化之结界符文）,zh-CN
Warding Rune of Nourishment,滋養保護符文（滋养之结界符文）,zh-CN
Warding Rune of Obsession,執念保護符文（痴迷之结界符文）,zh-CN
Warding Rune of Protection,護佑保護符文（保护之结界符文）,zh-CN
Warding Rune of Reinforcement,增援保護符文（巩固之结界符文）,zh-CN
Warding Rune of Salvaging,救援保護符文（回收之结界符文）,zh-CN
Warding Rune of Stability,穩定保護符文（稳定之结界符文）,zh-CN
Warding Rune of Symbiosis,共生保護符文（共生之结界符文）,zh-CN
Warding Starlit Ore,庇護星耀礦石（守护星辉矿石）,zh-CN
Warlock Leggings,术士护腿,zh-CN
Warlord Berserker,總督軍暴徒（督军狂战士）,zh-CN
Warlord Cuirass,總督胸甲（督军胸甲）,zh-CN
Warlord Leader,總督軍領袖（督军领袖）,zh-CN
Warlord's Vendetta,軍閥的復仇（军阀世仇）,zh-CN
Warm Blooded,滿腔熱血（温热血脉）,zh-CN
Warm the Heart,暖心（温暖心扉）,zh-CN
Warmonger Bow,狂戰者之弓（寻战之弓）,zh-CN
Warmonger Greathelm,狂戰者巨盔（好战者巨盔）,zh-CN
Warpick,戰鎬,zh-CN
Warring Survivors,交戰生還者（争战幸存者）,zh-CN
Warrior,战士,zh-CN
Warrior Greathelm,战士巨盔,zh-CN
Wary Dodging,警覺躲避（谨慎闪躲）,zh-CN
Wasting,虛耗（损耗）,zh-CN
Wasting Casts,懸念（凋零咏唱）,zh-CN
Wasting Touch,糜爛之觸（废败之触）,zh-CN
Watch How I Do It,看看我怎麼辦事的（给我学着点）,zh-CN
Watchtowers,看守塔（守望之塔）,zh-CN
Water Mastery,水域精通（水域专精）,zh-CN
Waters of Life,生命之水,zh-CN
Wave of Frost,寒冰波（寒霜浪涌）,zh-CN
Waveshaper,浪湧塑形器（塑成惊涛）,zh-CN
Waxed Jacket,打蠟外衣（防水外衣）,zh-CN
Waxing Quarterstaff,白蠟細杖（蜡饰节杖）,zh-CN
Way of the Mountain,山巒之道（高山之道）,zh-CN
Way of the Stonefist,石拳之道,zh-CN
Wayfarer Jacket,旅人外衣（远行者外衣）,zh-CN
Wayfarer Shoes,旅行者輕鞋（远行者便鞋）,zh-CN
Waypoints,传送点,zh-CN
Waystone,換界石（引路石）,zh-CN
Waystone (Tier 1),換界石（階級 1）（引路石（ 1 阶））,zh-CN
Waystone (Tier 10),換界石（階級 10）（引路石（ 10 阶））,zh-CN
Waystone (Tier 11),換界石（階級 11）（引路石（ 11 阶））,zh-CN
Waystone (Tier 12),換界石（階級 12）（引路石（ 12 阶））,zh-CN
Waystone (Tier 13),換界石（階級 13）（引路石（ 13 阶））,zh-CN
Waystone (Tier 14),換界石（階級 14）（引路石（ 14 阶））,zh-CN
Waystone (Tier 15),換界石（階級 15）（引路石（ 15 阶））,zh-CN
Waystone (Tier 16),換界石（階級 16）（引路石（ 16 阶））,zh-CN
Waystone (Tier 2),換界石（階級 2）（引路石（ 2 阶））,zh-CN
Waystone (Tier 3),換界石（階級 3）（引路石（ 3 阶））,zh-CN
Waystone (Tier 4),換界石（階級 4）（引路石（ 4 阶））,zh-CN
Waystone (Tier 5),換界石（階級 5）（引路石（ 5 阶））,zh-CN
Waystone (Tier 6),換界石（階級 6）（引路石（ 6 阶））,zh-CN
Waystone (Tier 7),換界石（階級 7）（引路石（ 7 阶））,zh-CN
Waystone (Tier 8),換界石（階級 8）（引路石（ 8 阶））,zh-CN
Waystone (Tier 9),換界石（階級 9）（引路石（ 9 阶））,zh-CN
Waystone Tier Progression,換界石階級進度（引路石进阶）,zh-CN
Wayward Crest Shield,剛愎紋章盾（无定纹章盾）,zh-CN
Wayward Isle,無常之島（遁世小岛）,zh-CN
Wealthy Exiles,富有流亡者（富有流放者）,zh-CN
Weapon Master,武器大师,zh-CN
Weapon Set Passive Skill Points,武器套裝天賦點（武器组天赋点）,zh-CN
Weapon Sets,武器套裝（武器组）,zh-CN
Weathered Crisis Fragment,風化危機碎片（风蚀危机碎片）,zh-CN
Weaver Leggings,編織者護腿（织履绑腿）,zh-CN
Weightings,比重,zh-CN
Well of Power,力量之井（魔力之井）,zh-CN
Well-equipped Opponents,裝備精良的對手（精良对手）,zh-CN
Wells,水井,zh-CN
Wellspring,泉源（灵如泉涌）,zh-CN
Werewolf,狼人,zh-CN
Werewolf Form,狼人型態（狼人形态）,zh-CN
Western Enigma Chamber,西側謎團密室（西方谜题大厅）,zh-CN
Western Gateway,西側閘門（西方通道）,zh-CN
Wetlands,湿地,zh-CN
Whimpering Echos,哀鳴迴響（呜咽回声）,zh-CN
Whirling Assault,迴旋擊（旋风击）,zh-CN
Whirling Onslaught,迴旋猛攻（旋风猛攻）,zh-CN
Whirling Slash,迴旋斬（回旋挥斩）,zh-CN
Whirlwind Lance,旋風之槍（旋风投枪）,zh-CN
Whirlwinds,旋风,zh-CN
Whisper of the Brotherhood,意志低語（兄弟会的耳语）,zh-CN
Whispers of Doom,灭世之语,zh-CN
Whispers of the Flesh,血肉低語（血肉私语）,zh-CN
Whispers of the Waving Grains,麥浪低語（摇曳谷物的低语）,zh-CN
Whoever Pays Best,待價而沽（价高者得）,zh-CN
Whorl Focus,螺旋法器（涡旋法器）,zh-CN
Wicker Tiara,枝條頭冠（柳枝冠冕）,zh-CN
Wide Barrier,廣域壁壘（宽广屏障）,zh-CN
Wide Belt,宽大腰带,zh-CN
Widespread Coverage,廣域覆蓋（广泛覆盖）,zh-CN
Widow's Reign,寡婦統治（寡妇的统治）,zh-CN
Widowhail,鰥寡之托（遗孀之雹）,zh-CN
Wild Growth,瘋狂增生（野蛮生长）,zh-CN
Wild Protector,荒野守護（野性守护）,zh-CN
Wild Spirit,野性魂靈（狂野鬼灵）,zh-CN
Wild Storm,狂野風暴（不羁雷暴）,zh-CN
Wildfire,燐火（野火）,zh-CN
Wildshards I,野性碎片 I（狂野碎片 I）,zh-CN
Wildshards II,野性碎片 II（狂野碎片 II）,zh-CN
Wildsurge Incantation,荒野湧浪咒（野性涌动咒言）,zh-CN
Wildwood Persistence,荒林堅毅（荒林的韧性）,zh-CN
Wildwood Talisman,荒林魔符,zh-CN
Wildwood Wisp,荒林妖精（荒林鬼灵）,zh-CN
Wildwood's Gifts,荒林禮贈（荒林之赐）,zh-CN
Willow,垂柳（柳木密林）,zh-CN
Wind,疾風（风系）,zh-CN
Wind Blast,破風爆裂（迅风爆）,zh-CN
Wind Dancer,風魔舞者（风舞者）,zh-CN
Wind Serpent's Fury,勁風蝮蛇之怒（腾蛇之怒）,zh-CN
Wind Skills,疾風技能（风系技能）,zh-CN
Wind Wave,疾風之波（劲风波）,zh-CN
Window of Opportunity I,機會之窗 I（大好时机 I）,zh-CN
Window of Opportunity II,機會之窗 II（大好时机 II）,zh-CN
Window to Paradise,通往天堂之窗（乐土之窗）,zh-CN
Windscream,恶风足迹,zh-CN
Wing Blast,翅翼猛襲（烈风吹袭）,zh-CN
Winged Spear,羽翅長矛（飞翼长矛）,zh-CN
Wings of Caelyn,凱林之翼（凯琳飞翼）,zh-CN
Winter Forest,寒冬之林（冬日寒林）,zh-CN
Wisdom Rune,智慧符文,zh-CN
Wisdom of the Maji,聖賢智慧（众神之智）,zh-CN
Witch,女巫,zh-CN
Witchbane,女巫殺手（女巫克星）,zh-CN
Witchhunter,女巫獵人（猎巫人）,zh-CN
With Eyes Open,睜大雙眼（天眼开）,zh-CN
Wither,死亡凋零,zh-CN
Wither Away,枯萎（凋谢）,zh-CN
Withered,凋零（死亡凋零）,zh-CN
Withered Wand,凋零法杖,zh-CN
Withering Ground,凋零地面,zh-CN
Withering Presence,凋零光環（凋零姿态）,zh-CN
Withering Touch,凋零之触,zh-CN
Wolf Idol,野狼魔偶（恶狼雕像）,zh-CN
Wolf Pack,召喚惡狼（狼群）,zh-CN
Wolf's Howl,狼嚎（狼之长嚎）,zh-CN
Wolfskin Mantle,狼皮披肩（狼皮斗篷）,zh-CN
Wombgifts,胎贈（孕育赠礼）,zh-CN
Wondertrap,回光之迹,zh-CN
Wooden Buckler,木頭輕盾（木制轻盾）,zh-CN
Wooden Club,木製棍棒（木棒）,zh-CN
Wooden Wall,堅木之壘（木垒高筑）,zh-CN
Woodland,木林（葱郁林荫）,zh-CN
Woodland Aspect,木林祝福（深林守护）,zh-CN
Wool Cap,羊毛便帽（羊毛帽）,zh-CN
Worthy Hunter,配得上的獵人（称职猎手）,zh-CN
Worthy Tithes,值得的稅負（价值供奉）,zh-CN
Woven Cap,編織便帽（编织帽）,zh-CN
Woven Focus,編織法器（织造法器）,zh-CN
Wraeclast Besieged,被圍攻的瓦爾克拉斯（围困瓦尔克拉斯）,zh-CN
Wrapped Cap,纏繞便帽（包裹帽）,zh-CN
Wrapped Greathelm,纏繞巨盔（裹布巨盔）,zh-CN
Wrapped Quarterstaff,纏繞細杖（裹布节杖）,zh-CN
Wrapped Quiver,纏繞箭袋（封装箭袋）,zh-CN
Wrapped Sandals,裹腳便鞋（裹布鞋履）,zh-CN
Wrapped in Dread,恐懼壟罩（恐惧缠绕）,zh-CN
Wrath Sceptre,暴怒權杖（愤怒权杖）,zh-CN
Wreath Focus,花环法器,zh-CN
Wrest Control,強奪控制（争夺掌控权）,zh-CN
Wulfsbane,狼之禍（伍夫之难）,zh-CN
Wyrm Quarterstaff,蠕蟲細杖（腾龙节杖）,zh-CN
Wyrmscale Coat,龍鱗外套（巨龙鳞外套）,zh-CN
Wyvern,龍,zh-CN
Wyvern Form,飛龍型態（双足飞龙形态）,zh-CN
Wyvern's Breath,飛龍之息（飞龙吐息）,zh-CN
Xesht's Fervour,烈許的熱忱（薛斯的狂热）,zh-CN
Xesht's Reliquary Key,烈許的寶庫鑰匙（薛斯的圣物厅钥匙）,zh-CN
"Xesht, We That Are One",萬眾歸一．烈許（薛斯，万魔一体）,zh-CN
Xibaqua's Rending,賽巴昆的撕裂（夏巴夸亚的撕裂）,zh-CN
Xipocado's Machinations,賽匹卡托的機謀（夏波卡多的阴谋）,zh-CN
Xipocado's Soul Core of Dominion,賽匹卡托的支配靈魂核心（夏波卡多的统御灵核）,zh-CN
"Xipocado, Royal Architect",皇家建築師．賽匹卡托（夏波卡多，皇家建筑师）,zh-CN
Xopec's Medallion,柔派克聖徽（肖佩克的纹章）,zh-CN
Xopec's Soul Core of Power,柔派克的力量靈魂核心（肖佩克的力量灵核）,zh-CN
Xoph's Blood,索伏之血,zh-CN
Xoph's Catalyst,索伏的催化劑（索伏催化剂）,zh-CN
Xoph's Pyre,索伏的燃焰（索伏的葬火）,zh-CN
"Xyclucian, the Chimera",龍蜥．欽路錫安（奇美拉赛克鲁西安）,zh-CN
Yama The White,白之亞瑪（白之雅玛）,zh-CN
Yaomac's Orb of Sacrifice,堯馬克奉獻寶珠（残暴献祭宝珠）,zh-CN
"Yaota, the Loathsome",憎惡者．亞歐塔（夭尔塔，可憎之女）,zh-CN
Yoke of Suffering,磨難之軛（苦难羁绊）,zh-CN
You can't just wake up from this one.,你不能就這樣醒來。（苏醒也无法逃离这梦魇。）,zh-CN
You can't scare me anymore!,你再也嚇不到我了！（你再也吓不倒我了！）,zh-CN
You thought you were free?,你以為你自由了嗎？（你真觉得你自由了？）,zh-CN
Yriel's Fostering,伊瑞的栽培（伊瑞的精通）,zh-CN
"Ytzara, Blood Oracle",鮮血先知．伊查拉（伊察拉，鲜血神谕者）,zh-CN
Yugul's Orb of Sacrifice,伊果奉獻寶珠（皇家献祭宝珠）,zh-CN
"Zahmir, the Blade Sovereign",刀鋒之主．札米爾（扎米尔，刀锋之主）,zh-CN
Zaida's Longevity,扎伊達的長壽（寨达的长寿）,zh-CN
Zalatl's Soul Core of Insulation,札爾特的絕緣靈魂核心（扎拉迪的绝缘灵核）,zh-CN
"Zalmarath, the Colossus",巨像．札爾瑪拉斯（扎尔马拉斯，神威巨像）,zh-CN
Zantipi's Medallion,善堤比聖徽（赞提佩的纹章）,zh-CN
"Zar Wali, the Bone Tyrant",骨之暴君．札瓦里（扎瓦里，高塔暴君）,zh-CN
Zarokh's Gift,澤洛克之贈（扎洛卡之赠）,zh-CN
Zarokh's Refrain,澤洛克的克制（扎洛卡的克制）,zh-CN
Zarokh's Reliquary Key: Against the Darkness,澤洛克的寶庫鑰匙：力抗黑暗（扎洛卡的圣物厅钥匙：抗衡黑暗）,zh-CN
Zarokh's Reliquary Key: Blessed Bonds,澤洛克的寶庫鑰匙：祝福之絆（扎洛卡的圣物厅钥匙：蒙福的羁绊）,zh-CN
Zarokh's Reliquary Key: Sandstorm Visage,澤洛克的寶庫鑰匙：沙瀑面紗（扎洛卡的圣物厅钥匙：禁域面容）,zh-CN
Zarokh's Reliquary Key: Sekhema's Resolve,澤洛克的寶庫鑰匙：絲克瑪的決意（扎洛卡的圣物厅钥匙：丝克玛的决心）,zh-CN
Zarokh's Reliquary Key: Temporalis,澤洛克的寶庫鑰匙：時空之物（扎洛卡的圣物厅钥匙：时空之肌）,zh-CN
Zarokh's Revolt,澤洛克的反叛（扎洛卡的反叛）,zh-CN
"Zarokh, the Temporal",時空之靈．澤洛克（扎洛卡，时空之灵）,zh-CN
Zealot,狂熱（狂热者）,zh-CN
Zealot Bow,狂熱者之弓（狂热弓）,zh-CN
Zealot Crown,狂熱之冠（狂热者王冠）,zh-CN
Zealot Gauntlets,狂熱護手（狂热者手套）,zh-CN
Zealot Greathammer,狂熱巨錘（狂热大锤）,zh-CN
Zealot's Oath,狂熱者的誓言（狂热者誓言）,zh-CN
Zealous Inquisition,狂熱裁決（狂热审讯）,zh-CN
"Zekoa, the Headcrusher",碎顱者．澤寇亞（泽廓尔，碾压者）,zh-CN
"Zelina, Blood Priestess",鮮血女祭司．澤莉娜（泽琳娜，鲜血女祭）,zh-CN
Zenith I,極盛 I（天顶 I）,zh-CN
Zenith II,極盛 II（天顶 II）,zh-CN
Zerphi's Genesis,澤佛伊的創世紀（泽佛伊的本源）,zh-CN
Zerphi's Infamy,泽佛伊的恶名,zh-CN
Zerphi's Serape,澤菲披肩（泽佛伊的毛披肩）,zh-CN
"Zicoatl, Warden of the Core",核心守衛．茲科亞特（吉柯塔尔，护核卫士）,zh-CN
"Zolin, Blood Priest",鮮血祭司．佐林（佐林，鲜血祭司）,zh-CN
Zone of Control,區域控制（封锁区域）,zh-CN
