source,target,tgt_lng
0.1.1e 更新檔說明,0.1.1e Patch Notes,en
0.1.1f 更新檔說明,0.1.1f Patch Notes,en
0.2.0d 更新檔說明,0.2.0d Patch Notes,en
0.2.0g 更新檔說明,0.2.0g Patch Notes,en
0.3.0c 更新檔說明,0.3.0c Patch Notes,en
0.3.1 更新檔說明,0.3.1 Patch Notes,en
0.4.0d 更新檔說明,0.4.0d Patch Notes,en
0.4.0e 更新檔說明,0.4.0e Patch Notes,en
0.5.1 版本更新公告,0.5.1 Patch Notes,en
0.5.2 版本更新公告,0.5.2 Patch Notes,en
0.5.4 版本更新公告,0.5.4 Patch Notes,en
Character level skill scaling 角色等級技能範圍,Perfect Jeweller's Orb,en
……並免我於傷痛,...and Protect me from Harm,en
……並驅散於長風之中,...and Scatter Them to the Winds,en
……而我將怒號,...and I Shall Rage,en
一击中的,Clean Shot,en
一心多用,Multitasking,en
一步之遥,Close Confines,en
一步登天,The Master,en
一生之友,Lifelong Friend,en
一箭穿心,Pierce the Heart,en
一臂之隔,Arms Length,en
一起上吧,Pile On,en
七伤破,Boneshatter,en
万事通,Jack of all Trades,en
万古污染,Eons of Contamination,en
万古统治,Eons of Domination,en
万径归流,Converging Paths,en
万灵召唤,Call of the Spirit,en
万用腰带,Utility Belt,en
万用裹手,Utility Wraps,en
万神殿之魂,Pantheon Souls,en
万里晴空,Clear Skies,en
三位一体,Trinity,en
三曲之光,Triskelion's Light,en
三曲爆發,Triskelion Cascade,en
三相,Trinity,en
三相戒指,Prismatic Ring,en
三相符文,Prismatic Rune,en
三级血祸碎片,Tertiary Calamity Fragment,en
三耀之火的光芒,Triskelion's Light,en
三耀辉轮,Triskelion Cascade,en
三龙战纪,The Three Dragons,en
上古堡垒,Fortress,en
上古巨剑,Ancient Greatblade,en
上古神盾,Ancient Aegis,en
上古邪术,Ancient Hex,en
上油外衣,Oiled Jacket,en
上限,Limit,en
不倦防护,Unabating,en
不再哀悼,Lament No More,en
不净,Impurity,en
不动如山,Dauntless,en
不動克雷肯,Unmoving Craiceann,en
不受影响,Unaffected,en
不可叠加效果,Non-Stacking Effects,en
不可知論,The Agnostic,en
不可移动,Immobilised,en
不可触及,Untouchable,en
不可言喻的連結,Unspoken Bond,en
不可逃脫之凍寒,Inescapable Cold,en
不可避免,Inevitability,en
不可預測的生產,Unpredictable Production,en
不完美献祭,Imperfect Sacrifice,en
不屈,Unyielding,en
不屈不破,Unbreakable,en
不屑凝视,Derogatory Gaze,en
不幸,Unlucky,en
不念荣辱,Honourless,en
不息强风,Constant Gale,en
不惧疼痛,Feel no Pain,en
不敗亡者,Morior Invictus,en
不敬 I,Profanity I,en
不敬 II,Profanity II,en
不敬之礼,Profane Ritual,en
不斷爭吵,Incessant Cacophony,en
不易死亡,Hard to Kill,en
不朽之恨,Undying Hate,en
不朽恨意,Undying Hate,en
不朽惡名,Immortal Infamy,en
不朽渴望,Immortal Thirst,en
不朽系命,Umbilicus Immortalis,en
不朽英名,Immortal Infamy,en
不朽野望,Immortal Ambition,en
不死之影,Shadow of Undeath,en
不泯坚铁,Unquenchable Iron,en
不洁之力,Unholy Might,en
不洁召唤,Carrion Call,en
不洁影响,Unholy Influence,en
不流血者,Bloodless,en
不滅之鐵,Unquenchable Iron,en
不灭之躯,Hard to Kill,en
不痛不癢,Feel no Pain,en
不破之壳,Impenetrable Shell,en
不祥珠寶插槽,Sinister Jewel Sockets,en
不移之肤,Unmoving Craiceann,en
不稳定的力量,Volatile Power,en
不稳定的渎灵,Unstable Desecration,en
不穩定的褻瀆,Unstable Desecration,en
不穩定連結,Unstable Bond,en
不穩節奏,Unsteady Tempo,en
不羁再现,Unbound Encore,en
不羁化身,Unbound Avatar,en
不羁狂怒,Unbound Fury,en
不羁雷暴,Wild Storm,en
不能恢复超过 50%,Prevents Recovery Above 50%,en
不諧之音,Cacophony,en
不變勁風,Constant Gale,en
与亡共舞,Dance with Death,en
与水同行,One with the River,en
专业搜集者,Specialised Seeker,en
专注,Concentration,en
专注刺击,Focused Thrust,en
专注吟唱,Focused Channel,en
专用容器,Specialised Containers,en
专精射击,Specialised Shots,en
世界之巅,Atop the World,en
丛林冠冕,Jungle Tiara,en
丛林迷踪,Jungle Paths,en
东方谜题大厅,Eastern Enigma Chamber,en
东方通道,Eastern Gateway,en
丝克玛便鞋,Sekhema Sandals,en
丝克玛纹章盾,Sekheman Crest Shield,en
丝克玛试炼钥匙,Trial of the Sekhema Keys,en
丝绒帽,Velvet Cap,en
丝绸便鞋,Silk Slippers,en
丝质之袍,Silk Robe,en
两害从轻,The Lesser Harm,en
两应祈祷,Twice-Answered Prayers,en
严厉申斥,Excoriate,en
严寒高岭,Alpine Ridge,en
严酷适应,Harsh Adaptations,en
並肩作戰,Fight as One,en
丧钟,Deidbell,en
丧钟之遗产,Legacy of Deidbell,en
中型生命药剂,Medium Life Flask,en
中型魔力药剂,Medium Mana Flask,en
中毒,Poison,en
中毒 I,Poison I,en
中毒 II,Poison II,en
中毒 III,Poison III,en
中空骸骨,Hollow Bones,en
中转码头,Port,en
丰碑大斧,Monument Greataxe,en
丰裕孕育赠礼,Lavish Wombgift,en
丰裕手套,Opulent Gloves,en
丰裕精华,Essence of Opulence,en
丰饶 I,Bounty I,en
丰饶 II,Bounty II,en
丰饶之地,Plentiful Lands,en
串珠頭環,Beaded Circlet,en
临时召唤生物,Temporary Minion,en
为了乌托邦,For Utopia,en
主宰,Dominion,en
主宰之觸,The Master's Reach,en
主宰領地,Mastered Domain,en
主母殿堂,The Matriarch Halls,en
主要,Meta,en
主要寶石,Meta Gems,en
主要灌注,Principal Infusion,en
主要肢体,Prime Appendages,en
久远珠宝,Historic Jewels,en
乌合之众,Gathered Masses,en
乌尔尼多催化剂,Uul-Netol's Catalyst,en
乌尔尼多的拥抱,Uul-Netol's Embrace,en
乌尔顿的雕像,Idol of Uldurn,en
乌崔德之传说,Uhtred's Saga,en
乌崔德仪式,Uhtred's Rite,en
乌崔德圣杯,Uhtred's Chalice,en
乌崔德的出走,Uhtred's Exodus,en
乌崔德的占卜,Uhtred's Augury,en
乌崔德的圣杯徽记,Uhtred's Crest of the Chalice,en
乌崔德的星图,Uhtred's Constellation,en
乌崔德的星辰,Uhtred's Sidereus,en
乌崔德的预兆,Uhtred's Omen,en
乌崔德，吞星者,"Uhtred, the Stardrinker",en
乌扎尔胸甲,Utzaal Cuirass,en
乌拉曼的凝视,Ulaman's Gaze,en
乌索玛尔，猛兽之王,"Uxmal, the Beastlord",en
乏味稳定,Arid Stability,en
乐园幻象,Visions of Paradise,en
乐土之窗,Window to Paradise,en
乘势追击,Push the Advantage,en
乘勝追擊,Push the Advantage,en
乘虚而入,Leverage,en
九头蛇使魔,Hydra Familiar,en
九尾灵猫,Cat O' Nine Tails,en
九尾貓,Cat O' Nine Tails,en
九頭蛇近親,Hydra Familiar,en
乱石半岛,Craggy Peninsula,en
乱羽金城,Feathered Fortress,en
乾旱穩定性,Arid Stability,en
乾草便鞋,Straw Sandals,en
乾草原,Steppe,en
了結他們,Finish Them,en
争夺掌控权,Wrest Control,en
争战幸存者,Warring Survivors,en
事件視界,Event Horizon,en
二元一体,Duality,en
二元一体之遗产,Legacy of Duality,en
二元性,Duality,en
二重打擊,Strike Twice,en
互换预兆,Omen of Bartering,en
五指剑,Cinquedea,en
五指短劍,Cinquedea,en
五芒屏障,Chernobog's Pillar,en
五芒屏障之遗产,Legacy of Chernobog's Pillar,en
亚曼拉，厌恶之躯,"Jamanra, the Abomination",en
亚曼拉，复生之王,"Jamanra, the Risen King",en
亚马逊,Amazon,en
亚麻腰带,Linen Belt,en
亚麻裹手,Linen Wraps,en
亞瓊的獎章,Arjun's Medal,en
亞麻便鞋,Flax Sandals,en
亡命之息,Last Gasp,en
亡灵执政官,Archon of Undeath,en
亡灵阴影,Shadow of Undeath,en
亡者之舞,Dead can Dance,en
亡者之觸,Necrotic Touch,en
亡者之軀,Necrotised Flesh,en
亡者呼唤,Death Rush,en
亡者披肩,Necromantle,en
亡靈統治者,Archon of Undeath,en
亡魂舞步,Dead can Dance,en
亢奋玩家,Delirious Players,en
亢奮,Innervate,en
交友广阔,Friend to Many,en
交戰生還者,Warring Survivors,en
交易頁,Merchant’s Tab,en
交流电涌,Alternating Current,en
交流電,Alternating Current,en
交鋒,Clash,en
交錯道途,Converging Paths,en
交错打击,Cross Strike,en
交际花曼南的残酷符文,Courtesan Mannan's Rune of Cruelty,en
亦师亦友,Mentorship,en
亮漆十字弓,Varnished Crossbow,en
亮澤護腕,Polished Bracers,en
亲和,Affinity,en
亵渎战斧,Profane Cleaver,en
人格分裂,Split Personality,en
人海戰術,Growing Swarm,en
人群演變,Evolving Throngs,en
仅最小或最大伤害,Only Minimum or Maximum Damage,en
仇恨熔炉,Hateforge,en
介於兩界,Between Two Worlds,en
从容不迫,Deliberation,en
他的惡毒入侵,His Vile Intrusion,en
他的惡臭降臨,His Foul Emergence,en
他的散布災禍,His Scattering Calamity,en
他的死墓命令,His Grave Command,en
他的飛舞烈焰,His Winnowing Flame,en
他的黑暗視界,His Dark Horizon,en
仙灵之火,Faerie Fire,en
仙饌蜜酒,Ambrosia,en
仙饌蜜酒 II,Ambrosia II,en
仙馔,Ambrosia,en
仙馔 II,Ambrosia II,en
代笔人,Ghostwrithe,en
以一换二,For the Price of One,en
以太流动,Ether Flow,en
以太湧流,Ether Flow,en
以己度人,Commiserate,en
以财生财,Riches Beget Riches,en
以身作則,Lead by Example,en
仪式的圣物厅钥匙,Ritualistic Reliquary Key,en
仪式节律,Ritual Cadence,en
仪式通道,Rite of Passage,en
仪式长袍,Ceremonial Robe,en
仪祭师,Ritualist,en
仪祭诅咒,Ritualistic Curse,en
仲裁官之握,Arbiter's Reach,en
仲裁官的圣物厅钥匙,The Arbiter's Reliquary Key,en
仲裁官的点燃,Arbiter's Ignition,en
仲裁者的寶庫鑰匙,The Arbiter's Reliquary Key,en
仲裁者的延伸,Arbiter's Reach,en
仲裁者的燃灼,Arbiter's Ignition,en
价值供奉,Worthy Tithes,en
价高者得,Whoever Pays Best,en
任你指揮,At your Command,en
任务物品,Quest Item,en
任務,Quest,en
任務物品,Quest Items,en
任務繼續,The Quest Continues,en
任務道具,Quest Item,en
伊什塔洛斯，永恒者,"Ishtaroth, the Perennial",en
伊克切尔的折磨,Ixchel's Torment,en
伊克斯的专注,Fixation of Yix,en
伊克斯的依戀,Fixation of Yix,en
伊克羅特之獄炎,Ichlotl's Inferno,en
伊奥尼尔的雷霆,Eonyr's Thunder,en
伊娜之雕像,Idol of Yeena,en
伊娜魔偶,Idol of Yeena,en
伊察拉，鲜血神谕者,"Ytzara, Blood Oracle",en
伊恩哈尔的魔物仪式,Einhar's Beastrite,en
伊果奉獻寶珠,Yugul's Orb of Sacrifice,en
伊柯洛塔的狱火,Ichlotl's Inferno,en
伊格娜提亚，焰誓者,"Ignatia, the Flame-Sworn",en
伊格纳杜克，沼泽老妪,"Ignagduk, the Bog Witch",en
伊歐涅的雷霆,Eonyr's Thunder,en
伊泽洛骑士,Knight of Izaro,en
伊澤洛之騎士,Knight of Izaro,en
伊瑞的栽培,Yriel's Fostering,en
伊瑞的精通,Yriel's Fostering,en
伊科巴，先古战驹,"Ekbab, Ancient Steed",en
伍夫之难,Wulfsbane,en
伍夫之难之遗产,Legacy of Wulfsbane,en
伏击,Ambush,en
伏打電盾,Voltaic Barrier,en
伏特之牙魔符,Voltfang Talisman,en
伐林地,Deforestation,en
伐采巨棍,Felled Greatclub,en
众志成城,All For One,en
众神之智,Wisdom of the Maji,en
众神魔符,Maji Talisman,en
优质生命药剂,Grand Life Flask,en
优质魔力药剂,Grand Mana Flask,en
优越,Superiority,en
优雅战铠,Elegant Plate,en
优雅护手,Elegant Mitts,en
优雅节杖,Smooth Quarterstaff,en
伙伴,Companions,en
伙伴：{0},Companion: {0},en
伟岸巨锤,Giant Maul,en
传奇之战,Calculated Investment,en
传奇决斗,Legendary Duels,en
传奇地图,Unique Map,en
传奇文化,Unique Culture,en
传家袖带,Heirloom Cuffs,en
传播秘密,Propagating Secrets,en
传说之鹿,The Fabled Stag,en
传说宝藏,Fabled Treasures,en
传说对决,Fabled Showdown,en
传送点,Waypoints,en
传道士束衣,Evangelist Garb,en
伤口外露,Exposed Wounds,en
伤口恶化,Aggravation,en
伤害作用于异常状态,Damage Contributing to Ailments,en
伤害吸收,Damage Absorption,en
伤害性异常状态,Damaging Ailments,en
伤害类型,Damage Types,en
伤害转化,Damage Conversion,en
伯爵夫人瑟絲可的箭術符文,Countess Seske's Rune of Archery,en
伯纳巴斯,Byrnabas,en
伯达克,The Bodach,en
伸展的手指,Unfurled Finger,en
伸手可及,Arms Length,en
位置正好,Right Where We Want Them,en
低于 0 时的护甲破损,Armour Break below 0,en
低地狱烈焰,Low Infernal Flame,en
低容忍,Low Tolerance,en
低符文保護,Low Runic Ward,en
低符文结界,Low Runic Ward,en
低等工匠石,Lesser Jeweller's Orb,en
低能量护盾,Low Energy Shield,en
低血,Low Life,en
低赤獄烈炎,Low Infernal Flame,en
低階保護符文,Lesser Ward Rune,en
低階充能符文,Lesser Charging Rune,en
低階冰川符文,Lesser Glacial Rune,en
低階命令精髓,Lesser Essence of Command,en
低階啟發符文,Lesser Inspiration Rune,en
低階堅實符文,Lesser Robust Rune,en
低階嫻熟符文,Lesser Adept Rune,en
低階寒冰精髓,Lesser Essence of Ice,en
低階岩石符文,Lesser Stone Rune,en
低階工匠石,Lesser Jeweller's Orb,en
低階巫術精髓,Lesser Essence of Sorcery,en
低階強化精髓,Lesser Essence of Enhancement,en
低階心智精髓,Lesser Essence of the Mind,en
低階心靈符文,Lesser Mind Rune,en
低階戰鬥精髓,Lesser Essence of Battle,en
低階探尋精髓,Lesser Essence of Seeking,en
低階接地精髓,Lesser Essence of Grounding,en
低階暴風符文,Lesser Storm Rune,en
低階毀滅精髓,Lesser Essence of Ruin,en
低階決心符文,Lesser Resolve Rune,en
低階沙漠符文,Lesser Desert Rune,en
低階烈焰精髓,Lesser Essence of Flames,en
低階無限精髓,Lesser Essence of the Infinite,en
低階生命藥劑,Lesser Life Flask,en
低階磨礪精髓,Lesser Essence of Abrasion,en
低階肉體符文,Lesser Body Rune,en
低階肉體精髓,Lesser Essence of the Body,en
低階解凍精髓,Lesser Essence of Thawing,en
低階豐裕精髓,Lesser Essence of Opulence,en
低階輕快精髓,Lesser Essence of Alacrity,en
低階迅捷精髓,Lesser Essence of Haste,en
低階遠見符文,Lesser Vision Rune,en
低階重生符文,Lesser Rebirth Rune,en
低階鍛鐵符文,Lesser Iron Rune,en
低階隔絕精髓,Lesser Essence of Insulation,en
低階電能精髓,Lesser Essence of Electricity,en
低階魔力藥劑,Lesser Mana Flask,en
低魔,Low Mana,en
佐林，鲜血祭司,"Zolin, Blood Priest",en
余烬之子沃卡,"Volkhar, the Emberborn",en
余震,Aftershocks,en
余震 I,Aftershock I,en
余震 II,Aftershock II,en
余震 III,Aftershock III,en
你不能就這樣醒來。,You can't just wake up from this one.,en
你以為你自由了嗎？,You thought you were free?,en
你再也吓不倒我了！,You can't scare me anymore!,en
你再也嚇不到我了！,You can't scare me anymore!,en
你就这点本事吗？,Is that the best you've got?!,en
你真觉得你自由了？,You thought you were free?,en
你确定你想这么做？,Are you sure you want to do that?,en
你確定要那樣做嗎？,Are you sure you want to do that?,en
佣兵,Mercenary,en
佣兵圆盾,Mercenary Targe,en
佣兵巨盔,Mercenary Greathelm,en
佣兵领地,Mercenary's Lot,en
佳华尼的圣典,Jiquani's Thesis,en
佳华尼的灵核,Soul Core of Jiquani,en
使徒护腿,Apostle Leggings,en
使流血变为恶性,Aggravating any Bleeding,en
使用咒符时施放,Cast on Charm Use,en
使用護符時施放,Cast on Charm Use,en
來之不易的珍寶,Hard-Won Treasures,en
來吧！面對我！,Come on! Face me!,en
來自地底,From Below,en
來自迷霧,From the Mists,en
供奉尤图拉,Tribute to Utula,en
侵蚀之触,Eroding Touch,en
侵蚀地面,Encroaching Ground,en
侵蝕鎖鏈,Eroding Chains,en
侷限喜悅,Confined Exaltation,en
便利信仰,Convenient Beliefs,en
俐落射擊,Clean Shot,en
保存實力,Preservation,en
保存良好的肋骨,Preserved Rib,en
保存良好的脊椎,Preserved Vertebrae,en
保存良好的鎖骨,Preserved Collarbone,en
保存良好的顎骨,Preserved Jawbone,en
保存良好的顱骨,Preserved Cranium,en
保护之结界符文,Warding Rune of Protection,en
保护者之弓,Protector Bow,en
保持警覺，善用掩護,"Stay Light, Use Cover",en
保持距离,Kept at Bay,en
保留,Reservation,en
保衛之盔,Warded Helm,en
保衛者之弓,Protector Bow,en
保護符文,Ward Rune,en
保险箱,Strongbox,en
俠客鎧甲,Raider Plate,en
信仰之嘲．融蠟,"Meltwax, Mockery of Faith",en
信仰之锤,The Hammer of Faith,en
信仰即為抉擇,Faith is a Choice,en
信仰存心,Inner Faith,en
信仰护腿,Faithful Leggings,en
信仰棱鏡,Prism of Belief,en
信仰的自由,Freedom of Faith,en
信徒之弓,Adherent Bow,en
信徒之衣,Adherent's Raiment,en
信徒袖带,Adherent Cuffs,en
信徒護腿,Adherent Leggings,en
信念之砧,The Anvil,en
信念的棱镜,Prism of Belief,en
信念的自由,Freedom of Faith,en
修士裝束,Marabout Garb,en
修罗入魔,Demonic Possession,en
個人風格,Personal Touch,en
倍化怪物,Multiplying Monstrosities,en
倍增怪物,Multiplying Monstrosities,en
倍增飑风,Multiplying Squalls,en
倒刺 I,Barbs I,en
倒刺 II,Barbs II,en
倒刺 III,Barbs III,en
倒刺护甲,Spiked Armour,en
倒刺护盾,Spiked Shield,en
倒刺护腕,Barbed Bracers,en
倒刺长矛,Barbed Spear,en
倫利之訓,Renly's Training,en
值得信賴的盟友,Trusted Partner,en
值得的稅負,Worthy Tithes,en
倾力裁决,Crushing Verdict,en
倾压剧毒,Overwhelming Toxicity,en
倾听者,Those Who Hear,en
倾泻火力！,Unleash Hell!,en
假人,Effigy,en
假面之盔,Visored Helm,en
假面巨盔,Masked Greathelm,en
偉大計劃,The Grand Project,en
偏僻外境,Outlands,en
偏执,Paranoia,en
偏斜,Deflect,en
偏转,Deflect,en
停尸间,Mortuary,en
停頓心跳,Heartstopping Presence,en
健壮符文,Robust Rune,en
健壯旅人,Hale Traveller,en
健康食谱,Robust Diet,en
側身之擊,Glancing Blows,en
側身擊中,Off-Balancing Retort,en
偶像崇拜,Idolatry,en
偶像崇敬,Idolatry,en
偷取,Leech,en
偷取毒素,Leeching Toxins,en
偷袭,Backstabbing,en
偷襲,Blindside,en
偽善魔偶,Idol of the Pharisee,en
傀儡大师,Puppet Master,en
傀儡大师几率,Puppet Master chance,en
備案,Backup Plan,en
储水区,Reservoir,en
催化,Catalysis,en
催化元素,Catalysing Elements,en
催化剂,Catalysts,en
催化反应,Catalysis,en
催化喜悅之兆,Omen of Catalysing Exaltation,en
催化崇高预兆,Omen of Catalysing Exaltation,en
傳奇典藏倉庫頁,Unique Collection Tab,en
傳導符文,Conductive Runes,en
傳承．二元性,Legacy of Duality,en
傳承．五芒屏障,Legacy of Chernobog's Pillar,en
傳承．凱林之翼,Legacy of Wings of Caelyn,en
傳承．刺棘之冠,Legacy of Crown of Thorns,en
傳承．刺棘寶甲,Legacy of Bramblejack,en
傳承．北方之爪,Legacy of Northpaw,en
傳承．史瓦林,Legacy of Svalinn,en
傳承．咒刻者,Legacy of Cursecarver,en
傳承．哨兵,Legacy of The Sentry,en
傳承．唐克哈特,Legacy of Dunkelhalt,en
傳承．喪鐘,Legacy of Deidbell,en
傳承．埃里安的鵝卵石,Legacy of Erian's Cobble,en
傳承．壕溝之音,Legacy of Trenchtimbre,en
傳承．崇敬之敵,Legacy of A Worthy Foe,en
傳承．布林漢的印記,Legacy of Brynhand's Mark,en
傳承．帝國之靴,Legacy of Legionstride,en
傳承．微笑騎士,Legacy of The Smiling Knight,en
傳承．怨毒花蕊,Legacy of Spiteful Floret,en
傳承．惡劣騎士,Legacy of The Vile Knight,en
傳承．愛勒弗,Legacy of Elevore,en
傳承．拂燼,Legacy of Ashrend,en
傳承．捍衛者,Legacy of Dionadair,en
傳承．斯塔空加之首,Legacy of Starkonja's Head,en
傳承．暗暮守夜,Legacy of Dusk Vigil,en
傳承．暴政之握,Legacy of Tyranny's Grip,en
傳承．束縛,Legacy of The Unleashed,en
傳承．橡誓者,Legacy of Oaksworn,en
傳承．歐伯恩的壁壘,Legacy of Obern's Bastion,en
傳承．歐洛瓦沙拉,Legacy of Olrovasara,en
傳承．毀面者,Legacy of Facebreaker,en
傳承．沉默之雷,Legacy of Mjölner,en
傳承．漂泊騎士,Legacy of The Knight-errant,en
傳承．灰製,Legacy of Greymake,en
傳承．狐毛鎧,Legacy of Foxshade,en
傳承．狼之禍,Legacy of Wulfsbane,en
傳承．獵豬,Legacy of Hoghunt,en
傳承．瑟雷之握,Legacy of Serle's Grit,en
傳承．生機之記,Legacy of Lifesprig,en
傳承．畸變星穹,Legacy of Twisted Empyrean,en
傳承．皇家衛甲,Legacy of Kingsguard,en
傳承．神諭,Legacy of Alkem Eira,en
傳承．突襲,Legacy of Bushwhack,en
傳承．符文探求者之喚,Legacy of Runeseeker's Call,en
傳承．腦亂者,Legacy of Brain Rattler,en
傳承．致命一擊,Legacy of Deathblow,en
傳承．艾多尼亞的自負,Legacy of Adonia's Ego,en
傳承．艾茲麥的榮光,Legacy of Ezomyte Peak,en
傳承．苦行之履,Legacy of Wanderlust,en
傳承．荒途,Legacy of Briskwrap,en
傳承．薔薇眼罩,Legacy of Briarpatch,en
傳承．血棘,Legacy of The Blood Thorn,en
傳承．製燭者,Legacy of Candlemaker,en
傳承．賓登之角,Legacy of Horns of Bynden,en
傳承．踐踏之鞋,Legacy of Trampletoe,en
傳承．鐵縛者,Legacy of Ironbound,en
傳承．阿莫爾．曼德拉戈拉,Legacy of Amor Mandragora,en
傳承．隆德爾．德．艾佐,Legacy of Rondel de Ezo,en
傳承．雷姆諾的奪命樂具,Legacy of Hrimnor's Hymn,en
傳承．電弧守護者,Legacy of Keeper of the Arc,en
傳承．驟雨之弦,Legacy of Quill Rain,en
傳承．鬃豬,Legacy of Bristleboar,en
傳承．黑辮,Legacy of Blackbraid,en
傳說之戰,Legendary Duels,en
傳說公鹿,The Fabled Stag,en
傳道者裝束,Evangelist Garb,en
傷害型異常狀態,Damaging Ailments,en
傷害轉換,Damage Conversion,en
傷痕信仰,Scarred Faith,en
傾瀉樹液,Spill the Sap,en
僥倖,Fluke,en
僧侶,Monk,en
僱用兵之命,Mercenary's Lot,en
儀式寶庫鑰匙,Ritualistic Reliquary Key,en
儀式斧槍,Ceremonial Halberd,en
儀式淨身,Ceremonial Ablution,en
儀式獻祭,Ritual Sacrifice,en
儀式行者,Ritualist,en
儀式詛咒,Ritualistic Curse,en
億萬年的宰制,Eons of Domination,en
億萬年的汙染,Eons of Contamination,en
優雅便鞋,Elegant Slippers,en
優雅十字弓,Elegant Crossbow,en
優雅巨盔,Elegant Greathelm,en
優雅脛甲,Elegant Greaves,en
優雅裹手,Elegant Wraps,en
優雅鎧甲,Elegant Plate,en
優雅長手套,Elegant Mitts,en
優雅長柄刀,Elegant Glaive,en
儲能,Energy Capacitor,en
兀鸣,Vis Mortis,en
元素之力,Elemental Force,en
元素之相,Elemental Equilibrium,en
元素之章,The Taming,en
元素伤害类型,Elemental Damage Types,en
元素使长袍,Elementalist Robe,en
元素催化,Catalysing Elements,en
元素军械 I,Elemental Armament I,en
元素军械 II,Elemental Armament II,en
元素军械 III,Elemental Armament III,en
元素利用,Exploit the Elements,en
元素地面,Elemental Ground Surfaces,en
元素地面效果,Elemental Ground Surfaces,en
元素大军,Elemental Army,en
元素專注,Elemental Focus,en
元素對抗,Against the Elements,en
元素崩裂,Elemental Sundering,en
元素异常状态,Elemental Ailments,en
元素异常状态时施放,Cast on Elemental Ailment,en
元素异常状态阈值,Elemental Ailment Threshold,en
元素弱點,Exploit the Elements,en
元素执政官,Elemental Archon,en
元素抗性光环,Elemental Resistance Aura,en
元素武裝 I,Elemental Armament I,en
元素武裝 II,Elemental Armament II,en
元素武裝 III,Elemental Armament III,en
元素汇流,Elemental Conflux,en
元素波動,Elemental Surges,en
元素涌动,Elemental Surges,en
元素湧動,Elemental Surge,en
元素灌注,Elemental Infusions,en
元素異常狀態門檻,Elemental Ailment Threshold,en
元素的庇护,Prism Guardian,en
元素碎裂,Elemental Sundering,en
元素祈求,Elemental Invocation,en
元素祈願,Elemental Invocation,en
元素統治者,Elemental Archon,en
元素结界,Sorcery Ward,en
元素脉轮,Chakra of Elements,en
元素虹吸,Elemental Siphon,en
元素表现,Elemental Expression,en
元素要害,Elemental Weakness,en
元素解放,Elemental Discharge,en
元素軍隊,Elemental Army,en
元素集中,Elemental Focus,en
元素风暴,Elemental Storm,en
兄弟会的耳语,Whisper of the Brotherhood,en
充盈弥散,Suffusion,en
充能偏转,Energising Deflection,en
充能印记,Charged Mark,en
充能射击 I,Charged Shots I,en
充能射击 II,Charged Shots II,en
充能执政官,Energising Archon,en
充能杖,Charged Staff,en
充能水晶,Energised Crystal,en
充能沉淀,Energised Precipitate,en
充能沉澱物,Energised Precipitate,en
充能滿盈 I,Charge Profusion I,en
充能滿盈 II,Charge Profusion II,en
充能符文,Charging Rune,en
充能調節,Charge Regulation,en
充能長杖,Charged Staff,en
充血,Engorged,en
兇殘迴響,Echoes of Ferocity,en
兇猛巨盔,Fierce Greathelm,en
兇猛怒吼,Ferocious Roar,en
先发制人,Preemptive Strike,en
先天甲殼,Innate Carapace,en
先機,Initiative,en
先知纹章盾,Seer Crest Shield,en
先祖之助,Ancestral Aid,en
先祖之引,Answered Call,en
先祖之恩,Grace of the Ancestors,en
先祖之灵,Ancestral Spirits,en
先祖之魂,Ancestral Spirits,en
先祖優雅,Grace of the Ancestors,en
先祖冠冕,Ancestral Tiara,en
先祖加持,Ancestral Boost,en
先祖加持法术,Ancestral Boosted Spells,en
先祖召唤 I,Ancestral Call I,en
先祖召唤 II,Ancestral Call II,en
先祖召唤 III,Ancestral Call III,en
先祖同心,Ancestral Unity,en
先祖塔盾,Ancestor Tower Shield,en
先祖威能,Ancestral Empowerment,en
先祖強化,Ancestral Boost,en
先祖強化法術,Ancestral Boosted Spells,en
先祖怒嚎 I,Ancestral Call I,en
先祖怒嚎 II,Ancestral Call II,en
先祖怒嚎 III,Ancestral Call III,en
先祖战吼,Ancestral Cry,en
先祖战士图腾,Ancestral Warrior Totem,en
先祖所向,Ancestral Reach,en
先祖援助,Ancestral Aid,en
先祖援手,Supportive Ancestors,en
先祖治癒,Ancestral Mending,en
先祖的传达,Ancestral Conduits,en
先祖的团结,Ancestral Unity,en
先祖的巧谋,Ancestral Artifice,en
先祖的愈合,Ancestral Mending,en
先祖的敏锐,Ancestral Alacrity,en
先祖神威,Ancestral Empowerment,en
先祖秘藏,Expedition,en
先祖秘藏日志,Expedition Logbook,en
先祖秘藏石板,Expedition Tablet,en
先祖詭計,Ancestral Artifice,en
先祖迅捷,Ancestral Alacrity,en
先祖锁甲,Ancestral Mail,en
先祖降临,Ancestral Reach,en
先祖頭冠,Ancestral Tiara,en
先祖魂约,Ancestral Bond,en
先聲奪人,Opening Move,en
先行者分離器,Precursor Separator,en
先行者改造器,Precursor Terraformer,en
先行者的秘密,Secrets of the Ancients,en
先行者精煉器,Precursor Refiner,en
先行者置換器,Precursor Displacer,en
先行者萃取器,Precursor Extractor,en
先行者高塔,Precursor Towers,en
先見之明,Second Sight,en
先见之明,Premeditation,en
先進彈藥,Advanced Munitions,en
先锋 I,Vanguard I,en
先锋 II,Vanguard II,en
先驱位移者,Precursor Displacer,en
先驱地貌改造器,Precursor Terraformer,en
先驱精炼者,Precursor Refiner,en
先驱萃取者,Precursor Extractor,en
先驱解离者,Precursor Separator,en
先驱高塔,Precursor Towers,en
光明之兆,Omen of Light,en
光明堡垒,Bastion of Light,en
光明壁壘,Bastion of Light,en
光明预兆,Omen of Light,en
光洁血肉,Glazed Flesh,en
光滑外衣,Sleek Jacket,en
光滑長靴,Sleek Boots,en
光火之狱,Inferno,en
光环,Auras,en
光線範圍,Light Radius,en
光芒万丈,Shimmering,en
光芒吞噬者．塔仕古爾,"Tasgul, Swallower of Light",en
光譜守護,Spectral Ward,en
光輝守望．菲克斯,"Phyx, Sentinel of the Spark",en
光阴虚度,Idle Hands,en
克尔的狩猎,Kolr's Hunt,en
克己权杖,Stoic Sceptre,en
克拉里的審判,Kelari's Judgment,en
克拉里的巨靈之幣,Barya of Kelari,en
克拉里的惡咒,Kelari's Malediction,en
克拉里的欺瞞,Kelari's Deception,en
克敌在先,Initiative,en
克斯之衣,Keth Raiment,en
克林斯昂的回复符文,Craiceann's Rune of Recovery,en
克林斯昂的守护符文,Craiceann's Rune of Warding,en
克洛爾的狩獵,Kolr's Hunt,en
克特帕托的假說,Quipolatl's Thesis,en
克特帕托的流動靈魂核心,Quipolatl's Soul Core of Flow,en
克特帕托聖徽,Quipolatl's Medallion,en
克特帕托靈魂核心,Soul Core of Quipolatl,en
克雷頓魔偶,Idol of Kraityn,en
克雷顿之雕像,Idol of Kraityn,en
免費重骰,Free Rerolls,en
免费重置,Free Rerolls,en
兜帽之面,Hooded Mask,en
內在信仰,Inner Faith,en
內在力量,The Power Within,en
內容更新 0.2.0,Patch Notes 0.2.0,en
內心動盪,Inner Turmoil,en
內臟箭袋,Visceral Quiver,en
內裡,Internal Layer,en
內觀信念,Inner Conviction,en
全副武装,Heavy Armour,en
全弹发射,Full Salvo,en
全新彈夾 I,Fresh Clip I,en
全新彈夾 II,Fresh Clip II,en
全然混沌,Pure Chaos,en
全能神兵,Versatile Arms,en
全面焚化,Total Incineration,en
全面齊射,Full Salvo,en
公义卫士,Axiom Warden,en
公会工匠,Guild Craftsmen,en
公會匠人,Guild Craftsmen,en
公牛之魂,Spirit Of The Ox,en
公牛雕像,Ox Idol,en
公牛魔偶,Ox Idol,en
公理不存,Sine Aequo,en
公鹿之魂,Spirit Of The Stag,en
共振护盾,Resonating Shield,en
共生之结界符文,Warding Rune of Symbiosis,en
共生保護符文,Warding Rune of Symbiosis,en
共生保险箱,Symbiotic Strongboxes,en
共鳴之盾,Resonating Shield,en
共鸣,Resonance,en
共鸣之面,Leer Cast,en
关门放狗,Sic 'Em,en
兴奋鼓舞,Stimulants,en
兴荣原野,Blooming Field,en
兵卒巨盔,Soldier Greathelm,en
其它,Misc Map Items,en
典獄長格言,Axiom Warden,en
典范,Paragon,en
典范巨盔,Paragon Greathelm,en
典雅战刃,Elegant Glaive,en
典雅战弩,Elegant Crossbow,en
兽性怒火,Bestial Rage,en
兽群衍生,Replenishing Horde,en
兽群鼓舞,Pack Encouragement,en
兽腹,Belly of the Beast,en
内出血,Internal Bleeding,en
内在信念,Inner Conviction,en
内在动荡,Inner Turmoil,en
内境和谐,Harmony Within,en
内嵌分层,Internal Layer,en
内爆冲击,Imploding Impacts,en
内生符文,Innate Rune,en
冈姆的壮志,Kaom's Heart,en
冈姆的疯狂,Kaom's Madness,en
冈姆祝福,Kaom's Blessing,en
再生血肉,Regenerative Flesh,en
再生躯体,Regenerative Flesh,en
再誕,Rebirth,en
再鑄三曲,The Triskelion Reforged,en
再響禱言,Twice-Answered Prayers,en
冗余 I,Overabundance I,en
冗余 II,Overabundance II,en
冗余 III,Overabundance III,en
军事增援,Military Reinforcements,en
军团的进击,Legionstride,en
军团的进击之遗产,Legacy of Legionstride,en
军官巨盔,Commander Greathelm,en
军官手甲,Commander Gauntlets,en
军用战弓,Militant Bow,en
军用长刀,Cutlass,en
军阀世仇,Warlord's Vendetta,en
冠军胸甲,Champion Cuirass,en
冠首之锤,Crown Mace,en
冥使之琴,Death's Harp,en
冥想,Meditate,en
冥想专注,Meditative Focus,en
冬之翼．賽爾雷溫,"Thraeven, Wing of Winter",en
冬日寒林,Winter Forest,en
冬鴞,The Winter Owl,en
冰冷,Cold,en
冰冷傷害,Cold Damage,en
冰冷同調,Cold Attunement,en
冰冷專精,Cold Mastery,en
冰冷抵抗,Cold Resistant,en
冰冷曝曬,Cold Exposure,en
冰冷穿透,Cold Penetration,en
冰冷符文,Cold Rune,en
冰冻印记,Freezing Mark,en
冰冻怨恨,Frozen Spite,en
冰冽掌,Gelid Palm,en
冰凌座,Frozen Locus,en
冰凍,Frozen,en
冰凍上限,Frozen Limit,en
冰凍之叉,Freezefork,en
冰凍之爪,Frozen Claw,en
冰凍時施放,Cast on Freeze,en
冰凍機率,Chance to Freeze,en
冰凍水道,Frozen Flume,en
冰凍瀑布,Frozen Falls,en
冰凍裂片,Freezing Shards,en
冰凍門檻,Freeze Threshold,en
冰刺,Icicle,en
冰刺连枷,Icicle Flail,en
冰墙,Frost Wall,en
冰寒之性,Cold Nature,en
冰寒溶剂,Chilling Flux,en
冰寒熔劑,Chilling Flux,en
冰寒长杖,Gelid Staff,en
冰封漩涡,Frozen Vortex,en
冰封瀑布,Frozen Falls,en
冰尖箭矢,Ice-Tipped Arrows,en
冰屑,Ice Shards,en
冰川,Glacier,en
冰川之刺,Glacial Cascade,en
冰川之槍,Glacial Lance,en
冰川堡壘,Glacial Fortress,en
冰川弩箭,Glacial Bolt,en
冰川符文,Glacial Rune,en
冰川要塞,Glacial Fortress,en
冰川长枪,Glacial Lance,en
冰息,Icetomb,en
冰晶,Ice Crystals,en
冰晶击碎,Ice Crystal Shattering,en
冰晶粉碎,Ice Crystal Shattering,en
冰柱,Icicle,en
冰河,Glacier,en
冰河世纪,Glaciation,en
冰淞,Verglas,en
冰灵之吼,Asphyxia's Wrath,en
冰点低语,The Whispering Ice,en
冰牙指环,Icefang Orbit,en
冰缓,Chill,en
冰缓地面,Chilled Ground,en
冰裂掌,Shattering Palm,en
冰錐鏈錘,Icicle Flail,en
冰鏃箭矢,Ice-Tipped Arrows,en
冰雪之心,Heart of Ice,en
冰雪穿透,Snowpiercer,en
冰雹,Hail,en
冰雹弹药,Hailstorm Rounds,en
冰雹骤降,Hail,en
冰霜,Cold,en
冰霜专精,Cold Mastery,en
冰霜之捷,Herald of Ice,en
冰霜之舌．蓋利達,"Gelida, the Frost-Tongue",en
冰霜之镜,Kaltenhalt,en
冰霜伤害,Cold Damage,en
冰霜净化,Purity of Ice,en
冰霜化身,Embodiment of Frost,en
冰霜匯聚,Frost Nexus,en
冰霜协调,Cold Attunement,en
冰霜射击,Ice Shot,en
冰霜崇拜,Cult of Ice,en
冰霜执政官,Ice Archon,en
冰霜抗性,Cold Resistant,en
冰霜新星,Ice Nova,en
冰霜曝露,Cold Exposure,en
冰霜法印,Sigil of Ice,en
冰霜洞穴,Ice Cave,en
冰霜碎片,Ice Fragments,en
冰霜穿透,Cold Penetration,en
冰霜符印,Sigil of Ice,en
冰霜節奏,Rhythm of Ice,en
冰霜精华,Essence of Ice,en
冰霜行者,Frostwalker,en
冰霜韵律,Rhythm of Ice,en
冰霜飞镖,Frost Darts,en
冰風軌跡,Icefang Orbit,en
冰风暴,Icestorm,en
冲击之力,Impact Force,en
冲击法术,Concussive Spells,en
冲击脉轮,Chakra of Impact,en
冲击震波,Impact Shockwave,en
冲突符文,Rune of Confrontation,en
决心之力,Power of Purpose,en
决意之触,Resolute Reach,en
决斗之远古符文,Ancient Rune of Dueling,en
决斗法杖,Dueling Wand,en
决斗者,Duelist,en
冶煉師範．梅克圖,"Mektul, the Forgemaster",en
冶鍊之意,Tempered Mind,en
冷却回复 I,Cooldown Recovery I,en
冷却回复 II,Cooldown Recovery II,en
冷却回复速度,Cooldown Recovery Rate,en
冷卻時間恢復 I,Cooldown Recovery I,en
冷卻時間恢復 II,Cooldown Recovery II,en
冷卻時間恢復率,Cooldown Recovery Rate,en
冷芒手甲,Burnished Gauntlets,en
冷血执行者,Pitiless Killer,en
冷酷,Tireless,en
冷酷之宴,Grim Feast,en
冷酷手套,Grim Gloves,en
冷酷无情,Relentless,en
冷酷殺手,Pitiless Killer,en
冷钢之铠,Steel Plate,en
冷静头脑,Cool Headed,en
冷靜,Cool Headed,en
冷靜的奉獻,Calming Devotion,en
冻结,Frozen,en
冻结上限,Frozen Limit,en
冻结之泉的拉菲克,Rafiq of the Frozen Spring,en
冻结冰流,Frozen Flume,en
冻结几率,Chance to Freeze,en
冻结分叉,Freezefork,en
冻结时施放,Cast on Freeze,en
冻结阈值,Freeze Threshold,en
冻结齐射,Freezing Salvo,en
冽風,Flurry,en
净化叛乱,Purity Rebel,en
净化尖碑,Obelisk of Cleansing,en
净罪礼仪,Ceremonial Ablution,en
净除,Excise,en
凋萎敗柳,The Withered Willow,en
凋落倉庫頁,Blight Stash Tab,en
凋谢,Wither Away,en
凋零,Withered,en
凋零之触,Withering Touch,en
凋零光環,Withering Presence,en
凋零咏唱,Wasting Casts,en
凋零地面,Withering Ground,en
凋零姿态,Withering Presence,en
凋零法杖,Withered Wand,en
凋零玫瑰．艾維琳,"Avelyne, the Withered Rose",en
凋零老嫗．布拉卡,"Brakka, the Withered Crone",en
凌迟 I,Deep Cuts I,en
凌迟 II,Deep Cuts II,en
凍凍腦,Brain Freeze,en
凍結之泉．拉霏,Rafiq of the Frozen Spring,en
凍結之爪．拉卡爾,"Rakkar, the Frozen Talon",en
凍結怨恨,Frozen Spite,en
凍結漩渦,Frozen Vortex,en
减免前伤害,Pre-mitigation Damage,en
减益,Debuffs,en
减速,Slow,en
减速强度词缀,Slow Magnitude Modifier,en
减速抗性,Slow Resistant,en
减速效能,Slow Potency,en
凛冬之握,Grip of Winter,en
凛冬之枭,The Winter Owl,en
凛冬之眼,Eye of Winter,en
凛冽寒冬,Harsh Winter,en
凛风悬崖,Frigid Bluffs,en
凝冰为甲,Cold Coat,en
凝固迷霧,Congealed Mist,en
凝心气息,Heartstopping Presence,en
凝心者,Heartstopper,en
凝神思,Meditate,en
凝结之雾,Congealed Mist,en
凝聚腐化,Coalesced Corruption,en
凝虚式,Hollow Focus Technique,en
凝近之视,Near Sighted,en
凯尔格拉的弧光,Calgyra's Arc,en
凯德隆，土狼之王,"Caedron, the Hyena Lord",en
凯拉里之审判,Kelari's Judgment,en
凯拉里之巴雅,Barya of Kelari,en
凯拉里之诅咒,Kelari's Malediction,en
凯拉里之诡计,Kelari's Deception,en
凯拉里，污秽沙暴,"Kelari, the Tainted Sands",en
凯琳飞翼,Wings of Caelyn,en
凯琳飞翼之遗产,Legacy of Wings of Caelyn,en
凱斯之衣,Keth Raiment,en
凱林之翼,Wings of Caelyn,en
凱爾塔斯,Caer Tarth,en
凱爾捷拉之弧,Calgyra's Arc,en
凱莎的平衡,The Catha's Balance,en
凱莎的輝煌,Catha's Brilliance,en
凶恶魔符,Vicious Talisman,en
凶残,Brutal,en
凶残手段,Cruel Methods,en
凶狂巨熊,The Frenzied Bear,en
凶蛮咆哮,Ferocious Roar,en
凶蛮怒火,Savage Fury,en
凶邪珠宝插槽,Sinister Jewel Sockets,en
凸緣巨刃,Flanged Greatblade,en
凸脊轻盾,Ridged Buckler,en
出價 I,Bidding I,en
出價 II,Bidding II,en
出價 III,Bidding III,en
出奇制勝,Outmaneuver,en
出奇靈巧,Unexpected Finesse,en
出血创口,Haemorrhaging Cuts,en
出血匕首,Bloodletting Dagger,en
出血符文,Bloodletting Rune,en
出血致死,Bleeding Out,en
击中时火焰法术,Fire Spell on Hit,en
击碎,Shatter,en
击穿,Punch Through,en
击退,Knockback,en
凿制之面,Hewn Mask,en
刀刀見骨,Cut to the Bone,en
刀刃之雨,Rain of Blades,en
刀刃乱舞,Blade Flurry,en
刀刃守护轻盾,Bladeguard Buckler,en
刀山火海,In the Thick of It,en
刀鋒之主．札米爾,"Zahmir, the Blade Sovereign",en
刀鋒亂舞,Blade Flurry,en
刀锋节杖,Razor Quarterstaff,en
刃緣輕盾,Edged Buckler,en
刃衛輕盾,Bladeguard Buckler,en
分叉,Fork,en
分叉弩箭,Branching Bolts,en
分叉战矛,Branched Spear,en
分叉暴击,Bifurcated Critical Hits,en
分叉腰带,Forking Belt,en
分叉裂缝 I,Branching Fissures I,en
分叉裂缝 II,Branching Fissures II,en
分叉长矛,Forked Spear,en
分叉闪电,Branching Bolts,en
分层圆盾,Stratified Targe,en
分层背心,Layered Vest,en
分層鎖甲,Lamellar Mail,en
分岔,Fork,en
分岔暴擊,Bifurcated Critical Hits,en
分岔裂縫 I,Branching Fissures I,en
分岔裂縫 II,Branching Fissures II,en
分支長矛,Branched Spear,en
分段護腕,Sectioned Bracers,en
分点之结界符文,Warding Rune of Equinox,en
分裂,Split,en
分裂之劲,Splintering Force,en
分裂力量,Splintering Force,en
分裂地面,Splitting Ground,en
分裂大地,Splitting Ground,en
分裂射击,Split Shot,en
分裂巨斧,Splitting Greataxe,en
分裂彈藥,Fragmentation Rounds,en
分裂词缀,Fractured Modifiers,en
分裂鏈錘,Splintered Flail,en
分解,Decompose,en
分量,Heft,en
切割,Incision,en
切扎，飞羽灾疫,"Chetza, the Feathered Plague",en
切特斯之心,Chitus' Heart,en
切特斯骑士,Knight of Chitus,en
切除,Excise,en
刚毅,Grit,en
刚毅决心,Resolution,en
刚毅金属,Sturdy Metal,en
刚烈巨盔,Fierce Greathelm,en
刚胆,Guts,en
刚胆化身,Emboldened Avatar,en
创伤尖刺,Gore Spike,en
创伤灵药,Bleeding Concoction,en
创口,Incision,en
创痛信仰,Scarred Faith,en
初次嘗試,First Approach,en
初级血祸碎片,Primary Calamity Fragment,en
判官之冠,Inquisitor Crown,en
判官王冠,Inquisitor Crown,en
判罪惩恶人,"Judge, Jury, and Executioner",en
刨肉手斧,Carving Hatchet,en
利奥波德的赞许,Leopold's Applause,en
利爪刺擊,Claw Stab,en
利用,Exploit,en
利萨拉，歧途长矛,"Lythara, the Wayward Spear",en
利齿魔符,Fang Talisman,en
制图大师,The Cartographer,en
制图师的保险箱,Cartographer's Strongbox,en
制导射击,Pinpoint Shot,en
制箭大师,Master Fletching,en
刷新之兆,Omen of Refreshment,en
刺客裝束,Assassin Garb,en
刺棘之冠,Crown of Thorns,en
刺棘之冠之遗产,Legacy of Crown of Thorns,en
刺棘宝甲,Bramblejack,en
刺棘宝甲之遗产,Legacy of Bramblejack,en
刺殺,Assailum,en
刺激戰鬥,Thrill of the Fight,en
刺穿,Goring,en
刺绣手套,Embroidered Gloves,en
刺耳呐喊,Guttural Roar,en
刺耳怒吼,Cacophony,en
刺骨冰霜I,Biting Frost I,en
刺骨冰霜II,Biting Frost II,en
刺骨寒冰,Fangs of Frost,en
刺骨寒意,Biting Frost,en
刺骨寒意 I,Biting Frost I,en
刺骨寒意 II,Biting Frost II,en
刺骨战弩,Bleak Crossbow,en
刺鼻法杖,Acrid Wand,en
刻咒,Cursecarver,en
刻咒之遗产,Legacy of Cursecarver,en
刻心斗篷,Heartcarver Mantle,en
刻薄法杖,Acrid Wand,en
剃刃細杖,Razor Quarterstaff,en
削切之兆,Omen of Whittling,en
削弱,Enervation,en
削減風險,Cut Off the Lesser,en
前方旅途,The Journey Ahead,en
前期消耗,Upfront Costs,en
前途旅程,The Journey Ahead,en
剑刃长矛,Sword Spear,en
剑类,Swords,en
剔除次品,Cut Off the Lesser,en
剛愎紋章盾,Wayward Crest Shield,en
剝離防禦,Stripped Defences,en
剥夺防御,Stripped Defences,en
剥皮刀,Skinning Knife,en
剥离石,Orb of Annulment,en
剧变 I,Upheaval I,en
剧变 II,Upheaval II,en
剧毒增生,Toxic Growth,en
剧毒耐受,Toxic Tolerance,en
剧烈燃火,Intense Flames,en
剧烈痛苦,Intense Agony,en
副本本地物品,Instance Local Items,en
割喉者,Throatseeker,en
割战者,Throatseeker,en
割裂靈魂,Rupture the Soul,en
剿敵,Cull the Hordes,en
劇毒孢子,Poison Spores,en
劇毒泥漿,Toxic Sludge,en
劇毒箭袋,Toxic Quiver,en
劇毒耐性,Toxic Tolerance,en
劇烈劑量,Intense Dose,en
劇烈爆發,Fulmination,en
劇烈苦痛,Intense Agony,en
劇痛獻祭,Pain Offering,en
劈山碎石,Mountain Splitter,en
劈裂大地,Split the Earth,en
劊子手,The Executioner,en
劍,Swords,en
劍刃斬,Sword Slash,en
力之祭仪,Ritual of Might,en
力抗黑暗,Against the Darkness,en
力挽狂澜,Flip the Script,en
力由心生,The Power Within,en
力盡,Frazzled,en
力量,Str,en
力量/敏捷,Str/Dex,en
力量/敏捷/智慧,Str/Dex/Int,en
力量/智慧,Str/Int,en
力量中继,Power Relays,en
力量之井,Well of Power,en
力量之器,Instruments of Power,en
力量之意,Power of Purpose,en
力量传导,Power Conduction,en
力量吞噬,Overtaken by Power,en
力量巅峰,Pinnacle of Power,en
力量平衡,Balance of Power,en
力量抽取,Power Siphon,en
力量水晶塔,Font of Power,en
力量法器,Instruments of Power,en
力量测试巴雅,Test of Strength Barya,en
力量滿溢,Overflowing Power,en
力量灌注,Infusion of Power,en
力量的代价,Price of Power,en
力量的測試代幣,Test of Strength Barya,en
力量的源泉,Font of Power,en
力量符文,Power Rune,en
力量震波,Forcewave,en
功能药剂,Utility Flasks,en
加劇,Aggravation,en
加劇任何流血,Aggravating any Bleeding,en
加劇流血,Aggravated Bleeding,en
加劇點燃,Aggravated Ignite,en
加固塔盾,Braced Tower Shield,en
加固战靴,Braced Sabatons,en
加固鎧靴,Braced Sabatons,en
加固長手套,Bolstered Mitts,en
加深恐懼,Expedited Horrors,en
加深陰影,Deepening Shadows,en
加速,Acceleration,en
加速屏障,Hastening Barrier,en
加速流动,Quickened Flow,en
加長砍斧,Extended Cleaver,en
加長細杖,Long Quarterstaff,en
加长引线 I,Long Fuse I,en
加长引线 II,Long Fuse II,en
加长腰带,Long Belt,en
动乱,Tumult,en
动如脱兔,Escape Velocity,en
动能戒指,Kinetic Ring,en
动能重击,Kinetic Bash,en
动荡,Instability,en
动荡催化剂,Volatile Catalyst,en
动荡榴弹,Volatile Grenades,en
动荡牵绊,Unstable Bond,en
动量,Momentum,en
助力之风 I,Second Wind I,en
助力之风 II,Second Wind II,en
助力之风 III,Second Wind III,en
努葛玛呼的亲选,Ngamahu's Chosen,en
劫掠之铠,Raider Plate,en
劫掠之锤,Marauding Mace,en
劫掠者之帽,Freebooter Cap,en
劫掠者便帽,Freebooter Cap,en
劫盜工具,Heist Tools,en
劫盜披風,Heist Cloaks,en
劫盜目標,Heist Targets,en
劫盜胸針,Heist Brooches,en
劫盜裝備,Heist Gear,en
劫难之衣,Havoc Raiment,en
劫难战棒,Torment Club,en
劲敌之遗产,Legacy of A Worthy Foe,en
劲风波,Wind Wave,en
势大力沉,Heft,en
势如流水,Flow Like Water,en
勁風蝮蛇之怒,Wind Serpent's Fury,en
勇士之盔,Champion Helm,en
勇士头盔,Champion Helm,en
勇士鎧甲,Juggernaut Plate,en
勇士．布拉克斯,"Brakkus, the Juggernaut",en
勇气之结界符文,Warding Rune of Courage,en
勇氣,Valour,en
勇氣保護符文,Warding Rune of Courage,en
勇氣化生,Emboldened Avatar,en
動亂 I,Upheaval I,en
動亂 II,Upheaval II,en
動力之戒,Kinetic Ring,en
動力圖樣,Powertread,en
動能猛擊,Kinetic Bash,en
動脈增厚,Thickened Arteries,en
務實主義,Pragmatism,en
勝任挑戰,Befit the Challenge,en
勝利之運,Victorious Fate,en
勝者之冠,Crown of the Victor,en
勢頭不減,Unabating,en
包圍,Surrounded,en
包裹帽,Wrapped Cap,en
包覆於翠玉中,Encase in Jade,en
包覆領域,Encompassing Domain,en
匕首,Daggers,en
匕首刺擊,Dagger Stab,en
匕首突刺,Dagger Stab,en
化身虚空,Become Hollow,en
北境凶爪,Northpaw,en
北境凶爪之遗产,Legacy of Northpaw,en
北方之爪,Northpaw,en
匠人準則,Craftsman's Creed,en
匠人的杰作,Smith's Masterwork,en
匠工塔盾,Metalworked Tower Shield,en
匠造烈焰,Engineered Blaze,en
匠鍛符文,Masterwork Rune,en
匣柜遗物,Coffer Relic,en
匿影猎豹,Stalking Panther,en
匿踪兜帽,Covert Hood,en
區域控制,Zone of Control,en
十七號原型機,Prototype Seventeen,en
十字刃長矛,Crossblade Spear,en
十字弓,Crossbows,en
十字弓射擊,Crossbow Shot,en
十字弓彈藥技能,Crossbow Ammunition Skills,en
十字打擊,Cross Strike,en
十字长矛,Crossblade Spear,en
十重打擊,Tenfold Attacks,en
十重迅击,Tenfold Attacks,en
千刀萬剮,Thousand Cuts,en
千创,Thousand Cuts,en
千方百計,Manifold Method,en
千縷絲之夜,Night of a Thousand Ribbons,en
千裂泽,The Fractured Lake,en
千里狙敌,Assailum,en
千錘百鍊,Against the Anvil,en
升华点数,Ascendancy Points,en
升流 I,Upwelling I,en
升流 II,Upwelling II,en
升温之锤,Calescent Hammer,en
升溫混亂,Escalating Mayhem,en
升級威脅,Escalating Threats,en
午夜天顶,Midnight Zenith,en
午夜穗带,Midnight Braid,en
午夜翱翔,Soaring Midnight,en
午夜護鏈,Midnight Braid,en
午夜飛掠,Soaring Midnight,en
半影戒指,Penumbra Ring,en
半影项链,Penumbra Amulet,en
华丽孕育赠礼,Ornate Wombgift,en
华丽密室,Ornate Chambers,en
华丽战铠,Ornate Plate,en
华丽护手,Ornate Mitts,en
华丽环甲,Ornate Ringmail,en
华丽的保险箱,Ornate Strongbox,en
华丽胫甲,Ornate Greaves,en
华丽腰带,Ornate Belt,en
华丽袖带,Ornate Cuffs,en
华丽轻盾,Ornate Buckler,en
华塔洛蒂的纹章,Juatalotli's Medallion,en
华彩之地,Slick,en
华服装束,Garment,en
华贵护手,Ornate Gauntlets,en
华饰之盔,Decorated Helm,en
华饰手套,Embellished Gloves,en
华饰裹手,Adorned Wraps,en
协力振作,Inspiring Ally,en
卑劣珍寶,Vile Treasures,en
卑鄙手段,Vulgar Methods,en
卓绝防御,Greatest Defence,en
卓越军备,Exceptional Armaments,en
卓越工艺,Exceptional Handiwork,en
卓越手藝,Exceptional Handiwork,en
卓越法衣,Exceptional Vestments,en
卓越物品,Exceptional Item,en
卓越生命藥劑,Transcendent Life Flask,en
卓越祭衣,Exceptional Vestments,en
卓越維里西姆,Exceptional Verisium,en
卓越维金,Exceptional Verisium,en
卓越装饰,Exceptional Adornments,en
卓越鞋具,Exceptional Footwear,en
卓越鞋履,Exceptional Footwear,en
卓越飾物,Exceptional Adornments,en
卓越魔力藥劑,Transcendent Mana Flask,en
单手,One-Handed,en
单手剑,One Hand Swords,en
单手斧,One Hand Axes,en
单手锤,One Hand Maces,en
博學的,Polymathy,en
博弈之兆,Omen of Gambling,en
博弈射擊,Gambleshot,en
博德克,The Bodach,en
博运步伐,Gamblesprint,en
博闻广记,Polymathy,en
占星师,The Auspex,en
占血之面,Mask of the Sanguimancer,en
占血術,Sanguimancy,en
卡兰德之触,Kalandra's Touch,en
卡兰德的魔镜,Mirror of Kalandra,en
卡古兰之拳,Fist Of Kalguur,en
卡古兰残片,Remnants of Kalguur,en
卡古兰袖带,Kalguuran Cuffs,en
卡古兰辅助宝石限制,Kalguuran Support Gem Limit,en
卡古兰锻造,Kalguuran Forged,en
卡古兰锻造锤,Kalguuran Forgehammer,en
卡哈塔的复苏,Khatal's Rejuvenation,en
卡塔拉的阴霾,Katla's Gloom,en
卡塔爾的回春,Khatal's Rejuvenation,en
卡拉什，沙丘住民,"Karash, The Dune Dweller",en
卡斯普里意志,Cospri's Will,en
卡洛翰的決心,Garukhan's Resolve,en
卡洛翰陵墓,Garukhan's Tomb,en
卡爾葛之拳,Fist Of Kalguur,en
卡爾葛之痕,Remnants of Kalguur,en
卡爾葛技能,Kalguuran Skills,en
卡爾葛腕帶,Kalguuran Cuffs,en
卡爾葛輔助寶石上限,Kalguuran Support Gem Limit,en
卡爾葛鍛造,Kalguuran Forged,en
卡爾葛鍛造錘,Kalguuran Forgehammer,en
卡特拉的愁悵,Katla's Gloom,en
卡瑪薩奉獻寶珠,Kamasa's Orb of Sacrifice,en
卡瑪薩秘寶庫,Vaults of Kamasa,en
卡瑪薩頭冠,Kamasan Tiara,en
卡莉莎的强音,Kalisa's Crescendo,en
卡莉莎的漸強,Kalisa's Crescendo,en
卡莎的光辉,Catha's Brilliance,en
卡萨的平衡,The Catha's Balance,en
卡賽斯之盔,Cassis Helm,en
卡迪根的頓悟,Cadigan's Epiphany,en
卡迪甘的顿悟,Cadigan's Epiphany,en
卡迪罗的赌局,Cadiro's Gambit,en
卡迪羅的詭計,Cadiro's Gambit,en
卡阿祖尔，烈阳先师,"Ketzuli, High Priest of the Sun",en
卡马萨冠冕,Kamasan Tiara,en
卡马萨的宝库,Vaults of Kamasa,en
卡魯記憶,Memories of the Karui,en
卡鲁回忆,Memories of the Karui,en
卫护之盔,Shielded Helm,en
卫甲连枷,Guarded Flail,en
卫道之袍,Cloak of Defiance,en
印戒孕育赠礼,Signet Wombgift,en
印斯茅斯,Innsmouth,en
印記靈敏,Marked Agility,en
印记,Mark,en
危在旦夕,Growing Peril,en
危境增長,Growing Peril,en
危如累卵,Escalating Threats,en
危害,Hazards,en
危崖峭壁,Precipice,en
危机河畔,Riverside,en
危機湧現,Rising Danger,en
危险的地图首领,Deadly Map Boss,en
危險,Hazards,en
危險抑制,Controlled Hazard,en
危險綻放,Dangerous Blossom,en
危难的命运,Deadly Fate,en
卷钢胫甲,Reefsteel Greaves,en
卸防姿態,Broken Stance,en
厄罗克的熔炼术,Uruk's Smelting,en
厄羅克的鍛鍊,Uruk's Smelting,en
厄难大斧,Vile Greataxe,en
厄难骑士,The Vile Knight,en
厄难骑士之遗产,Legacy of The Vile Knight,en
历史的厚重,Strategic Advantage,en
历战老兵,Battle-hardened,en
历战长矛,War Spear,en
压制,Suppress,en
压制打击,Overwhelming Strike,en
压迫气场,Overwhelming Presence,en
厚积薄发,Preservation,en
厚重冰霜,Heavy Frost,en
原初之罪,Original Sin,en
原初光輝,Origin Spark,en
原初搖籃,Origin Cradle,en
原初核心,Origin Core,en
原初蛰刺,First Sting,en
原初飢餓,Primal Hunger,en
原初魔符,Primal Talisman,en
原型十七,Prototype Seventeen,en
原始力量,Raw Power,en
原始印记,Primal Markings,en
原始守護,Primal Protection,en
原始怒火,Primal Rage,en
原始成長,Primal Growth,en
原始打击,Primal Strikes,en
原始生长,Primal Growth,en
原始裂解,Primal Sundering,en
原始賞金,Primal Bounty,en
原始防护,Primal Protection,en
原始震擊,Primal Sundering,en
原始饥渴,Primal Hunger,en
原始鬼灵,Primal Spirit,en
原始魂靈,Primal Spirit,en
原始魔力,Raw Mana,en
原始魔符,Primal Talisman,en
原生肢體,Prime Appendages,en
原罪,Original Sin,en
叉尖战矛,Pronged Spear,en
叉狀長矛,Forked Spear,en
友军,Allies,en
友军等量偷取,Allies Leech the same amount,en
友方,Allies,en
友方偷取相同數值,Allies Leech the same amount,en
双倍产出,Produce Double,en
双子之弓,Gemini Bow,en
双弦弓,Dualstring Bow,en
双手,Two-Hander,en
双手剑,Two Hand Swords,en
双手斧,Two Hand Axes,en
双手锤,Two Hand Maces,en
双持,Dual Wielding,en
双灵战弩,Gemini Crossbow,en
双灵涌动,Gemini Surge,en
双爪劈击,Cross Slash,en
双玉戒指,Two-Stone Ring,en
双生之弓,Twin Bow,en
双生威胁,Twin Threats,en
双生战弩,Twin Crossbow,en
双生果实,Twinned Fruit,en
双生视界,Double Vision,en
双界的间隙,Between Two Worlds,en
双管齐下 I,Double Barrel I,en
双管齐下 II,Double Barrel II,en
双管齐下 III,Double Barrel III,en
双联战弩,Dyad Crossbow,en
双足飞龙形态,Wyvern Form,en
双重腰带,Double Belt,en
双锋箭袋,Two-Point Quiver,en
双首连枷,Twin Flail,en
反击,Retaliation,en
反击 I,Retaliate I,en
反击 II,Retaliate II,en
反击所有击中,Retaliate against all Hits,en
反击架势,Counterstancing,en
反制,Refutation,en
反叛鐵鏽之王．葛森,"Gozen, Rebellious Rustlord",en
反射招架,Reverberating Parry,en
反射长杖,Reflecting Staff,en
反应蜂籽,Reactive Hiveseeding,en
反應性巢種,Reactive Hiveseeding,en
反應性生長,Reactive Growth,en
反抗,Defiance,en
反抗之旗,Defiance Banner,en
反擊,Reprisal,en
反擊姿態,Counterstancing,en
反斥,Repulsion,en
反曲弓,Recurve Bow,en
反覆無常,Erraticism,en
发掘异象,Cultivate the Sea,en
受伤时施放,Cast when Damage Taken,en
受保护的保险箱,Secured Strongbox,en
受保護的寶藏,Protected Treasures,en
受其他數值抵抗,Resisted by Other Value,en
受到魔力消耗的伤害,Take Mana Costs as Damage,en
受囚怪物,Imprisoned Monstrosities,en
受困下屬,Trapped Subordinate,en
受宠宝藏,Favoured Treasures,en
受护宝藏,Protected Treasures,en
受护财富,Guarded Wealth,en
受招架,Parried,en
受控危技,Controlled Hazard,en
受控天气,Controlled Climates,en
受控混沌,Controlled Chaos,en
受控的混沌,Controlled Chaos,en
受控的蛻變,Controlled Metamorphosis,en
受獵者康納爾,Conall the Hunted,en
受訓偏斜,Trained Deflection,en
受訓哨戒塔,Trained Turrets,en
受训偏转,Trained Deflection,en
受阻之力,Hindered Capabilities,en
受限狂喜,Confined Exaltation,en
变化多端,Phased Form,en
变异怪物,Mutating Monsters,en
变形,Shapeshifting,en
变形打击,Shifted Strikes,en
变形锁骨,Altered Collarbone,en
叛徒,The Traitor,en
叛徒之路,Path of the Renegade,en
叛徒贝尔巴拉,"Balbala, the Traitor",en
叛徒．芭芭拉,"Balbala, the Traitor",en
叛者之道,Path of the Renegade,en
叢林之道,Jungle Paths,en
叢林頭冠,Jungle Tiara,en
口袋藏沙,Pocket Sand,en
古典魔女,Ancient Hex,en
古加尔的凝视,Kurgal's Gaze,en
古加尔的缰绳,Kurgal's Leash,en
古城之牆,City Walls,en
古尔扎尔，活体熔炉,"Gulzal, the Living Furnace",en
古怪嗜好,Erraticism,en
古斯特之雕像,Idol of Greust,en
古斯特魔偶,Idol of Greust,en
古灵使徒斗士,Gemling Legionnaire,en
古灵意志,Eldritch Will,en
古甕聖物,Urn Relic,en
古神赋力,Eldritch Empowerment,en
古老星耀礦石,Venerable Starlit Ore,en
古老的肋骨,Ancient Rib,en
古老的鎖骨,Ancient Collarbone,en
古老的顎骨,Ancient Jawbone,en
古老護衛盾,Venerable Defender,en
古铜城塞,Copper Citadel,en
古靈伏擊,Gemling Ambush,en
古靈審判所,Gemling Inquisition,en
古靈寶石手術,Virtue Gem Surgery,en
古靈訓練,Gemling Training,en
古靈軍團,Gemling Legionnaire,en
只有最低或最高傷害,Only Minimum or Maximum Damage,en
叫領頭的來,Bring Me Your Leader,en
召唤冰牢,Conjures Ice Prisons,en
召唤同伴,Summon Companion,en
召唤契约 I,Minion Pact I,en
召唤契约 II,Minion Pact II,en
召唤法阵,Summoning Circle,en
召唤炽焰猎犬,Summon Infernal Hound,en
召唤烈焰之墙,Conjures Flamewalls,en
召唤生物,Minions,en
召唤生物专精,Minion Mastery,en
召唤生物命令,Minion Commands,en
召唤生物死亡时施放,Cast on Minion Death,en
召唤生物溅射伤害 I,Minion Splash I,en
召唤生物溅射伤害 II,Minion Splash II,en
召唤生物的死亡和击败,Minion Death and Killing Minions,en
召唤生物重组,Minion Reforming,en
召唤践行者,Evocational Practitioner,en
召喚惡狼,Wolf Pack,en
召喚物,Minions,en
召喚物優先承受傷害,Damage Taken From Minions First,en
召喚物契約 I,Minion Pact I,en
召喚物契約 II,Minion Pact II,en
召喚物專精,Minion Mastery,en
召喚物擴散I,Minion Splash I,en
召喚物擴散II,Minion Splash II,en
召喚物死亡及擊殺召喚物,Minion Death and Killing Minions,en
召喚物死亡時施放,Cast on Minion Death,en
召喚物號令,Minion Commands,en
召喚物重塑,Minion Reforming,en
召喚獄炎獵犬,Summon Infernal Hound,en
召喚盟友,Summon Companion,en
召来未见之物,Bring Forth the Unseen,en
召集,Muster,en
可信之情,Trusted Kinship,en
可冰凍,Primed for Freeze,en
可堆叠通货,Stackable Currency,en
可塑肉體,Pliable Flesh,en
可复活的召唤生物,Reviving Minions,en
可怖副官,Dread Lieutenants,en
可怖毅力,Dreadful Fortitude,en
可怖重盾,Frightening Shield,en
可憎的雪人,The Abominable Yeti,en
可扩散技能,Cascadable Skills,en
可持续操作,Sustainable Practices,en
可控变形,Controlled Metamorphosis,en
可敬的堅毅,Dreadful Fortitude,en
可暈眩,Primed for Stun,en
可爆發技能,Cascadable Skills,en
可用的復活,Revival Availability,en
可被冻结,Primed for Freeze,en
可被定身,Primed for Pin,en
可被晕眩,Primed for Stun,en
可被触电,Primed for Electrocution,en
可装备护甲,Equippable Armours,en
可觸電,Primed for Electrocution,en
可趁之刻,Moment of Vulnerability,en
可適應攻擊,Adaptable Assault,en
可重复,Repeatable,en
可重複使用的彈藥,Reusable Ammunition,en
可釘身,Primed for Pin,en
可靠的计划,A Solid Plan,en
可靠结界,Dependable Ward,en
史瓦林,Svalinn,en
右旋剥离预兆,Omen of Dextral Annulment,en
右旋加冕之兆,Omen of Dextral Coronation,en
右旋加冕预兆,Omen of Dextral Coronation,en
右旋崇高预兆,Omen of Dextral Exaltation,en
右旋廢止之兆,Omen of Dextral Annulment,en
右旋抺除之兆,Omen of Dextral Erasure,en
右旋提升之兆,Omen of Dextral Exaltation,en
右旋死灵预兆,Omen of Dextral Necromancy,en
右旋死靈術之兆,Omen of Dextral Necromancy,en
右旋消抹预兆,Omen of Dextral Erasure,en
右旋炼金预兆,Omen of Dextral Alchemy,en
右旋煉金之兆,Omen of Dextral Alchemy,en
右旋結晶之兆,Omen of Dextral Crystallisation,en
右旋结晶预兆,Omen of Dextral Crystallisation,en
叶影婆娑,Rustle of the Leaves,en
司炉的炭火,Coal Stoker,en
合力奋战,Fight as One,en
合成弓,Composite Bow,en
合板轻盾,Laminate Buckler,en
合理预防,Sensible Precautions,en
合適寶庫,An Appropriate Vault,en
合金,Alloy,en
合金十字弓,Alloy Crossbow,en
合金战弩,Alloy Crossbow,en
合钢手甲,Doubled Gauntlets,en
吉卡尼的假說,Jiquani's Thesis,en
吉卡尼的彈藥靈魂核心,Jiquani's Soul Core of Munitions,en
吉卡尼的惡語靈魂核心,Jiquani's Soul Core of Malediction,en
吉卡尼的斷切靈魂核心,Jiquani's Soul Core of Severing,en
吉卡尼的漣漪靈魂核心,Jiquani's Soul Core of Rippling,en
吉卡尼的狂風靈魂核心,Jiquani's Soul Core of Squalls,en
吉卡尼的索敵靈魂核心,Jiquani's Soul Core of Targeting,en
吉卡尼的自動化靈魂核心,Jiquani's Soul Core of Automation,en
吉卡尼的號召靈魂核心,Jiquani's Soul Core of Rallying,en
吉卡尼的豐饒靈魂核心,Jiquani's Soul Core of Abundance,en
吉卡尼的輝耀靈魂核心,Jiquani's Soul Core of Radiance,en
吉卡尼的陷阱靈魂核心,Jiquani's Soul Core of Snares,en
吉卡尼的雷鳴靈魂核心,Jiquani's Soul Core of Thundering,en
吉卡尼的震顫靈魂核心,Jiquani's Soul Core of Quaking,en
吉卡尼靈魂核心,Soul Core of Jiquani,en
吉尔特领主的荒野符文,Thane Girt's Rune of Wildness,en
吉尔菲的圣殿,Geofri's Sanctuary,en
吉尔菲的末日,Geofri's End,en
吉恩诺伯爵,Count Geonor,en
吉恩诺，腐败恶狼,"Geonor, the Putrid Wolf",en
吉柯塔尔，护核卫士,"Zicoatl, Warden of the Core",en
吉爾菲的結局,Geofri's End,en
同舟共济,Comradery,en
同袍情誼,Comradery,en
同质化加冕预兆,Omen of Homogenising Coronation,en
同质化崇高预兆,Omen of Homogenising Exaltation,en
名扬四方,Known by All,en
后备方案,Backup Plan,en
君主合金,Sovereign Alloy,en
君威长剑,Regalia Longsword,en
君王之怒,Fury of the King,en
君王之颅,Head of the King,en
君王合金,Sovereign Alloy,en
君锋镇废墟,Ruins of Kingsmarch,en
吞噬,Devour,en
吞噬之冠,The Devouring Diadem,en
吞噬之魂,Eaten Souls,en
吞噬獸,The Devourer,en
吞噬者王冠,The Devouring Diadem,en
吞灵 I,Cannibalism I,en
吞灵 II,Cannibalism II,en
吞雲吐霧,Smoke Inhalation,en
吟唱,Channelling,en
吟唱时施放,Cast while Channelling,en
吟遊匠人,Bardiyan Craftsmanship,en
否定单一,Rejection of One,en
启示孕育赠礼,Revelatory Wombgift,en
启迪神龛,Enlightening Shrine,en
启迪符文,Inspiration Rune,en
启迪长袍,Enlightened Robe,en
吸取藥劑充能,Siphons Flask Charges,en
吸取魔力和造成閃電傷害,Siphons Mana and Deals Lightning Damage,en
吸收之力,Imbibed Power,en
吸纳,Recoup,en
吾有黯視,I Have Darkvision,en
告誡者,Admonisher,en
呜咽回声,Whimpering Echos,en
呢喃不散,Lingering Whispers,en
周期性无敌光环,Periodic Invulnerability Aura,en
周期性狂暴,Periodically Enrages,en
周而复始,Now and Again,en
呼吸脉轮,Chakra of Breathing,en
呼喚深淵,Call Upon the Deep,en
呼求回应,Answered Call,en
命中注定,Fated End,en
命中目标,Headshot,en
命令,Command,en
命令精华,Essence of Command,en
命令精髓,Essence of Command,en
命定寶藏,Fabled Treasures,en
命定暴击,Inevitable Critical Hits,en
命定绝杀 I,Inexorable Critical I,en
命定绝杀 II,Inexorable Critical II,en
命定苦痛,Inevitable Agony,en
命定视界,Fateful Vision,en
命定詞綴,Bonded Modifiers,en
命源交换,Animus Exchange,en
命源法师,Blood Mage,en
命源碎片,Animus Splinters,en
命焰符文,Rune of Vital Flame,en
命見視野,Fateful Vision,en
命运之抗争,Defiance of Destiny,en
命运卡,Divination Cards,en
命运同调,Align Fate,en
命运多舛,Cruel Fate,en
命运已定,Known Destiny,en
命运的束缚,Fate Finding,en
命途强塑,Forced Outcome,en
命運倉庫頁,Divination Stash Tab,en
命運將至,Forthcoming,en
命運探尋,Fate Finding,en
命運終結,Fated End,en
咆哮战吼,Roaring Cries,en
咆哮狂猿,The Howling Primate,en
咆哮长杖,Roaring Staff,en
和平使者藥水,The Peacemaker's Draught,en
和死共舞,Dance with Death,en
和河同行,One with the River,en
和火合一,One With Flame,en
和諧發電,Harmonic Generator,en
和諧的痕跡 I,Harmonic Remnants I,en
和諧的痕跡 II,Harmonic Remnants II,en
和谐残迹 I,Harmonic Remnants I,en
和谐残迹 II,Harmonic Remnants II,en
和谐腐化,Harmonic Corruption,en
和風同行,One with the Storm,en
咒刻者,Cursecarver,en
咒怨,Execrate,en
咒祈,Invocation,en
咒符,Charms,en
咒符之力,Sigil of Power,en
咒符恩典,Charm Bounty,en
咒者斗篷,Conjurer Mantle,en
咒術師長袍,Hexer's Robe,en
咒術枯萎,Hexblast,en
咒術綻放,Hex Bloom,en
咫尺天堂,Closer to the Heavens,en
咸潮背甲,Briny Carapace,en
哀嘆之終,Lament No More,en
哀悼终结,End of Mourning,en
哀悼项链,Lament Amulet,en
哀泣崖壁,Mournful Cliffside,en
哀痛欲绝的拉赫兰,Lachlann of Endless Lament,en
哀鳴迴響,Whimpering Echos,en
品味,Savouring,en
品德缺失,Virtueless,en
品质,Quality,en
哈图纳格斯束衣,Hatungo Garb,en
哈斯克，陨落之子,"Hask, the Fallen Son",en
哈特林統帥,Captain Hartlin,en
哈特林船长,Captain Hartlin,en
哥特节杖,Gothic Quarterstaff,en
哨兵,The Sentry,en
哨望,The Sentry,en
哨望之遗产,Legacy of The Sentry,en
哺育万物,Nurturing Nature,en
唐克哈特,Dunkelhalt,en
唐奎尔，烈阳先知,"Tonqui, Seer of the Sun",en
唐玛祖的圣物厅钥匙,Tangmazu's Reliquary Key,en
唐玛祖的香炉,Tangmazu's Thurible,en
唤于深渊,Call Upon the Deep,en
唤雷箭,Stormcaller Arrow,en
唯一使命,Sole Purpose,en
唯一目的,Sole Purpose,en
唯我論,Solus Ipse,en
啃噬肋骨,Gnawed Rib,en
啃噬锁骨,Gnawed Collarbone,en
啃噬颚骨,Gnawed Jawbone,en
商人營地,Merchant's Campsite,en
商城物品,Microtransactions,en
商旅营地,Merchant's Campsite,en
啞風敏捷,Mutewind Agility,en
啟動印記,Activating Marks,en
啟發符文,Inspiration Rune,en
啟示之胎贈,Revelatory Wombgift,en
啟蒙神殿,Enlightening Shrine,en
啟蒙長袍,Enlightened Robe,en
善堤比聖徽,Zantipi's Medallion,en
善堤比靈魂核心,Soul Core of Zantipi,en
喉鳴咆哮,Guttural Roar,en
喋血之刃,Vampiric Blade,en
喚出隱匿之物,Bring Forth the Unseen,en
喚起施行者,Evocational Practitioner,en
喧腾,Roil,en
喧鬧集市,Bazaar,en
單手刀,Messer,en
單挑法杖,Dueling Wand,en
喷流之能,Coursing Energy,en
喷涌电流,Surging Currents,en
嗓音,Voices,en
嗜血,Bloodlust,en
嗜血之刃,Vampiric Blade,en
嗜血狂宴,Sanguine Revelry,en
嗜血的,Bloodthirsty,en
嗜血英雄,Sanguis Heroum,en
嗥猿,The Howling Primate,en
嘲讽,Taunt,en
嘶语催化剂,Sibilant Catalyst,en
嘶鳴催化劑,Sibilant Catalyst,en
器皿聖物,Vase Relic,en
噩兆手套,Ominous Gloves,en
噩兆纹章盾,Omen Crest Shield,en
噩梦循环,Recurring Nightmares,en
噬魂者,Soul Eater,en
嚎叫兽灵,Howling Beast,en
嚴冬,Harsh Winter,en
嚴密保險箱,Secured Strongbox,en
嚴苛,Unforgiving,en
囚徒,The Prisoner,en
囚徒的镣铐,The Prisoner's Manacles,en
囚犯,The Prisoner,en
囚犯的鐐銬,The Prisoner's Manacles,en
囚神杵,Pillar of the Caged God,en
四分纹章盾,Quartered Crest Shield,en
四季流转,Turning of the Seasons,en
回光之迹,Wondertrap,en
回响冰霜,Echoing Frost,en
回响烈焰,Echoing Flames,en
回响脉冲,Echoing Pulse,en
回响雷霆,Echoing Thunder,en
回归自然,Return to Nature,en
回復生命,Regenerates Life,en
回忆,Memories,en
回忆祭仪,Ritual of Memory,en
回應祈禱之兆,Omen of Answered Prayers,en
回收之结界符文,Warding Rune of Salvaging,en
回收利用,Scavenge the Remains,en
回旋挥斩,Whirling Slash,en
回荡,Reverberate,en
回荡冲击,Reverberating Impact,en
回荡战嚎,Echoing Cry,en
回转箭,Reversing Arrows,en
回響,Reverberate,en
回響招架,Reverberating Parry,en
困厄螺旋,Spiral into Depression,en
困苦尖啸,Strugglescream,en
围困瓦尔克拉斯,Wraeclast Besieged,en
固若金汤,Unstoppable Barrier,en
图克哈玛的佳酿,Tukohama's Brew,en
图腾,Totems,en
图腾巨棍,Totemic Greatclub,en
圆顶头盔,Domed Helm,en
國王首級,Head of the King,en
圍城,Lay Siege,en
圍城爆發,Siege Cascade,en
圍攻心理,Siege Mentality,en
圓環鏈錘,Ring Flail,en
圓頂之盔,Domed Helm,en
圖克哈瑪之酒,Tukohama's Brew,en
圖章之胎贈,Signet Wombgift,en
圖騰巨棍棒,Totemic Greatclub,en
團簇炸彈,Cluster Bombs,en
土狼領主．凱爾壯,"Caedron, the Hyena Lord",en
土罐遗物,Amphora Relic,en
圣化物品,Sanctified Items,en
圣印纹章盾,Descry Crest Shield,en
圣地权杖,Shrine Sceptre,en
圣堂武僧,Templar,en
圣堂武僧长衣,Templar Vestments,en
圣徒长衣,Cleric Vestments,en
圣徽纹章盾,Emblem Crest Shield,en
圣水,Sacred Water,en
圣洁法器,Sacred Focus,en
圣洁王冠,Saintly Crown,en
圣洁遗物,Sanctified Relics,en
圣物宝库,The Reliquary Vault,en
圣痕,Stigmata,en
圣礼束衣,Sacramental Robe,en
圣骨箭袋,Sacral Quiver,en
在场,Presence,en
地下暗河,Cenotes,en
地刺风暴,Cascading Storm,en
地區物品,Instance Local Items,en
地印之環,Indigon,en
地图拥有者,Map Owner,en
地图目标引路石掉落,Map Objective Waystone Drops,en
地图碎片,Map Fragments,en
地图节点,Map Node,en
地图记录点,Checkpoints in Maps,en
地图首领,Map Boss,en
地圖檢查點,Checkpoints in Maps,en
地圖目標所掉落的換界石,Map Objective Waystone Drops,en
地圖頭目,Map Boss,en
地心探索可堆叠可插入通货,Delve Stackable Socketable Currency,en
地心探索：可镶嵌的通货,Delve Socketable Currency,en
地标区域,Landmark Area,en
地窖之力,Strength of the Crypt,en
地縛者,Earthbound,en
地缚杖,Earthbound,en
地脈法器,Leyline Focus,en
地脉,Leylines,en
地貌,Biome,en
地震,Tremors,en
均勻加冕之兆,Omen of Homogenising Coronation,en
均勻喜悅之兆,Omen of Homogenising Exaltation,en
均匀气息,Consistent Intake,en
均衡,Equilibrium,en
均衡之符,Astramentis,en
均衡保護符文,Warding Rune of Equinox,en
坏死,Necrosis,en
坑洞之主,Lord of the Pit,en
坚决回敬,Resolute Reprisal,en
坚固之面,Solid Mask,en
坚固位置,Fortified Location,en
坚固战弩,Robust Crossbow,en
坚固裹手,Secured Wraps,en
坚城 I,Fortress I,en
坚城 II,Fortress II,en
坚城壁垒战靴,Bastion Sabatons,en
坚守阵地,Stand and Deliver,en
坚定 I,Steadfast I,en
坚定 II,Steadfast II,en
坚定偏转,Staunch Deflection,en
坚定决心,Steadfast Resolve,en
坚岩遗产,Legacy of Granite,en
坚忍 I,Stoicism I,en
坚忍 II,Stoicism II,en
坚忍屏障,Patient Barrier,en
坚毅之心,Resolute Technique,en
坚毅符文,Resolve Rune,en
坚石塔盾,Stone Tower Shield,en
坚石胫甲,Stone Greaves,en
坚铁护手,Plated Mitts,en
坚铁胫甲,Plated Greaves,en
坚韧图腾 I,Hardy Totems I,en
坚韧图腾 II,Hardy Totems II,en
坚韧心灵,Sturdy Mind,en
坚韧战吼,Fortifying Cry,en
坚韧磨砺,Murderous Intent,en
坚韧血肉,Pliable Flesh,en
坚韧集结,Reinforced Rallying,en
坟场之链,Gravebind,en
坟茔命令,His Grave Command,en
坠饰之衣,Bone Raiment,en
垂柳,Willow,en
垫层护手,Layered Gauntlets,en
埃什塔之雕像,Idol of Eeshta,en
埃哈的野獸儀式,Einhar's Beastrite,en
埃尔扎拉，眼镜蛇领主,"Elzarah, the Cobra Lord",en
埃斯塔祖提的康复灵核,Estazunti's Soul Core of Convalescence,en
埃斯塔祖提的纹章,Estazunti's Medallion,en
埃斯塔祖提的雕像,Idol of Estazunti,en
埃斯特拉的道路,Eshtera's Path,en
埃曼纳姆的凝视,Amanamu's Gaze,en
埃格林魔偶,Idol of Egrin,en
埃狄恩的曲牙,Edyrn's Tusks,en
埃米蘭之裙,Apron of Emiran,en
埃里安的鵝卵石,Erian's Cobble,en
埋葬憎惡,Buried Animosity,en
埋葬沼澤,Burial Bog,en
城塞,Citadel,en
城市入侵,Invaded City,en
城市壁垒,City Walls,en
城市扩张,Urban Sprawl,en
城市蔓延,Urban Sprawl,en
執念保護符文,Warding Rune of Obsession,en
執著祭儀,Obsessive Rituals,en
培育器,Incubators,en
培育神性,Nurture Divinity,en
基底,Base Type,en
基底类型,Base Type,en
基本珠宝,Basic Jewel,en
基础保险箱,Basic Strongbox,en
基础地图,Basic Maps,en
基础技能攻击时间,Base Skill Attack Time,en
基礎珠寶,Basic Jewel,en
堅不可摧,Unbreaking,en
堅不可破,Unbreakable,en
堅固十字弓,Sturdy Crossbow,en
堅固細杖,Hefty Quarterstaff,en
堅固金屬,Sturdy Metal,en
堅堡鎧靴,Bastion Sabatons,en
堅定延伸,Resolute Reach,en
堅實符文,Robust Rune,en
堅實胸甲,Rugged Cuirass,en
堅岩之遺,Legacy of Basalt,en
堅忍衝擊 I,Enduring Impact I,en
堅忍衝擊 II,Enduring Impact II,en
堅木之壘,Wooden Wall,en
堅毅心靈,Mental Perseverance,en
堅決偏斜,Staunch Deflection,en
堅決反擊,Resolute Reprisal,en
堅皮披肩,Pelt Mantle,en
堅皮護腿,Pelt Leggings,en
堅銅戰罩,The Brass Dome,en
堅鋼與巫術,Steel and Sorcery,en
堅鋼鎧甲,Steel Plate,en
堅鐵之力,Iron Grip,en
堅韌,Toughness,en
堅韌之吼,Fortifying Cry,en
堅韌之血,Fortifying Blood,en
堅韌之魂,Resilient Soul,en
堅韌守護,Resilient Wards,en
堅韌思維,Sturdy Mind,en
堆砌,Pile On,en
堕落之源欧罗什,"Olroth, Origin of the Fall",en
堡垒塔盾,Bulwark Tower Shield,en
堡垒胫甲,Bulwark Greaves,en
堡壘,Bastille,en
堡壘 I,Fortress I,en
堡壘 II,Fortress II,en
堤卡巴靈魂核心,Soul Core of Ticaba,en
堤防光环,Embankment Auras,en
堯馬克奉獻寶珠,Yaomac's Orb of Sacrifice,en
報復 I,Retaliate I,en
報復 II,Retaliate II,en
塑像塔盾,Effigial Tower Shield,en
塑命巨匠,Fleshcrafting,en
塑成惊涛,Waveshaper,en
塑时术师,Chronomancer,en
塑烛者,Candlemaker,en
塑烛者之遗产,Legacy of Candlemaker,en
塑造锁链,Shape the Chains,en
塔克司之騎士,Knight of Tarcus,en
塔卡提之怒,Tacati's Ire,en
塔卡提的折磨灵核,Tacati's Soul Core of Affliction,en
塔卡提的灵核,Soul Core of Tacati,en
塔库斯骑士,Knight of Tarcus,en
塔斯之光的西雷尔,Cirel of Tarth's Light,en
塔斯古尔，吞光者,"Tasgul, Swallower of Light",en
塔斯的西瑞爾之光,Cirel of Tarth's Light,en
塔普塔特靈魂核心,Soul Core of Topotante,en
塔林的颤栗之语,Taryn's Shiver,en
塔瓦凯，酋长,"Tavakai, the Chieftain",en
塔萨里奥法器,Tasalian Focus,en
塔萨里奥的律动,Tasalio's Rhythm,en
塔萨里奥胫甲,Tasalian Greaves,en
塔赫亚塔盾,Tawhoan Tower Shield,en
塔赫亚巨棍,Tawhoan Greatclub,en
塔赫亚的照料,Tawhoa's Tending,en
塔赫亞巨棍棒,Tawhoan Greatclub,en
塔赫亞的照顧,Tawhoa's Tending,en
塗層匕首,Coated Knife,en
塗層武器,Coated Arms,en
塞丝克伯爵夫人的箭术符文,Countess Seske's Rune of Archery,en
塞拉斯，覆鳞者,"Serath, the Scaled One",en
塵土之花,Dustbloom,en
墓中之手,Hand in the Grave,en
增加技能使用時間,Added Skill Use Time,en
增加生命,Increased Life,en
增加範圍效果,Increased Area of Effect,en
增固护手,Bolstered Mitts,en
增幅,Augment,en
增幅光環 I,Magnified Area I,en
增幅光環 II,Magnified Area II,en
增幅器,Augment,en
增幅液態怨恨,Potent Liquid Contempt,en
增幅液態憂鬱,Potent Liquid Melancholy,en
增幅液態蔑視,Potent Liquid Ferocity,en
增幅石,Orb of Augmentation,en
增幅血肉,Augmented Flesh,en
增強攻擊,Enhancing Attacks,en
增強詛咒,Heightened Curse,en
增强图腾 I,Reinforced Totems I,en
增强图腾 II,Reinforced Totems II,en
增援之兆,Omen of Reinforcements,en
增援保護符文,Warding Rune of Reinforcement,en
增援预兆,Omen of Reinforcements,en
增添能力總量,Adding to Stat Totals,en
增益/减益效果,Buff/Debuff Effect,en
增益/减益状态强度,Buff/Debuff Magnitude,en
增益效果,Buffs,en
增益效果／減益效果幅度,Buff/Debuff Magnitude,en
增长财富,Growing Wealth,en
墮炎．沃納斯,"Vornas, the Fell Flame",en
墮落之子．哈斯克,"Hask, the Fallen Son",en
墮落先知．梅德偉,"Medved, the Fallen Seer",en
墮落巨棍棒,Felled Greatclub,en
墮落起源．奧爾羅斯,"Olroth, Origin of the Fall",en
壁垒,Bulwark,en
壁垒塔盾,Rampart Tower Shield,en
壁壘猛禽,Rampart Raptor,en
壁壘脛甲,Bulwark Greaves,en
壓倒性恐懼,Fear Overwhelming,en
壓倒性的存在,Overwhelming Presence,en
壓倒性的身姿,Hulking Form,en
壓力點,Pressure Points,en
壓抑,Suppress,en
壓碎,Crushed,en
壕溝,Trenches,en
壕溝之音,Trenchtimbre,en
壞滅災變,Apocalypse,en
士兵之盔,Soldier Helm,en
士兵头盔,Soldier Helm,en
士兵巨盔,Soldier Greathelm,en
士兵战靴,Soldiering Sabatons,en
士兵胸甲,Soldier Cuirass,en
壮心不已,Hale Heart,en
壮志奇才,Aspiring Genius,en
壮汉,Beef,en
壯膽咆哮,Bolstering Yell,en
声东击西,Distracted Target,en
声望符文,Rune of Renown,en
壶瓮遗物,Urn Relic,en
处决 I,Execute I,en
处决 II,Execute II,en
处决 III,Execute III,en
复仇,Vengeance,en
复仇之怒,Vengeful Fury,en
复仇之灵,Minion Instability,en
复仇之骨,Vengeful Bones,en
复仇之魂,Vengeful Soul,en
复仇火雨,Vengeful Skyfire,en
复仇追逐,Vengeful Chase,en
复兴执政官,Resurging Archon,en
复制物品,Mirrored Items,en
复合点燃,Compounding Ignite,en
复活限制,Revival Availability,en
复用式弹药,Reusable Ammunition,en
复苏预兆,Omen of Resurgence,en
夏乌拉之手,Hand of Chayula,en
夏乌拉之焰,Flame of Chayula,en
夏乌拉之赐,Chayula's Gift,en
夏乌拉催化剂,Chayula's Catalyst,en
夏乌拉执政官,Archon of Chayula,en
夏乌拉追随者,Acolyte of Chayula,en
夏巴夸亚的撕裂,Xibaqua's Rending,en
夏日草甸,Summer Meadows,en
夏波卡多的统御灵核,Xipocado's Soul Core of Dominion,en
夏波卡多的阴谋,Xipocado's Machinations,en
夏波卡多，皇家建筑师,"Xipocado, Royal Architect",en
夏烏拉之炎,Flame of Chayula,en
夏烏拉之眼,Eye of Chayula,en
夏烏拉之禮,Chayula's Gift,en
夏烏拉之紅炎,Red Flames of Chayula,en
夏烏拉之紫炎,Purple Flame of Chayula,en
夏烏拉之藍炎,Blue Flames of Chayula,en
夏烏拉侍僧,Acolyte of Chayula,en
夏烏拉的催化劑,Chayula's Catalyst,en
夏烏拉統治者,Archon of Chayula,en
外域,Outlands,en
多样控制,Diverse Control,en
多滋多味,Discerning Taste,en
多管齐下,Multitasking,en
多變之星,The Mutable Star,en
多里亚尼的杰作,Doryani's Triumph,en
多里亚尼的试作甲,Doryani's Prototype,en
多里亚尼，皇家奇术师,"Doryani, Royal Thaumaturge",en
多里亞尼之型,Doryani's Prototype,en
多里亞尼的凱旋,Doryani's Triumph,en
多重射击,Multi Shot,en
多重射击 I,Multishot I,en
多重射击 II,Multishot II,en
多重箭矢,Multi Shot,en
多重范围施法,Spell Cascade,en
夜临,Nightfall,en
夜之噬,Night's Bite,en
夜墜,Nightfall,en
夜幕,Veil of the Night,en
夜惡降臨,Darkness Enthroned,en
夜曲,Nocturne,en
夜梟魔偶,Owl Idol,en
夜鳞,Nightscale,en
夢境之戒,Oneiric Ring,en
夢境漆黑神殿,Dreaming Gloom Shrine,en
夢境細杖,Dreaming Quarterstaff,en
夢醒,Waking Dream,en
夢魘重現,Recurring Nightmares,en
大卸八块,Dispatch Foes,en
大地符文,Earth Rune,en
大地粉碎者．魔籠,"Rattlecage, the Earthbreaker",en
大地震击,Sunder,en
大型探險,Grand Expedition,en
大型鏈錘,Great Flail,en
大好时机 I,Window of Opportunity I,en
大好时机 II,Window of Opportunity II,en
大师符文,Masterwork Rune,en
大師,The Master,en
大幅廢止之兆,Omen of Greater Annulment,en
大幅提升之兆,Omen of Greater Exaltation,en
大森林 II,Greatwood II,en
大法师,Archmage,en
大白鯊,Great White One,en
大砍刀,Messer,en
大草原,Savannah,en
大裁決者．奧瑞利安,"Aurelian, the Grand Adjudicator",en
大野豬,The Great Boar,en
天之禍殃,Scourge of the Skies,en
天冠冠冕,Skycrown Tiara,en
天冠頭冠,Skycrown Tiara,en
天启,Apocalypse,en
天启使者,Bringer of the Apocalypse,en
天啟先知,Oracle,en
天坑,Sinkhole,en
天堂異象,Visions of Paradise,en
天墜,Skyfall,en
天崩地裂,Earthbreaker,en
天底,Nadir,en
天然井,Cenotes,en
天然免疫力,Natural Immunity,en
天生權利扣環,Birthright Buckle,en
天生甲壳,Innate Carapace,en
天生符文,Innate Rune,en
天界合金,Celestial Alloy,en
天眼开,With Eyes Open,en
天神之音,Voices,en
天空先知．巴拉克,"Bahlak, the Sky Seer",en
天空灾星,Scourge of the Skies,en
天空符文,Sky Rune,en
天赋扣带,Birthright Buckle,en
天赋继承,Inherited Talents,en
天选之人,The Ordained,en
天选之子,The Chosen Children,en
天選之所,Site of the Chosen,en
天銀,Skysliver,en
天降杀机,Skyfall,en
天陨荒原,Moor of Fallen Skies,en
天雷之珠,Ball Lightning,en
天雷轰顶,Thunderstruck,en
天雷魔符,Thunder Talisman,en
天顶 I,Zenith I,en
天顶 II,Zenith II,en
天鵝絨便帽,Velvet Cap,en
太腥花之亂,Bloody Flowers' Rebellion,en
太阳大殿,Sun Temple,en
太陽神殿,Sun Temple,en
夭尔塔，可憎之女,"Yaota, the Loathsome",en
失神项链,Absent Amulet,en
失落之塔,Lost Towers,en
失落城塢,Port,en
失落的宝钻,Time-Lost Diamond,en
失落的建築師,The Lost Architect,en
失落的红玉,Time-Lost Ruby,en
失落的翡翠,Time-Lost Emerald,en
失落的蓝玉,Time-Lost Sapphire,en
失落筑师,The Lost Architect,en
失落高塔,Lost Towers,en
失血,Blood Loss,en
失衡反击,Off-Balancing Retort,en
失衡法杖,Volatile Wand,en
失衡节奏,Unsteady Tempo,en
头昏眼花,Disorientation,en
头狼之灵,Spirit Of The Wolf,en
头盔,Helmets,en
头脑风暴,Brain Storm,en
夸特之帶,Quatl's Molt,en
夺命力量,Deadly Force,en
夺目眩光,Blinding Flash,en
奇塔夸雷特的圣典,Citaqualotl's Thesis,en
奇塔夸雷特的灵核,Soul Core of Citaqualotl,en
奇塔夸雷特的腐秽灵核,Citaqualotl's Soul Core of Foulness,en
奇塔弗匠师,Smith of Kitava,en
奇塔弗印记,Kitavan Imprint,en
奇塔弗奉獻,Dedication to Kitava,en
奇塔弗工匠,Smith of Kitava,en
奇塔弗銘刻,Kitavan Imprint,en
奇塔弗铭文,Kitavan Engraving,en
奇塔弗雕紋,Kitavan Engraving,en
奇多可之流,Kitoko's Current,en
奇思妙想,Ingenuity,en
奇托克的洪流,Kitoko's Current,en
奇术之力,Thaumaturgical Aptitude,en
奇术发生器,Thaumaturgic Generator,en
奇术活力,Thaumaturgical Dynamism,en
奇术深造,Advanced Thaumaturgy,en
奇术灌输,Thaumaturgical Infusion,en
奇术防御,Thaumaturgical Protection,en
奇特堅固石頭,Curiously Durable Stone,en
奇美拉赛克鲁西安,"Xyclucian, the Chimera",en
奇術之資,Thaumaturgical Aptitude,en
奇術之騎士,Knight of Chitus,en
奇術注入,Thaumaturgical Infusion,en
奇術熔劑（等級10）,Thaumaturgic Flux (Level 10),en
奇術熔劑（等級11）,Thaumaturgic Flux (Level 11),en
奇術熔劑（等級12）,Thaumaturgic Flux (Level 12),en
奇術熔劑（等級13）,Thaumaturgic Flux (Level 13),en
奇術熔劑（等級14）,Thaumaturgic Flux (Level 14),en
奇術熔劑（等級15）,Thaumaturgic Flux (Level 15),en
奇術熔劑（等級16）,Thaumaturgic Flux (Level 16),en
奇術熔劑（等級17）,Thaumaturgic Flux (Level 17),en
奇術熔劑（等級18）,Thaumaturgic Flux (Level 18),en
奇術熔劑（等級19）,Thaumaturgic Flux (Level 19),en
奇術熔劑（等級20）,Thaumaturgic Flux (Level 20),en
奇術熔劑（等級5）,Thaumaturgic Flux (Level 5),en
奇術熔劑（等級6）,Thaumaturgic Flux (Level 6),en
奇術熔劑（等級7）,Thaumaturgic Flux (Level 7),en
奇術熔劑（等級8）,Thaumaturgic Flux (Level 8),en
奇術熔劑（等級9）,Thaumaturgic Flux (Level 9),en
奇術發動機,Thaumaturgic Generator,en
奇術禦防,Thaumaturgical Protection,en
奇货可居,Known Value,en
奉命 I,Bidding I,en
奉命 II,Bidding II,en
奉命 III,Bidding III,en
奉圣庇护所,Sacrosanctum,en
奉愿之衣,Votive Raiment,en
奉承魔偶,Idol of the Sycophant,en
奉献,Consecrate,en
奉献之斧,Sacrificial Axe,en
奉献地面,Consecrated Ground,en
奉献技能,Offering Skills,en
奋发的偶像,Rallying Icon,en
奋威,Rally,en
奎波拉特尔的圣典,Quipolatl's Thesis,en
奎波拉特尔的波流灵核,Quipolatl's Soul Core of Flow,en
奎波拉特尔的灵核,Soul Core of Quipolatl,en
奎波拉特尔的纹章,Quipolatl's Medallion,en
奎爾珊的守護符文,Craiceann's Rune of Warding,en
奎爾珊的恢復符文,Craiceann's Rune of Recovery,en
契合精準,Bonded Precision,en
契機,Opportunity,en
契約書,Contracts,en
契约,Contracts,en
奔放,Effervescent,en
奔波袭击,Running Assault,en
奔流之衣,Flowing Raiment,en
奔流溪涧,Creek,en
奔流能量,Coursing Energy,en
奔涌兽灵,Surging Beast,en
奔涌潮汐,Surge of the Tide,en
奔走者背心,Runner Vest,en
奔踏,Stampede,en
奔雷疾走,Coursing Current,en
奢华便鞋,Luxurious Slippers,en
奢华长袍,Luxurious Robe,en
奢華之胎贈,Lavish Wombgift,en
奢靡手套,Opulent Gloves,en
奢靡符文,Opulent Rune,en
奥利哈刚战矛,Orichalcum Spear,en
奥斯温，恐惧典狱长,"Oswin, the Dread Warden",en
奥术师的铭刻,Arcanist's Etcher,en
奥术附身,Arcane Possession,en
奥杜尔之传说,Aldur's Saga,en
奥杜尔之呼吸,Breath of Aldur,en
奥杜尔之忿怒,Ire of Aldur,en
奥杜尔之热情,Passion of Aldur,en
奥杜尔之背叛,Betrayal of Aldur,en
奥杜尔的遗产,Aldur's Legacies,en
奥瑞利安，大裁决者,"Aurelian, the Grand Adjudicator",en
奥罗顿，无情者,"Oloton, the Remorseless",en
奥辛之誓,Oisín's Oath,en
奧敦塑像,Idol of Uldurn,en
奧札爾胸甲,Utzaal Cuirass,en
奧格姆的遺贈,Ogham's Legacy,en
奧法附身,Arcane Possession,en
奧爾巴拉渡口,Orbala's Crossing,en
奧爾羅斯的信念,Olroth's Conviction,en
奧爾羅斯的傲慢,Olroth's Hubris,en
奧爾羅斯的傳奇,Olroth's Saga,en
奧爾羅斯的寶庫鑰匙,Olroth's Reliquary Key,en
奧爾羅斯的決心,Olroth's Resolve,en
奧爾羅斯的烈陽之徽,Olroth's Crest of the Sun,en
奧術本質,Arcane Nature,en
奧術短刀,Arcane Dirk,en
奧術符文,Arcane Rune,en
奧術蝕刻師,Arcanist's Etcher,en
奪取殘餘,Scavenge the Remains,en
女巫,Witch,en
女巫克星,Witchbane,en
女巫殺手,Witchbane,en
女巫獵人,Witchhunter,en
女巫阿桑德拉的智慧符文,Hedgewitch Assandra's Rune of Wisdom,en
女猎手,Huntress,en
女獵人,Huntress,en
女王冲锋,Queen's Procession,en
女王祭品,Offerings to the Queen,en
女王進軍,Queen's Procession,en
女皇之捷,Herald of the Royal Queen,en
女術者,Sorceress,en
奸笑鬣狗群,Cackling Companions,en
她的宣告,Her Declaration,en
她的宣言,Her Declaration,en
她的最後一口,Her Final Bite,en
好奇万灵,Curious Spirits,en
好奇的炼金师,Waking Dream,en
好奇魂靈,Curious Spirits,en
好战者巨盔,Warmonger Greathelm,en
好戰者之弓,Militant Bow,en
好手氣,Feeling Lucky?,en
好相處,Easy Going,en
如低语所愿,As the Whispers Demand,en
如履薄冰,Thin Ice,en
妄想幻象異界,Simulacrum of Delusion,en
妄想症,Megalomaniac,en
妨害,Impair,en
姆哈查之贈,The Mhacha's Gift,en
始料未及的後果,Unforeseen Consequences,en
姿態破壞者,Stance Breaker,en
威压裁决,Crushing Judgement,en
威嚇,Intimidate,en
威猛银拳,Mighty Silverfist,en
威能法印,Sigil of Power,en
威震,Tremors,en
娴熟,Finesse,en
娴熟手法,Practiced Signs,en
娴熟本能,Honed Instincts,en
娴熟连击,Practiced Combo,en
嫩枝頭環,Twig Circlet,en
嫻熟符文,Adept Rune,en
子彈如流,Streamlined Rounds,en
子彈貫穿,Passthrough Rounds,en
子母弹,Payload,en
孕育石,Incubators,en
孕育赠礼,Wombgifts,en
存在範圍,Presence,en
存活儀式．燭光,"Candlemass, the Living Rite",en
孜孜不倦,Tireless,en
季節循環,Turning of the Seasons,en
季節賜福,Seasonal Blessing,en
季节变迁,The Changing Seasons,en
季节祝福,Seasonal Blessing,en
孤注一掷,Desperation,en
孤注一擲,Double or Nothing,en
孤立,Isolated,en
宁心,Pacification,en
守护之盔,Guarded Helm,en
守护星辉矿石,Warding Starlit Ore,en
守护者之弓,Guardian Bow,en
守护者修道院,Monastery of the Keepers,en
守护者战矛,Guardian Spear,en
守护者的决心,Defender's Resolve,en
守护者的核心,Core of the Guardian,en
守护者第一教令,First Teachings of the Keeper,en
守护者节杖,Guardian Quarterstaff,en
守护节杖,Warding Quarterstaff,en
守望之塔,Watchtowers,en
守虛者,The Hollowkeeper,en
守護,Guard,en
守護塔盾,Bulwark Tower Shield,en
守護神器,Warding Fetish,en
守護細杖,Guardian Quarterstaff,en
守護者之弓,Warden Bow,en
守護者核心,Core of the Guardian,en
守護者的初次教誨,First Teachings of the Keeper,en
守護者．風暴血獸,"Stormgore, the Guardian",en
守護藥劑,Warding Potions,en
守護財富,Guarded Wealth,en
守路人,Pathkeepers,en
安魂曲,Requiem,en
完全康复,Full Recovery,en
完全恢復,Full Recovery,en
完全精炼,Complete Refinement,en
完美,Perfection,en
完美一击,Perfect Strike,en
完美丰裕精华,Perfect Essence of Opulence,en
完美保護符文,Perfect Ward Rune,en
完美信条,Immaculate Adherence,en
完美健壮符文,Perfect Robust Rune,en
完美充能符文,Perfect Charging Rune,en
完美冰川符文,Perfect Glacial Rune,en
完美冰霜精华,Perfect Essence of Ice,en
完美启迪符文,Perfect Inspiration Rune,en
完美命令精华,Perfect Essence of Command,en
完美命令精髓,Perfect Essence of Command,en
完美啟發符文,Perfect Inspiration Rune,en
完美图景,Flawless Patterns,en
完美坚毅符文,Perfect Resolve Rune,en
完美堅實符文,Perfect Robust Rune,en
完美增幅石,Perfect Orb of Augmentation,en
完美增益效果,Perfection Buff,en
完美增益状态,Perfection Buff,en
完美处决,Flawless Execution,en
完美契合,Immaculate Adherence,en
完美嫻熟符文,Perfect Adept Rune,en
完美富豪石,Perfect Regal Orb,en
完美寒冰精髓,Perfect Essence of Ice,en
完美寻觅精华,Perfect Essence of Seeking,en
完美岩石符文,Perfect Stone Rune,en
完美崇高石,Perfect Exalted Orb,en
完美工匠石,Perfect Jeweller's Orb,en
完美巫術精髓,Perfect Essence of Sorcery,en
完美幻象符文,Perfect Vision Rune,en
完美強化精髓,Perfect Essence of Enhancement,en
完美强化精华,Perfect Essence of Enhancement,en
完美心智精髓,Perfect Essence of the Mind,en
完美心灵符文,Perfect Mind Rune,en
完美心灵精华,Perfect Essence of the Mind,en
完美急速精华,Perfect Essence of Haste,en
完美戰鬥精髓,Perfect Essence of Battle,en
完美打擊,Perfect Strike,en
完美探尋精髓,Perfect Essence of Seeking,en
完美接地精华,Perfect Essence of Grounding,en
完美接地精髓,Perfect Essence of Grounding,en
完美摧灭精华,Perfect Essence of Ruin,en
完美时机,Perfect Timing,en
完美暴風符文,Perfect Storm Rune,en
完美机遇,Perfect Opportunity,en
完美樣式,Flawless Patterns,en
完美毀滅精髓,Perfect Essence of Ruin,en
完美永恒精华,Perfect Essence of the Infinite,en
完美決心符文,Perfect Resolve Rune,en
完美沙漠符文,Perfect Desert Rune,en
完美混沌石,Perfect Chaos Orb,en
完美溶剂,Perfect Flux,en
完美激战精华,Perfect Essence of Battle,en
完美烈焰精华,Perfect Essence of Flames,en
完美烈焰精髓,Perfect Essence of Flames,en
完美無限精髓,Perfect Essence of the Infinite,en
完美熔劑,Perfect Flux,en
完美熔解精华,Perfect Essence of Thawing,en
完美电光精华,Perfect Essence of Electricity,en
完美磐石符文,Perfect Stone Rune,en
完美磨礪精髓,Perfect Essence of Abrasion,en
完美磨蚀精华,Perfect Essence of Abrasion,en
完美结界符文,Perfect Ward Rune,en
完美绝缘精华,Perfect Essence of Insulation,en
完美耐力,Perfected Endurance,en
完美肉體符文,Perfect Body Rune,en
完美肉體精髓,Perfect Essence of the Body,en
完美蜕变石,Perfect Orb of Transmutation,en
完美行動,Flawless Execution,en
完美行家符文,Perfect Adept Rune,en
完美解凍精髓,Perfect Essence of Thawing,en
完美豐裕精髓,Perfect Essence of Opulence,en
完美身躯符文,Perfect Body Rune,en
完美身躯精华,Perfect Essence of the Body,en
完美輕快精髓,Perfect Essence of Alacrity,en
完美迅捷精华,Perfect Essence of Alacrity,en
完美迅捷精髓,Perfect Essence of Haste,en
完美遠見符文,Perfect Vision Rune,en
完美重生符文,Perfect Rebirth Rune,en
完美鍛鐵符文,Perfect Iron Rune,en
完美钢铁符文,Perfect Iron Rune,en
完美隔絕精髓,Perfect Essence of Insulation,en
完美電能精髓,Perfect Essence of Electricity,en
完美风暴符文,Perfect Storm Rune,en
完美魔法精华,Perfect Essence of Sorcery,en
宏伟战矛,Grand Spear,en
宏伟护腕,Grand Bracers,en
宏伟计划,The Grand Project,en
宏偉之鏡,Grand Mirror,en
宏偉手鐲,Grand Manchettes,en
宏偉樣式,Greater Pattern,en
宏偉腿甲,Grand Cuisses,en
宏偉華服,Grand Regalia,en
宏偉長矛,Grand Spear,en
宏偉面紗,Grand Visage,en
宏大图景,Greater Pattern,en
宗室纹章盾,Sectarian Crest Shield,en
宗派紋章盾,Sectarian Crest Shield,en
定向打击,Targeted Strike,en
定时引爆,Buried Ambition,en
定期無敵光環,Periodic Invulnerability Aura,en
定身,Pinned,en
定身 I,Pin I,en
定身 II,Pin II,en
定身 III,Pin III,en
宝库钥匙,Vault Keys,en
宝石匠的棱镜,Gemcutter's Prism,en
宝石手套,Jewelled Gloves,en
宝石爱好者,Gem Enthusiast,en
宝石的伏击,Gemling Ambush,en
宝钻,Diamond,en
实用军械,Utility Ordnance,en
实用魔法I,Practical Magic I,en
实用魔法II,Practical Magic II,en
实际几率,Effective Chance,en
审慎施法,Considered Casting,en
宣洩,Catharsis,en
家傳腕帶,Heirloom Cuffs,en
家園守衛巨盔,Homeguard Greathelm,en
家徽紋章盾,Blazon Crest Shield,en
家族魔符,Familial Talisman,en
容錯裝置,Tolerant Equipment,en
容错装备,Tolerant Equipment,en
宽口靴,Flared Boots,en
宽大腰带,Wide Belt,en
宽广屏障,Wide Barrier,en
宽沿之盔,Brimmed Helm,en
宽矢箭袋,Broadhead Quiver,en
宽首长矛,Broad Spear,en
宿敌崛起,Nemesis Rising,en
宿敵詞綴,Archnemesis Mods,en
寂灵之渊,Caldera,en
寂纏彈,Coiling Bolts,en
寂静之谜,Mysteries of Silence,en
寂静地窟,Crypt,en
寂静窟,The Silent Cave,en
寂靜小刀,Silent Shiv,en
密会塔盾,Cultist Tower Shield,en
密会手甲,Cultist Gauntlets,en
密会法器,Cultist Focus,en
密士之衣,Mystic Raiment,en
密室之兆,Omen of Secret Compartments,en
密教头冠,Cultist Crown,en
密登加德之裔,Born of Middengard,en
富有流亡者,Wealthy Exiles,en
富有流放者,Wealthy Exiles,en
富豪石,Regal Orb,en
富豪石碎片,Regal Shard,en
富贵之运,Aurseize,en
富足血統,Bountiful Bloodlines,en
富饶的血脉,Bountiful Bloodlines,en
寒冬之嘲．梨歐娜,"Riona, Winter's Cackle",en
寒冬之林,Winter Forest,en
寒冬塑形,Shaper of Winter,en
寒冬难避,Inescapable Cold,en
寒冬雕塑者,Shaper of Winter,en
寒冰之壁,Ice Walls,en
寒冰之息,Breath of Ice,en
寒冰之捷,Herald of Ice,en
寒冰利爪,Frozen Claw,en
寒冰弹,Frostbolt,en
寒冰掌,Gelid Palm,en
寒冰波,Wave of Frost,en
寒冰洞穴,Ice Cave,en
寒冰碎片,Ice Fragments,en
寒冰祭仪,Ritual of Stillness,en
寒冰秘仪,Cult of Ice,en
寒冰精髓,Essence of Ice,en
寒冰統治者,Ice Archon,en
寒冰蔓延,Creeping Chill,en
寒冰軌跡,Frozen Locus,en
寒焰,Heatshiver,en
寒芒巨剑,Keen Greatsword,en
寒锋之卫,Rearguard,en
寒霜之鏢,Frost Darts,en
寒霜凍身,Flesh to Frost,en
寒霜化身,Embodiment of Frost,en
寒霜噬咬,Biting Frost,en
寒霜外衣,Cold Coat,en
寒霜浪涌,Wave of Frost,en
寒霜爆,Frost Bomb,en
寒霜蚀骨,Chilled to the Bone,en
寒霜行者,Frostwalker,en
寒風峭壁,Frigid Bluffs,en
寡妇的统治,Widow's Reign,en
寡婦統治,Widow's Reign,en
實用腰帶,Utility Belt,en
實用裹手,Utility Wraps,en
實用魔法 I,Practical Magic I,en
實用魔法 II,Practical Magic II,en
寨达的长寿,Zaida's Longevity,en
審慎,Deliberation,en
寬頭箭袋,Broadhead Quiver,en
寶物 I,Bounty I,en
寶珠技能,Orb Skills,en
寶石,Gems,en
寶石之源,Bijouborne,en
寶箱聖物,Coffer Relic,en
寶鑽之遺,Legacy of Diamond,en
对抗元素,Against the Elements,en
寻宝者的心眼,Eye of Chayula,en
寻战之弓,Warmonger Bow,en
寻觅神龛,Seeking Shrine,en
寻觅精华,Essence of Seeking,en
寻路者,Path Seeker,en
寻路者外套,Pathfinder Coat,en
导引陨星神龛,Guided Meteoric Shrine,en
导引霜寒神龛,Guided Freezing Shrine,en
导引风暴神龛,Guided Tempest Shrine,en
导电,Conductivity,en
导电符文,Conductive Runes,en
封冻枢纽,Frost Nexus,en
封印和封印技能,Seals and Sealed Skills,en
封印宝库,Sealed Vault,en
封印的寶庫,Sealed Vault,en
封印與封印技能,Seals and Sealed Skills,en
封印遗物,Seal Relic,en
封装箭袋,Wrapped Quiver,en
封锁,Lockdown,en
封锁区域,Zone of Control,en
封閉測試,Closed Beta,en
封闭之盔,Closed Helm,en
将军的铁壁,General's Bindings,en
將就妥協,Settle for Less,en
將軍的束縛,General's Bindings,en
專業搜查,Specialised Seeker,en
專注擊殺,In for the Kill,en
專注突刺,Focused Thrust,en
專注詛咒,Focused Curse,en
尊崇星辉矿石,Revered Starlit Ore,en
尊敬法衣,Revered Vestments,en
對所有擊中給予反擊,Retaliate against all Hits,en
導師,Mentorship,en
導雷,Lightning Conduit,en
小型天赋,Small Passives,en
小富即安,Settle for Less,en
小心翼翼,Careful Consideration,en
小溪,Creek,en
小菜一碟,Cooked,en
小贩外衣,Hawker's Jacket,en
尔奇的巨灵之锤,Marohi Erqi,en
尖刺守护轻盾,Spikeward Buckler,en
尖刺战吼,Earthshatter,en
尖刺战矛,Spiked Spear,en
尖刺护腕,Spiked Bracers,en
尖刺深坑,Spike Pit,en
尖刺盾牌,Spiked Shield,en
尖刺衬板,Spiked Plates,en
尖刺護甲,Spiked Armour,en
尖刺轻盾,Spiked Buckler,en
尖刺鎧甲,Spiked Plates,en
尖刺長矛,Spiked Spear,en
尖刺长鞭,Spiked Whip,en
尖刺陷阱,Spike Pit,en
尖刺隆岩,Jagged Swell,en
尖刺鞭笞,Spiked Whip,en
尖刺风暴,Bonestorm,en
尖刻,Acrimony,en
尖叉長矛,Pronged Spear,en
尖端弹药,Advanced Munitions,en
尖衛輕盾,Spikeward Buckler,en
尖銳重錘,Pointed Maul,en
尖錐魔符,Spiny Talisman,en
尖頂巨盔,Spired Greathelm,en
尖鸣电浪,Rattled,en
尘绽,Dustbloom,en
尸体之握,Corpse's Clutch,en
尼布洛克,Nebuloch,en
局势逆转者,Tidebreaker,en
层叠毒素,Stacking Toxins,en
层叠锁甲,Lamellar Mail,en
层数,Staged,en
层数叠加技能,Stage-Gaining Skills,en
层钢战靴,Stacked Sabatons,en
屈曲十字弓,Flexed Crossbow,en
屈服于初生之子,Cower Before the First Ones,en
屈辱,Abasement,en
屍術矢,Unearth,en
屍骨之握,Corpse's Clutch,en
屍骨之靴,Corpsewade,en
屍體,Corpses,en
屍體保存,Corpse Conservation,en
屍體激勵,Quickened Corpses,en
屍體爆破,Detonate Dead,en
屏障咒言,Barrier Invocation,en
屏障祈願,Barrier Invocation,en
屏障細杖,Barrier Quarterstaff,en
展翼長矛,Soaring Spear,en
展開護盾,Raise Shield,en
展露之指,Unfurled Finger,en
属性,Attributes,en
属性转化,Stat Conversion,en
屠戮之心,Carnage Heart,en
屠戮之械,Singular Purpose,en
屠戮打擊,Decimating Strike,en
層壓輕盾,Laminate Buckler,en
層板護手,Layered Gauntlets,en
山之教诲,Mountain's Teachings,en
山地专精,Mountain Mastery,en
山地之息,Breath of the Mountains,en
山地精華,Essence of the Mountain,en
山地精通,Mountain Mastery,en
山岭的传承,Sierran Inheritance,en
山岳之怒,Fury of the Mountain,en
山嶺之怒,Fury of the Mountain,en
山嶺教誨,Mountain's Teachings,en
山巒之道,Way of the Mountain,en
山海之間,Between Sand and Sea,en
山銅長矛,Orichalcum Spear,en
屹立不搖,Unyielding,en
岚舞长枪,Storm Lance,en
岛上流言,Island Rumours,en
岡姆之祝,Kaom's Blessing,en
岡姆的癲狂,Kaom's Madness,en
岩池,Rockpools,en
岩浆屏障,Magma Barrier,en
岩石圓盾,Stone Targe,en
岩石城塞,Stone Citadel,en
岩石塔盾,Stone Tower Shield,en
岩石巨劍,Stone Greatsword,en
岩石符文,Stone Rune,en
岩石胸甲,Stone Cuirass,en
岩石脛甲,Stone Greaves,en
岩石護符,Stone Charm,en
岩石鏈錘,Stone Flail,en
峭壁,Bluff,en
島嶼傳言,Island Rumours,en
峽谷,Gorge,en
崇敬基準符文,Rune of Foundations,en
崇敬宗师,Hallowed,en
崇敬對峙符文,Rune of Confrontation,en
崇敬巧技符文,Rune of Acrobatics,en
崇敬星耀礦石,Revered Starlit Ore,en
崇敬樹脂,Revered Resin,en
崇敬活力符文,Rune of Vitality,en
崇敬狩獵符文,Rune of the Hunt,en
崇敬生命火焰符文,Rune of Vital Flame,en
崇敬稜鏡符文,Rune of the Prism,en
崇敬積累符文,Rune of Accumulation,en
崇敬精通符文,Rune of the Blossom,en
崇敬終點符文,Rune of Culmination,en
崇敬聲望符文,Rune of Renown,en
崇敬觸及符文,Rune of Reach,en
崇敬連貫符文,Rune of Consistency,en
崇礼长衣,Revered Vestments,en
崇高之巔,Lofty Summit,en
崇高石,Exalted Orb,en
崎岖之地,Jagged Ground,en
崎岖之地 I,Jagged Ground I,en
崎岖之地 II,Jagged Ground II,en
崎岖膨胀,Jagged Swell,en
崎岖贯穿,Perforation,en
崎嶇半島,Craggy Peninsula,en
崔非那,Trephina,en
崖壁,Cliffside,en
崖际岛,Cliffside,en
崛起之王．賈嫚拉,"Jamanra, the Risen King",en
崛起風暴,Rising Tempest,en
崩塌的地平線,Collapsing Horizon,en
崩塌视界,Collapsing Horizon,en
崩毀重錘,Crumbling Maul,en
崩溃边缘 I,Brink I,en
崩溃边缘 II,Brink II,en
崩裂,Sundering,en
崩裂血脉,Blood Tearing,en
崩解保護符文,Warding Rune of Disintegration,en
崩解耐力,Break Endurance,en
崩解重錘,Disintegrating Maul,en
崩雷鳴,Falling Thunder,en
崩飞之力,Radial Force,en
嵌宝美玉,Gem Studded,en
嵌板之衣,Plated Raiment,en
嵌板腰带,Plate Belt,en
嵌板轻盾,Plated Buckler,en
嵌板长衣,Plated Vestments,en
嵌饰背心,Studded Vest,en
嵌鳞锁甲,Scale Mail,en
巅峰掠食者,Apex Predators,en
巅峰时刻,Apex of the Moment,en
巅峰符文,Rune of Culmination,en
巅峰至尊,The Vanquisher,en
巅峰钥匙,Pinnacle Keys,en
巅峰首领,Pinnacle Boss,en
巍峨顶峰,Lofty Summit,en
巔峰者．葛雷索庫,"Gressor-Kul, the Apex",en
巔峰頭目,Pinnacle Boss,en
巡逻军团,Patrolling Legions,en
巢穴,Hive,en
巢血,Hiveblood,en
巢裔聚落,Hive Colony,en
巢裔要塞,Hive Fortress,en
工业改进,Industrial Improvements,en
工具,Tools,en
工匠之焰,Engineered Blaze,en
工匠信条,Craftsman's Creed,en
工匠的保險箱,Jeweller's Strongbox,en
工匠碎片,Artificer's Shard,en
工業提升,Industrial Improvements,en
工程思维,Siege Mentality,en
工艺大师,The Artisan,en
工艺词缀,Crafted Modifiers,en
工藝,Crafting,en
左心室,Left Ventricle,en
左旋剥离预兆,Omen of Sinistral Annulment,en
左旋加冕之兆,Omen of Sinistral Coronation,en
左旋加冕预兆,Omen of Sinistral Coronation,en
左旋崇高预兆,Omen of Sinistral Exaltation,en
左旋廢止之兆,Omen of Sinistral Annulment,en
左旋抺除之兆,Omen of Sinistral Erasure,en
左旋提升之兆,Omen of Sinistral Exaltation,en
左旋死灵预兆,Omen of Sinistral Necromancy,en
左旋死靈術之兆,Omen of Sinistral Necromancy,en
左旋消抹预兆,Omen of Sinistral Erasure,en
左旋炼金预兆,Omen of Sinistral Alchemy,en
左旋煉金之兆,Omen of Sinistral Alchemy,en
左旋結晶之兆,Omen of Sinistral Crystallisation,en
左旋结晶预兆,Omen of Sinistral Crystallisation,en
巧匠,The Artisan,en
巧匠石,Artificer's Orb,en
巧匠石碎片,Artificer's Shard,en
巧妙構築,Clever Construction,en
巧心設計,Intriguing Designs,en
巧手连射,Quick Fingers,en
巨人之血,Giant's Blood,en
巨人克星,Giantslayer,en
巨人灾星甲胄,Titanrot Cataphract,en
巨人的决意,Titan's Determination,en
巨人神力,Colossal Capacity,en
巨像．札爾瑪拉斯,"Zalmarath, the Colossus",en
巨光譜,Grand Spectrum,en
巨兽,Great Beast,en
巨力挤轧,Constricting,en
巨力猛擊,Hulking Smash,en
巨坑,Pit,en
巨型守衛者．瓦斯威德,"Vastweld, the Colossal Guardian",en
巨型巨錘,Massive Greathammer,en
巨型护手,Massive Mitts,en
巨型水晶,Massive Crystals,en
巨型生命药剂,Giant Life Flask,en
巨型连枷,Great Flail,en
巨型重錘,Giant Maul,en
巨型長手套,Massive Mitts,en
巨型長矛,Massive Spear,en
巨型魔力药剂,Giant Mana Flask,en
巨大召喚物,Hulking Minions,en
巨大水晶,Massive Crystals,en
巨大生命藥劑,Gargantuan Life Flask,en
巨大追隨者,Gigantic Following,en
巨大魔力藥劑,Gargantuan Mana Flask,en
巨木擎天,Mighty Trunk,en
巨灵之铠,Juggernaut Plate,en
巨灵巴雅,Djinn Barya,en
巨無霸武器,Colossal Weapon,en
巨熊之灵,Spirit Of The Bear,en
巨熊之皮,Hide of the Bear,en
巨熊之靈,Spirit of the Bear,en
巨熊型態,Bear Form,en
巨熊形态,Bear Form,en
巨熊獸皮,Hide of the Bear,en
巨熊雕像,Bear Idol,en
巨熊魔偶,Bear Idol,en
巨狼之利爪符文,The Greatwolf's Rune of Claws,en
巨狼之契,Bond of the Wolf,en
巨狼之意志符文,The Greatwolf's Rune of Willpower,en
巨狼之爪符文,The Greatwolf's Rune of Claws,en
巨狼之血,Blood of the Wolf,en
巨狼意志符文,The Greatwolf's Rune of Willpower,en
巨狼猛扑,Pounce,en
巨獸,Behemoth,en
巨白鲨,Great White One,en
巨石连枷,Stone Flail,en
巨神兵器,Colossal Weapon,en
巨著,Magnum Opus,en
巨蛇女王．瑪娜莎,"Manassa, the Serpent Queen",en
巨蛇教誨,Serpent's Lesson,en
巨量恢復,Mass Rejuvenation,en
巨量承載,Colossal Capacity,en
巨铜之顶,The Brass Dome,en
巨靈之幣,Djinn Barya,en
巨龙鳞外套,Wyrmscale Coat,en
巩固之结界符文,Warding Rune of Reinforcement,en
巫妖,Lich,en
巫妪小刀,Crone Knife,en
巫婆小刀,Crone Knife,en
巫师之疤,Sorcerer's Scar,en
巫术之远古符文,Ancient Rune of Witchcraft,en
巫毒法器,Voodoo Focus,en
巫術師披肩,Conjurer Mantle,en
巫術精髓,Essence of Sorcery,en
巫術護盾,Sorcery Ward,en
巫術頭冠,Sorcerous Tiara,en
已净化,Cleansed,en
已汙染,Corrupted,en
已汙染物品,Corrupted Items,en
已汙染的怪物,Corrupted Monsters,en
已知價值,Known Value,en
已知命運,Known Destiny,en
已移除技能,Removed Skill,en
已腐化的,Corrupted,en
已装备,Equipped,en
已鎖定,Locked On,en
巴洛克圆盾,Baroque Targe,en
巴洛克手套,Baroque Gloves,en
巴蒂尔的复仇,Bhatair's Vengeance,en
巴蒂尔的风暴,Bhatair's Storm,en
巴赫拉克，苍穹先知,"Bahlak, the Sky Seer",en
巴迪亚工艺,Bardiyan Craftsmanship,en
巴雅地脉,Baryanic Leylines,en
布拉库斯，主宰者,"Brakkus, the Juggernaut",en
布拉霍尔，贪噬者,"Brughor, the Insatiable",en
布林漢的印記,Brynhand's Mark,en
布琳翰德印记,Brynhand's Mark,en
布琳翰德印记之遗产,Legacy of Brynhand's Mark,en
布萊納巴斯,Byrnabas,en
布魯特斯的腦,Brutus' Brain,en
布鲁特斯之脑,Brutus' Brain,en
布鲁特斯的刑具,Brutus' Lead Sprinkler,en
希塞格之爪,Hysseg's Claw,en
希尔达的青睐,Hilda's Favour,en
希尔达营地,Hilda's Campsite,en
希爾妲的好感,Hilda's Favour,en
希爾妲的營地,Hilda's Campsite,en
希特克拉多的假說,Citaqualotl's Thesis,en
希特克拉多的腐壞靈魂核心,Citaqualotl's Soul Core of Foulness,en
希特克拉多靈魂核心,Soul Core of Citaqualotl,en
帕夸特的契约,Paquate's Pact,en
帕科特的協議,Paquate's Pact,en
帝国之掌,Empire's Grasp,en
帝国巨盔,Imperial Greathelm,en
帝国财富,Riches of the Empire,en
帝國之靴,Legionstride,en
帝王之怒,Fury of the King,en
帝王專屬,Fit for a King,en
帝金护身符,Gold Amulet,en
带刺忠诚,Barbed Allegiance,en
席亚巴,Shyaba,en
席里斯魔偶,Idol of Sirrius,en
帳號綁定,Account Bound,en
帶刃細杖,Bladed Quarterstaff,en
帶扣裹手,Buckled Wraps,en
幕間章：多里亞尼的意外事件,Interlude: Doryani's Contingency,en
幕間章：被偷的巨靈之幣,Interlude: The Stolen Barya,en
干擾目標,Distracted Target,en
干渴荒漠,Arid Plains,en
干燥草原,Steppe,en
平原之赐,Gift of the Plains,en
平原的恩賜,Gift of the Plains,en
平滑大地,Ground Smooth,en
平滑細杖,Smooth Quarterstaff,en
平静的奉献,Calming Devotion,en
平靜,Pacification,en
平頂荒漠,Mesa,en
幸运,Lucky,en
幸运兔脚,Lucky Rabbit Foot,en
幻像斷片,Simulacrum Splinter,en
幻像異界,Simulacrum,en
幻化武器,Manifest Weapon,en
幻夢者之力,Dreamer's Might,en
幻夢者之贈,Dreamer's Gift,en
幻夢者啟發,Dreamer's Inspiration,en
幻夢者視界,Dreamer's Sight,en
幻影射手,Mirage Archer,en
幻影箭矢,Phantasmal Arrow,en
幻影銳眼,Mirage Deadeye,en
幻景綠洲,Oasis,en
幻梦戒指,Oneiric Ring,en
幻梦曲,Reverie,en
幻梦者之掌,Palm of the Dreamer,en
幻梦者之视,Dreamer's Sight,en
幻梦者的丧钟,Dreamer's Knell,en
幻灵箭,Phantasmal Arrow,en
幻象符文,Vision Rune,en
幻象鎖鏈,Veridical Chain,en
幽墓束縛,Gravebind,en
幽寒打,Ice Strike,en
幽影,Shroud,en
幽影灵魂,Umbral Souls,en
幽影集結,Umbral Gathering,en
幽暗之衣,Gloomform,en
幽暗之语,Blackheart,en
幽暗之魂,Umbral Souls,en
幽暗凶靈．薩瑞爾,"Thariel, the Umbral Wraith",en
幽暗寶冠,Tenebrous Crown,en
幽暗戒指,Dusk Ring,en
幽暗殘餘,Vestige of Darkness,en
幽暗深处,Dark Depths,en
幽暗视域,His Dark Horizon,en
幽暗項鍊,Dusk Amulet,en
幽林溪谷,Ravine,en
幽殤之園,Epitaph,en
幽灵舞步,Ghost Dance,en
幽能碎片,Psychic Fragmentation,en
幽谷栖客,Vale Dweller,en
幽邃之躯,Gloomform,en
幽闭监牢,Bastille,en
幽隱島嶼,Obscure Island,en
幽魂：{0},Spectre: {0},en
广泛覆盖,Widespread Coverage,en
广袤草原,Savannah,en
庄严护卫,Venerable Defender,en
庄严星辉矿石,Venerable Starlit Ore,en
庇護之盔,Shielded Helm,en
庇護星耀礦石,Warding Starlit Ore,en
庇護細杖,Warding Quarterstaff,en
库勒马克之握,Grip of Kulemak,en
库勒马克之躯,Vessel of Kulemak,en
库勒马克之邀,Kulemak's Invitation,en
库勒马克的统治,Kulemak's Dominion,en
应变催化剂,Adaptive Catalyst,en
应变外观,Adaptive Skin,en
应变性能,Adaptive Capability,en
应激生长,Reactive Growth,en
庞大侍从,Gigantic Following,en
庞然大物,Gigantic,en
庞然大锤,Massive Greathammer,en
废弃之城,Abandoned City,en
废灭,Ruin,en
废败之触,Wasting Touch,en
康复,Convalescence,en
廢料堆,Flotsam,en
廢棄宅邸,Derelict Mansion,en
廢棄挖掘場,Exhumed Ruins,en
廣域壁壘,Wide Barrier,en
廣域覆蓋,Widespread Coverage,en
廣闊區域,Expanse,en
延伸打擊,Reaching Strike,en
延伸效用,Protraction,en
延伸符文,Rune of Reach,en
延伸細杖,Reaching Quarterstaff,en
延伸节杖,Reaching Quarterstaff,en
延宕恐惧,Lingering Horror,en
延展合金,Expansive Alloy,en
延继,Protraction,en
延迟危害,Delayed Danger,en
延迟满足,Delayed Gratification,en
延迟激活,Delayed Reaction,en
延遲危險,Delayed Danger,en
延遲反應,Delayed Reaction,en
延遲滿足感,Delayed Gratification,en
延長持續時間 I,Prolonged Duration I,en
延長持續時間 II,Prolonged Duration II,en
延長持續時間 III,Prolonged Duration III,en
建構之錘,Structured Hammer,en
建構研究,Construct Studies,en
建筑师宝珠,Architect's Orb,en
建造錘,Construct Hammer,en
开发要害,Exploit Weakness,en
开山裂地,Mountain Splitter,en
开拓者护甲,Trailblazer Armour,en
开掘,Unearth,en
开疆,Expanse,en
开阔思维,Open Mind,en
异变之力,Abberant Power,en
异域铸币,Exotic Coinage,en
异常地图,Anomaly Map,en
异常状态,Ailments,en
异常状态吸收,Drain Ailments,en
异常状态应用,Ailment Application,en
异样憎恶,Strange Aversions,en
异灵之体,Chaos Inoculation,en
异生荆棘,The Brambleghast,en
异界升级物品,Atlas Upgrade Items,en
异界宿敌,Otherworldly Nemesis,en
异界攫取,Otherworldly Clutch,en
异端之击,Smite the Heretical,en
异能魔力,Eldritch Battery,en
弃置潜能,Potential Ignored,en
弊病印记,Marked for Sickness,en
弓,Bows,en
弓射击,Bow Shot,en
弓箭射擊,Bow Shot,en
弓类,Bows,en
引导之手,Guided Hand,en
引导传承,Channelled Heritage,en
引導,Channelling,en
引導之掌：心,Guiding Palm of the Heart,en
引導之掌：眼,Guiding Palm of the Eye,en
引導之掌：靈,Guiding Palm of the Mind,en
引導時施放,Cast while Channelling,en
引導暴風神殿,Guided Tempest Shrine,en
引導隕石神殿,Guided Meteoric Shrine,en
引導霜寒神殿,Guided Freezing Shrine,en
引我行恩典之途……,Lead me through Grace...,en
引火,Firestarter,en
引爆,Detonator,en
引爆之远古符文,Ancient Rune of Detonation,en
引爆召唤生物,Detonate Minion,en
引爆召喚物,Detonate Minion,en
引爆器,Detonator,en
引爆技能,Detonator Skills,en
引爆时间,Detonation Time,en
引爆预备,Primed to Explode,en
引路石,Waystone,en
引路石进阶,Waystone Tier Progression,en
引路石（ 1 阶）,Waystone (Tier 1),en
引路石（ 10 阶）,Waystone (Tier 10),en
引路石（ 11 阶）,Waystone (Tier 11),en
引路石（ 12 阶）,Waystone (Tier 12),en
引路石（ 13 阶）,Waystone (Tier 13),en
引路石（ 14 阶）,Waystone (Tier 14),en
引路石（ 15 阶）,Waystone (Tier 15),en
引路石（ 16 阶）,Waystone (Tier 16),en
引路石（ 2 阶）,Waystone (Tier 2),en
引路石（ 3 阶）,Waystone (Tier 3),en
引路石（ 4 阶）,Waystone (Tier 4),en
引路石（ 5 阶）,Waystone (Tier 5),en
引路石（ 6 阶）,Waystone (Tier 6),en
引路石（ 7 阶）,Waystone (Tier 7),en
引路石（ 8 阶）,Waystone (Tier 8),en
引路石（ 9 阶）,Waystone (Tier 9),en
引雷针,Lightning Rod,en
引領之手,Guided Hand,en
弗伦的余波,Vruun's Aftermath,en
弗伦的必然,Vruun's Inevitability,en
弥久伤痕,Grasping Wounds,en
弥漫寒霜,Spreading Frost,en
弥漫黑暗,Spreading Darkness,en
弧光守护者,Keeper of the Arc,en
弧光守护者之遗产,Legacy of Keeper of the Arc,en
弧刃大斧,Arched Greataxe,en
弧刃长剑,Arced Longsword,en
弧形長劍,Arced Longsword,en
弧影节杖,Arcing Quarterstaff,en
弩炮图腾,Ballista Totems,en
弯刀,Scimitar,en
弯刃大刀,Falchion,en
弯曲战弩,Flexed Crossbow,en
弱化圓飾,Rondel of Fragility,en
弱點善用,Critical Exploit,en
弱點針對,Exploit,en
強健十字弓,Robust Crossbow,en
強健的盟友,Sturdy Ally,en
強制結果,Forced Outcome,en
強力下顎,Strong Chin,en
強力施法,Powerful Casting,en
強力曝曬,Potent Exposure,en
強力能量,Forceful Energies,en
強化,Empowerment,en
強化之錘,Fortified Hammer,en
強化反應,Enhanced Reflexes,en
強化命中 I,Heightened Accuracy I,en
強化命中 II,Heightened Accuracy II,en
強化圖騰 I,Reinforced Totems I,en
強化圖騰 II,Reinforced Totems II,en
強化士氣,Reinforced Rallying,en
強化定期無敵光環,Empowered Periodic Invulnerability Aura,en
強化屏障,Enhanced Barrier,en
強化復甦召喚物,Empowered Reviving Minions,en
強化怪物召喚物,Empowered Monster Minions,en
強化效果,Enhanced Effectiveness,en
強化易爆植物,Empowering Volatile Plants,en
強化易爆燃彈,Empowering Volatile Crag,en
強化痕跡,Empowering Remnants,en
強化的,Empowered,en
強化精髓,Essence of Enhancement,en
強化聚能,Overcharge,en
強化造物,Enhanced Creation,en
強化陣地,Fortified Location,en
強化電球I,Empowered Sparks I,en
強化電球II,Empowered Sparks II,en
強壯樹幹,Mighty Trunk,en
強大召喚物,Powerful Minions,en
強大地圖頭目,Powerful Map Boss,en
強奪控制,Wrest Control,en
強擊矢,Power Shots,en
強盜之錘,Brigand Mace,en
強盜之面,Brigand Mask,en
強盜斧,Bandit Hatchet,en
強者獨得,To the Strong Go the Spoils,en
強韌心理,Mental Toughness,en
強鳴箭,Crescendo Arrows,en
弹射,Ricochet,en
弹射 I,Ricochet I,en
弹射 II,Ricochet II,en
弹射 III,Ricochet III,en
弹幕,Barrage,en
弹弓射击,Sling Shots,en
弹药,Ammunition,en
强健心灵,Strong Hearted,en
强健旅行者,Hale Traveller,en
强力咒语,Potent Incantation,en
强力地图首领,Powerful Map Boss,en
强力怪物仆从,Powerful Minions,en
强力曝露,Potent Exposure,en
强化,Empowered,en
强化创造,Enhanced Creation,en
强化反射,Enhanced Reflexes,en
强化周期性无敌光环,Empowered Periodic Invulnerability Aura,en
强化圣盾,Enhanced Barrier,en
强化复活怪物仆从,Empowered Reviving Minions,en
强化怪物仆从,Empowered Monster Minions,en
强化技能,Empowered Skills,en
强化攻击,Enhancing Attacks,en
强化效能,Enhanced Effectiveness,en
强化无常植物,Empowering Volatile Plants,en
强化无常碎岩,Empowering Volatile Crag,en
强化残片,Empowering Remnants,en
强化残骸,Empowering Remains,en
强化灌注,Empowering Infusions,en
强化火花 I,Empowered Sparks I,en
强化火花 II,Empowered Sparks II,en
强化精华,Essence of Enhancement,en
强化能量,Intensifying Energies,en
强化能量球,Heightened Charges,en
强化雕像,Augmented Effigies,en
强固之锤,Fortified Hammer,en
强固据点,Stronghold,en
强固献祭宝珠,Kopec's Orb of Sacrifice,en
强固神盾,Fortified Aegis,en
强大的信仰,Powerful Faith,en
强效丰裕精华,Greater Essence of Opulence,en
强效冰霜精华,Greater Essence of Ice,en
强效剥离预兆,Omen of Greater Annulment,en
强效命令精华,Greater Essence of Command,en
强效增强精华,Greater Essence of Enhancement,en
强效寻觅精华,Greater Essence of Seeking,en
强效崇高预兆,Omen of Greater Exaltation,en
强效心灵精华,Greater Essence of the Mind,en
强效急速精华,Greater Essence of Haste,en
强效接地精华,Greater Essence of Grounding,en
强效摧灭精华,Greater Essence of Ruin,en
强效施法,Powerful Casting,en
强效永恒精华,Greater Essence of the Infinite,en
强效激战精华,Greater Essence of Battle,en
强效火焰精华,Greater Essence of Flames,en
强效熔解精华,Greater Essence of Thawing,en
强效电光精华,Greater Essence of Electricity,en
强效的液化凶残,Potent Liquid Ferocity,en
强效的液化悲哀,Potent Liquid Melancholy,en
强效的液化轻蔑,Potent Liquid Contempt,en
强效磨蚀精华,Greater Essence of Abrasion,en
强效绝缘精华,Greater Essence of Insulation,en
强效药剂,Intense Dose,en
强效诅咒,Heightened Curse,en
强效身躯精华,Greater Essence of the Body,en
强效迅捷精华,Greater Essence of Alacrity,en
强效魔法精华,Greater Essence of Sorcery,en
强盗之锤,Bandit Mace,en
强盗面具,Brigand Mask,en
强者得利,To the Strong Go the Spoils,en
强能重射,Power Shots,en
强运预兆,Omen of Gambling,en
强韧甲壳,Strong Chin,en
强韧血脉,Fortifying Blood,en
彈弩射擊,Sling Shots,en
彈片,Shrapnel,en
彈藥保存 I,Ammo Conservation I,en
彈藥保存 II,Ammo Conservation II,en
彈藥保存 III,Ammo Conservation III,en
彎刃劍,Falchion,en
彎曲武器,Curved Weapon,en
归返,Returning,en
当头棒喝,In Your Face,en
彗星,Comet,en
彗星落,Comet,en
形势逆转,Clash,en
形单影只,Solus Ipse,en
形态或专注,Form or Focus,en
形虚式,Hollow Form Technique,en
形體專注,Form or Focus,en
彩繪十字弓,Painted Crossbow,en
彩绘塔盾,Painted Tower Shield,en
彩绘战弩,Painted Crossbow,en
彩绘纹章盾,Painted Crest Shield,en
彩绘轻盾,Painted Buckler,en
彩羽法器,Plumed Focus,en
影之舞,Shadow Dancing,en
彼端之軍：之眾群,Legion from Beyond: Multitudes,en
往昔碎片,Fragments Of The Past,en
征服者鎧甲,Conqueror Plate,en
待價而沽,Whoever Pays Best,en
待宰羔羊,Sitting Duck,en
徑向力,Radial Force,en
徒手,Unarmed,en
徒手伤害,Unarmed Damage,en
徒手攻击,Unarmed Attacks,en
徘徊幻影,Lingering Illusion,en
從其他能力獲得能力,Gaining Stats from other Stats,en
從我的頭裡滾出去！,Get out of my head!,en
從無到有,From Nothing,en
御敌神像,Warding Fetish,en
御敌药水,Warding Potions,en
御身守卫,Dionadair,en
御身守卫之遗产,Legacy of Dionadair,en
復仇天火,Vengeful Skyfire,en
復仇追蹤,Vengeful Chase,en
復甦召喚物,Reviving Minions,en
復甦寒霜,Revitalising Frost,en
復甦暗黑,Revitalising Darkness,en
復甦業火,Revitalising Flames,en
復甦狂風,Revitalising Winds,en
復甦雷霆,Revitalising Lightning,en
復興之兆,Omen of Resurgence,en
復行統治者,Resurging Archon,en
循環往復,Now and Again,en
循環教義,Circular Teachings,en
循证的训诫,Circular Teachings,en
微光虫,Glowswarm,en
微小損害,The Lesser Harm,en
微笑騎士,The Smiling Knight,en
徵兆權杖,Omen Sceptre,en
德卡拉纹章盾,Dekharan Crest Shield,en
德瑞的毁灭,Doedre's Undoing,en
德瑞的精神手套,Doedre's Tenure,en
德瑞的魔具,Doedre's Damning,en
德瑞索的热情,Daresso's Passion,en
德瓦塔之風,Daevata's Wind,en
德莱契之光,Light of the Draíocht,en
德莱契净化,Draiocht Cleansing,en
德莱文，永恒执政官,"Draven, the Eternal Praetor",en
德魯伊之冠,Druidic Crown,en
德魯伊之賦,Druidic Prowess,en
德魯伊訓練,Druidic Training,en
德魯伊頭環,Druidic Circlet,en
德鲁伊,Druid,en
德鲁伊之威,Druidic Prowess,en
德鲁伊同盟,Druidic Alliance,en
德鲁伊头冠,Druidic Circlet,en
德鲁伊法器,Druidic Focus,en
德鲁伊王冠,Druidic Crown,en
德鲁伊的训练,Druidic Training,en
德鲁伊英杰,Druidic Champion,en
徹骨,Chilled to the Bone,en
徽印紋章盾,Emblem Crest Shield,en
徽纹塔盾,Heraldric Tower Shield,en
心伤,Heartbreaking,en
心宇和諧,Harmony Within,en
心寒,Heartstopping,en
心心向榮,Hale Heart,en
心悸,Heartstopping,en
心智牺牲,Sacrifice of Mind,en
心智精髓,Essence of the Mind,en
心木短弓,Heartwood Shortbow,en
心源保護符文,Warding Rune of Heart,en
心源强健,Heart Tissue,en
心灵升华,Mind over Matter,en
心灵坚毅,Mental Toughness,en
心灵护命,Mind Phylacteries,en
心灵符文,Mind Rune,en
心灵精华,Essence of the Mind,en
心脏之指引之掌,Guiding Palm of the Heart,en
心脏之结界符文,Warding Rune of Heart,en
心臟疾病,Heart Tissue,en
心靈抹除,Mind Eraser,en
心靈永止,Heartstopper,en
心靈獻祭,Sacrifice of Mind,en
心靈護符,Mind Phylacteries,en
心靈迅捷,Mental Alacrity,en
必死狩猎,The Deadliest Hunt,en
忍受之苦,Endured Suffering,en
忍受痛苦,Endured Suffering,en
忘卻之巔,Forgotten Heights,en
忠誠大門守衛,Loyal Gatekeepers,en
忠誠敕令,Decree of Loyalty,en
忠誠獄犬,Loyal Hellhound,en
忠誠獻祭,Sacrifice of Loyalty,en
忠诚,Loyalty,en
忠诚之肤,Skin of the Loyal,en
忠诚之锤,Chober Chaber,en
忠诚法令,Decree of Loyalty,en
忠诚牺牲,Sacrifice of Loyalty,en
忠诚的炽焰猎犬,Loyal Hellhound,en
忠诚门卫,Loyal Gatekeepers,en
快行,Travel,en
快行技能,Travel Skills,en
快速代謝,Fast Metabolism,en
快速充能,Rapid Recharge,en
快速回复,Quick Recovery,en
快速射击,Rapid Shot,en
快速打擊背心,Slipstrike Vest,en
快速攻击 I,Rapid Attacks I,en
快速攻击 II,Rapid Attacks II,en
快速攻击 III,Rapid Attacks III,en
快速施法 I,Rapid Casting I,en
快速施法 II,Rapid Casting II,en
快速施法 III,Rapid Casting III,en
快速腐爛,Fast Rot,en
快速装填,Rapid Reload,en
快速阻斷,Swift Blocking,en
念力分裂,Psychic Fragmentation,en
忽略抗性,Ignoring Resistances,en
怒嚎魔符,Howling Talisman,en
怒火,Rage,en
怒火之塔,Spire of Ire,en
怒火之血,Blood of Rage,en
怒火偷取,Rage Leech,en
怒火武装,Blazing Arms,en
怒火源泉,Font of Rage,en
怒火统御,Anger Management,en
怒火锤炼 I,Rageforged I,en
怒火锤炼 II,Rageforged II,en
怒火降生,Birth of Fury,en
怒火难平,Prolonged Fury,en
怒火魔符,Fury Talisman,en
怒焰之川的哈迪,Hadi of the Flaming River,en
怒牛,The Raging Ox,en
怒號地面,Soaring Ground,en
怒视纹章盾,Glowering Crest Shield,en
思想和信徒,Thoughts and Prayers,en
思维脉轮,Chakra of Thought,en
思考与祈祷,Thoughts and Prayers,en
急冻,Hypothermia,en
急冻碎片,Freezing Shards,en
急凍化,Glaciation,en
急迅便鞋,Quickslip Shoes,en
急速代谢,Fast Metabolism,en
急速精华,Essence of Haste,en
急速腐朽,Fast Rot,en
性如寒冰,Cold Nature,en
性如烈火,Burning Nature,en
性如霹雳,Electrifying Nature,en
怨怒塔矛,Spire of Ire,en
怨恨,Execrate,en
怨恨鍛造,Hateforge,en
怨恨鞭藤，恶毒荆棘,"Grudgelash, Vile Thorn",en
怨毒,Malice,en
怨毒之花,Spiteful Floret,en
怨毒之花之遗产,Legacy of Spiteful Floret,en
怨毒者．柯姆,"Colm, the Rancorous",en
怪物仆从,Monster Minions,en
怪物仆从优先承受伤害,Damage Taken From Minions First,en
怪物召喚物,Monster Minions,en
怪物噬魂者,Monster Soul Eater,en
怪物威力值,Monster Power,en
怪物強度,Monster Power,en
怪物效用,Monster Effectiveness,en
怪物效能,Monster Effectiveness,en
怪物稀有度,Monster Rarity,en
怪物类型,Monster Category,en
怪物群,Pack,en
怪物词缀,Monster Modifiers,en
怪物類別,Monster Category,en
怪異攻城錘,Aberrant Sledge,en
怪異雪獸,The Abominable Yeti,en
怯懦之運,Cowardly Fate,en
总属性,Stat Totals,en
恆久偏斜,Enduring Deflection,en
恆久統治者,Enduring Archon,en
恆星項鍊,Stellar Amulet,en
恆生之戒,Biostatic Ring,en
恍惚,Daze,en
恍惚格挡,Dazing Blocks,en
恍神咆哮,Dazing Cry,en
恐喙鸟坐骑,Rhoa Mount,en
恐喙鸟皮外套,Rhoahide Coat,en
恐怖之柱,Grim Pillars,en
恐怖战旗,Dread Banner,en
恐怖遗物,Ghastly Relics,en
恐息符文,Gasp Rune,en
恐惧之拳,Dreadfist,en
恐惧之翼,Horror's Flight,en
恐惧侵袭,Fear Overwhelming,en
恐惧化身,Fear Incarnate,en
恐惧手斧,Dread Hatchet,en
恐惧终结,Crushing Fear,en
恐惧缠绕,Wrapped in Dread,en
恐惧麻痹,Fearful Paralysis,en
恐懼之伴．賽菲菈,"Saphira, The Dread Consort",en
恐懼之旗,Dread Banner,en
恐懼典獄長．歐斯溫,"Oswin, the Dread Warden",en
恐懼副官,Dread Lieutenants,en
恐懼化型,Fear Incarnate,en
恐懼壟罩,Wrapped in Dread,en
恐懼工程師．魯賈,"Rudja, the Dread Engineer",en
恐懼癱瘓,Fearful Paralysis,en
恐懼領主,Lord of Horrors,en
恒远魔蛊,Abiding Hex,en
恢复圣仪,Rite of Restoration,en
恢复预兆,Omen of Refreshment,en
恢宏之镜,Grand Mirror,en
恢弘生命药剂,Gargantuan Life Flask,en
恢弘盛装,Grand Regalia,en
恢弘腿甲,Grand Cuisses,en
恢弘袖口,Grand Manchettes,en
恢弘面罩,Grand Visage,en
恢弘魔力药剂,Gargantuan Mana Flask,en
恢復 I,Second Wind I,en
恢復 II,Second Wind II,en
恢復 III,Second Wind III,en
恢復期,Convalescence,en
恩吉尔的和谐,Ungil's Harmony,en
恩惠,Boons,en
恩纳尊的职责,Enezun's Charge,en
恩赐,Boons,en
恶念侵染,His Vile Intrusion,en
恶性流血,Aggravated Bleeding,en
恶性点燃,Aggravated Ignite,en
恶棍护甲,Scoundrel Armour,en
恶毒之击,Smite the Wicked,en
恶毒创伤,Vile Wounds,en
恶狼雕像,Wolf Idol,en
恶贯满盈,Virtueless,en
恶风足迹,Windscream,en
恶魔术士,Demon Magus,en
恶魔缝补者,Demon Stitcher,en
恸哭悬崖,Mournful Cliffside,en
悉听遵命,At your Command,en
悉妮蔻拉之眼,Hinekora's Sight,en
悉妮蔻拉的髮絲,Hinekora's Lock,en
悔罪监牢,Penitentiary,en
患难之交,Trusted Partner,en
悬铃巨鸦,The Crowbell,en
悲运之缚,Shackles of the Wretched,en
悼亡護身符,Lament Amulet,en
悼念之終,End of Mourning,en
情在不言中,Unspoken Bond,en
情比金坚,Trusted Kinship,en
惊响囚笼，裂地之灵,"Rattlecage, the Earthbreaker",en
惊喜火花,Surprise Spark,en
惊怖主宰,Lord of Horrors,en
惊悚增幅,Baleful Augmentation,en
惊悸迷雾,Delirium,en
惊悸迷雾石板,Delirium Tablet,en
惊惧匠焰,Dread Engineer's Concoction,en
惊扰虫群,Stir the Swarm,en
惊险刺激,Thrillsteel,en
惊霆复至,Strike Twice,en
惊风掌,Staggering Palm,en
惘信者,The Agnostic,en
惡兆手套,Ominous Gloves,en
惡兆護身符,Portent Amulet,en
惡劣騎士,The Vile Knight,en
惡化,Deterioration,en
惡化點燃,Compounding Ignite,en
惡夢樹液,Sap of Nightmares,en
惡徒護甲,Dastard Armour,en
惡性創傷,Vile Wounds,en
惡棘者．葛局拉許,"Grudgelash, Vile Thorn",en
惡毒療癒,Vile Mending,en
惡毒長袍,Vile Robe,en
惡毒魔符,Vicious Talisman,en
惡狼之血,Blood of the Wolf,en
惡縫之面,Mask of the Stitched Demon,en
惡靈之握,Grip of Evil,en
惡魔瑪格思,Demon Magus,en
惡魔變身,Demon Form,en
惡魔附身,Demonic Possession,en
惩罚者,The Executioner,en
惩罚者大斧,Executioner Greataxe,en
愈合偏转,Mending Deflection,en
意外灵巧,Unexpected Finesse,en
意志之力,Force of Will,en
意志低語,Whisper of the Brotherhood,en
意志呼唤,Call of the Brotherhood,en
意志斷片,Animus Splinters,en
意志测试巴雅,Test of Will Barya,en
意志的力量,Force of Will,en
意志的測試代幣,Test of Will Barya,en
意志轉換,Animus Exchange,en
意念之指引之掌,Guiding Palm of the Mind,en
意念永存,The Soul Springs Eternal,en
意识之缘,Lochtonial Caress,en
愚昧之击,Smite the Ignorant,en
愛勒弗,Elevore,en
感受大地,Feel the Earth,en
感电,Shock,en
感电传导,Shock Conduction,en
感电传导 II,Shock Conduction II,en
感电传播,Spreading Shocks,en
感电地面,Shocked Ground,en
感电时施放,Cast on Shock,en
感电虹吸,Shock Siphon,en
感触大地,Feel the Earth,en
感電上限,Shocking Limit,en
感電傳導II,Shock Conduction II,en
愤怒战吼,Raging Cry,en
愤怒权杖,Wrath Sceptre,en
愤怒狂灵,Raging Spirits,en
愤火铭心,Unforgiving,en
慑魂之盾,Frightening Shield,en
慑魂英气,Presence Present,en
慘痛災禍,Agonising Calamity,en
慘白遺物,Ghastly Relics,en
慧眼,Second Sight,en
慷慨奉献,Magnanimous Offerings,en
慷慨的奉獻,Thundrous Devotion,en
憎恨之远古符文,Ancient Rune of Animosity,en
憎恨之靈．提爾尼,"Tierney, the Hateful",en
憎惡碎綻,Shattering Spite,en
憎惡者．亞歐塔,"Yaota, the Loathsome",en
憎惡者．賈嫚拉,"Jamanra, the Abomination",en
憐憫,Commiserate,en
憤怒的誕生,Birth of Fury,en
憤怒管理,Anger Management,en
憤恨飾帶,The Gnashing Sash,en
憧憬财富,Drawn to Riches,en
憶念之戒,Mnemonic Ring,en
應急圖騰 I,Urgent Totems I,en
應急圖騰 II,Urgent Totems II,en
應急圖騰 III,Urgent Totems III,en
應變能力,Adaptive Capability,en
懦夫之遗,Coward's Legacy,en
懦夫护甲,Dastard Armour,en
懦夫的遺產,Coward's Legacy,en
懦弱的命运,Cowardly Fate,en
懸念,Wasting Casts,en
懸賞 II,Bounty II,en
懾人劇毒,Overwhelming Toxicity,en
戈赞，锈污义军领主,"Gozen, Rebellious Rustlord",en
成群结队,Growing Swarm,en
成雙十字弓,Twin Crossbow,en
我不再孤身一人！,I'm not alone anymore!,en
我不再是孤身一人！,I'm not alone anymore!,en
我即怒火,...and I Shall Rage,en
我即暴雪,I am the Blizzard...,en
我即為暴雪……,I am the Blizzard...,en
我即為雷鳴……,I am the Thunder...,en
我即雷霆,I am the Thunder...,en
我现在看清了你的真面目！,I see your true nature now!,en
我現在看清你的本性了！,I see your true nature now!,en
我知道你儿时的恐惧……,I know your childhood fears...,en
我知道你童年的恐懼……,I know your childhood fears...,en
我要见你们的头,Bring Me Your Leader,en
戒备反射,Defensive Reflexes,en
戒指,Rings,en
戒指孕育槽位,Ring Womb,en
戒指母胎,Ring Womb,en
戒指：暗黑,Tenebrous Ring,en
戒指：暮色,Dusk Ring,en
戒指：薄暮,Gloam Ring,en
战争使者,Warbringer,en
战争军略,War Tactics,en
战争司号的呐喊,Warcaller's Bellow,en
战争裹手,War Wraps,en
战争铁拳 I,Fist of War I,en
战争铁拳 II,Fist of War II,en
战争铁拳 III,Fist of War III,en
战争锤炼,Tempered by War,en
战吼,Warcries,en
战吼如雷,Deafening Cries,en
战壕砥柱,Trenchtimbre,en
战壕砥柱之遗产,Legacy of Trenchtimbre,en
战士,Warrior,en
战士之血,Blood of the Warrior,en
战士巨盔,Warrior Greathelm,en
战弩,Crossbows,en
战弩射击,Crossbow Shot,en
战弩弹药技能,Crossbow Ammunition Skills,en
战斗武器,Martial Weapons,en
战斗炼金术,Combat Alchemy,en
战斗狂怒,Combat Frenzy,en
战斗狂热,Battle Fever,en
战斗的快感,Thrill of the Fight,en
战斗迷神,Battle Trance,en
战旗,War Banner,en
战术家,Tactician,en
战术撤退,Tactical Retreat,en
战略堤防,Strategic Embankments,en
战矛,Spears,en
战矛突刺,Spear Stab,en
战矛飞掷,Spear Throw,en
战镐,Battle Pick,en
截片护腕,Sectioned Bracers,en
戰斧,Battle Axe,en
戰爭之哮,Warcaller's Bellow,en
戰爭之旗,War Banner,en
戰爭淬煉,Tempered by War,en
戰爭策略,War Tactics,en
戰爭遊戲,War Games,en
戰爭長矛,War Spear,en
戰略優勢,Strategic Advantage,en
戰縛召喚物,Wardbound Minions,en
戰術性撤退,Tactical Retreat,en
戰術陣地,Strategic Embankments,en
戰鎬,Warpick,en
戰鬥亢奮,Thrill of Battle,en
戰鬥節奏,Flow State,en
戰鬥精髓,Essence of Battle,en
戰鬥鎬,Battle Pick,en
戴瓦塔的幻风,Daevata's Wind,en
房间升级,Room Upgrades,en
所向披靡,Sunder my Enemies...,en
所選之道,The Chosen Path,en
手套,Gloves,en
手镯鞋履,Bangled Sandals,en
才能傳承,Inherited Talents,en
扎伊達的長壽,Zaida's Longevity,en
扎尔马拉斯，神威巨像,"Zalmarath, the Colossus",en
扎拉迪的灵核,Soul Core of Zalatl,en
扎拉迪的绝缘灵核,Zalatl's Soul Core of Insulation,en
扎根大地,Grounded in the Earth,en
扎洛卡之赠,Zarokh's Gift,en
扎洛卡的克制,Zarokh's Refrain,en
扎洛卡的反叛,Zarokh's Revolt,en
扎洛卡的圣物厅钥匙：丝克玛的决心,Zarokh's Reliquary Key: Sekhema's Resolve,en
扎洛卡的圣物厅钥匙：抗衡黑暗,Zarokh's Reliquary Key: Against the Darkness,en
扎洛卡的圣物厅钥匙：时空之肌,Zarokh's Reliquary Key: Temporalis,en
扎洛卡的圣物厅钥匙：禁域面容,Zarokh's Reliquary Key: Sandstorm Visage,en
扎洛卡的圣物厅钥匙：蒙福的羁绊,Zarokh's Reliquary Key: Blessed Bonds,en
扎洛卡，时空之灵,"Zarokh, the Temporal",en
扎瓦里，高塔暴君,"Zar Wali, the Bone Tyrant",en
扎米尔，刀锋之主,"Zahmir, the Blade Sovereign",en
打击,Strike,en
打击节杖,Striking Quarterstaff,en
打帶跑,Hit and Run,en
打成纸浆,Beaten to a Pulp,en
打成肉泥,Beaten to a Pulp,en
打擊細杖,Striking Quarterstaff,en
打擊練習,Spar,en
打爛頭目的臉,Broken Boss Faces,en
打破忍耐,Break Endurance,en
打蠟外衣,Waxed Jacket,en
托古尔，污染者,"Tor Gul, the Defiler",en
托沃催化剂,Tul's Catalyst,en
托沃的催化劑,Tul's Catalyst,en
托沃的寂静,Tul's Stillness,en
托沃的寧靜,Tul's Stillness,en
托沃的雪崩,Tul's Avalanche,en
托波譚提的阻挫靈魂核心,Topotante's Soul Core of Dampening,en
托维安，救世主之手,"Torvian, Hand of the Saviour",en
托钵塔特的抑制灵核,Topotante's Soul Core of Dampening,en
托钵塔特的灵核,Soul Core of Topotante,en
扣带裹手,Buckled Wraps,en
执政官增益状态,Archon Buff,en
扩展,Expand,en
扩展合金,Expansive Alloy,en
扩展设计,Expanded Designs,en
扩张的族群,Expanding Hordes,en
扩散异常状态,Spreading Ailments,en
扭曲天穹,Twisted Empyrean,en
扭曲天穹之遗产,Legacy of Twisted Empyrean,en
扭曲法杖,Twisted Wand,en
扭曲湮没,Spaghettification,en
扭曲追擊,Twisted Pursuit,en
扭曲追逐,Twisted Pursuit,en
扭曲钢铁,Deformed Steel,en
扭曲項鍊,Twisted Amulet,en
扭曲项链,Distorted Amulet,en
扭轉局勢,Flip the Script,en
扰乱威势,Distracting Presence,en
扼杀链甲,Grasping Mail,en
承傳力量,Inherited Strength,en
承受相當於魔力消耗的傷害,Take Mana Costs as Damage,en
承載,Payload,en
技能基礎攻擊時間,Base Skill Attack Time,en
技能宝石,Skill Gems,en
技能速度,Skill Speed,en
抑制劑,Inhibitor,en
抑制器,Inhibitor,en
抑制護盾,Dampening Shield,en
抑能护盾,Dampening Shield,en
抑血壁壘,Blood-Quenched Bulwark,en
抓取之戒,Grasping Ring,en
投射物,Projectile,en
投射物减速 I,Projectile Deceleration I,en
投射物减速 II,Projectile Deceleration II,en
投射物加速 I,Projectile Acceleration I,en
投射物加速 II,Projectile Acceleration II,en
投射物加速 III,Projectile Acceleration III,en
投射物屏障,Projectile Bulwark,en
投射物穿透,Pierce,en
投射物近接專精,Projectile Proximity Specialisation,en
投射物近距离专精,Projectile Proximity Specialisation,en
投弹手,Bombardier,en
投机射击,Gambleshot,en
投机敏捷,Opportunistic Dexterity,en
投機者外衣,Scalper's Jacket,en
投石车,Catapult,en
投身裂隙,Into the Breach,en
抗争,Defiance,en
抗争之魂,Resilient Soul,en
抗争战旗,Defiance Banner,en
抗争的象征,Symbol of Defiance,en
抗争结界,Resilient Wards,en
抗性,Resistances,en
抗性上限,Maximum Resistances,en
抗性毛皮,Insulating Hide,en
抗性穿透,Resistance Penetration,en
抗毒咒符,Antidote Charm,en
抗衡黑暗,Against the Darkness,en
折射 I,Refraction I,en
折射 II,Refraction II,en
折射 III,Refraction III,en
折射之镜,Mirror of Refraction,en
折射灌注,Refracted Infusion,en
抚育之巢,Hive,en
抛光圆盾,Polished Targe,en
抛光装备,Polish That Gear,en
护体之锤,Flanged Mace,en
护卫之结界符文,Warding Rune of Bodyguards,en
护甲,Armour,en
护甲撕裂,Sundered Armour,en
护甲爆破,Armour Explosion,en
护甲片,Armourer's Scrap,en
护甲盾牌,Armoured Shields,en
护甲破坏者 I,Armour Demolisher I,en
护甲破坏者 II,Armour Demolisher II,en
护甲破损,Armour Break,en
护甲破损 I,Armour Break I,en
护甲破损 II,Armour Break II,en
护甲破损 III,Armour Break III,en
护甲移动惩罚,Armour Movement Penalties,en
护身节杖,Barrier Quarterstaff,en
护面之盔,Visored Helm,en
报偿,Reprisal,en
报复,Revenge,en
报复之远古符文,Ancient Rune of Retaliation,en
披露之远古符文,Ancient Rune of Discovery,en
披風鎖甲,Mantled Mail,en
披风锁甲,Cloaked Mail,en
抵抗空無,Refuse Emptiness,en
抹殺敵人,Dispatch Foes,en
抹除心智,Mind Eraser,en
抽取元素,Extract the Elements,en
抽取药剂充能,Siphons Flask Charges,en
抽取魔力并造成闪电伤害,Siphons Mana and Deals Lightning Damage,en
抽血,Exsanguinate,en
拂扫,Brush Off,en
拂烬,Ashrend,en
拂烬之遗产,Legacy of Ashrend,en
拆信刀,Mail Breaker,en
拆射灌注,Refracted Infusion,en
拉克斯之雕像,Idol of Ralakesh,en
拉其塔之流,Rakiata's Flow,en
拉兹瓦的灵石,Stone of Lazhwar,en
拉卡，冰冻利爪,"Thraeven, Wing of Winter",en
拉尔，霜手,"Rael, the Frost Hand",en
拉維安加之泉,Lavianga's Spirits,en
拉維安加之酒,Lavianga's Brew,en
拉维安加之灵,Lavianga's Spirits,en
拉维安加的佳酿,Lavianga's Brew,en
拉莎的突袭,Ratha's Assault,en
拋光之鋼,Polished Iron,en
拋光護手,Burnished Gauntlets,en
拋法者,Spellslinger,en
拒絕命運,Defiance of Destiny,en
拒絕歸一,Rejection of One,en
拒绝空虚,Refuse Emptiness,en
招架,Parry,en
拥抱冰霜,Embracing Frost,en
拥抱黑暗,Embrace the Darkness,en
择优繁育,Selectively Bred,en
拱形巨斧,Arched Greataxe,en
拳击,Punch,en
拳霸 I,Fist of War I,en
拳霸 II,Fist of War II,en
拳霸 III,Fist of War III,en
拼凑战弩,Makeshift Crossbow,en
拼接假象,Augmented Effigies,en
拼接背心,Patchwork Vest,en
拼湊背心,Patchwork Vest,en
拾荒者護板,Scavenged Plating,en
拿瑪乎之選,Ngamahu's Chosen,en
持久偏转,Enduring Deflection,en
持久创伤,Lasting Trauma,en
持久咒言,Lasting Incantations,en
持久咒語,Lasting Incantations,en
持久地面 I,Persistent Ground I,en
持久地面 II,Persistent Ground II,en
持久地面 III,Persistent Ground III,en
持久恩惠,Lasting Boons,en
持久感电,Lasting Shock,en
持久执政官,Enduring Archon,en
持久攻擊,Prolonged Assault,en
持久毒素,Lasting Toxins,en
持久的信仰,Enduring Faith,en
持久鏖战,Attrition,en
持續,Persistent,en
持續地面 I,Persistent Ground I,en
持續地面 II,Persistent Ground II,en
持續地面 III,Persistent Ground III,en
持續性,Sustained,en
持續性地面,Lasting Ground,en
持續恩惠,Lasting Boons,en
持續感電,Lasting Shock,en
持續承受,Consistent Intake,en
持續技能,Persistent Skills,en
持續激怒,Periodically Enrages,en
持续冲击 I,Enduring Impact I,en
持续冲击 II,Enduring Impact II,en
持续地面,Lasting Ground,en
持续性技能,Sustained Skills,en
持续时间,Duration,en
持续时间压缩 I,Compressed Duration I,en
持续时间压缩 II,Compressed Duration II,en
持续时间延长 I,Prolonged Duration I,en
持续时间延长 II,Prolonged Duration II,en
持续时间延长 III,Prolonged Duration III,en
持续时间技能,Duration Skills,en
挂毯遗物,Tapestry Relic,en
指定打擊,Targeted Strike,en
指挥姿态,Commanding Presence,en
指揮之環,Commanding Presence,en
指揮官劍,Commander Sword,en
指揮官巨盔,Commander Greathelm,en
指揮官護手,Commander Gauntlets,en
按图索骥,Lead by Example,en
挑戰強敵,Challenging Foe,en
挑腸輕盾,Gutspike Buckler,en
挑衅虫群,Provoke the Swarm,en
挖掘地,Digsite,en
挖掘者,The Burrower,en
挖掘遗址,Digsite,en
挪用后代,Reappropriated Offspring,en
振奋呐喊,Bolstering Yell,en
振奋气场,Bolstering Presence,en
振奋活力,Reinvigoration,en
振奮光環,Bolstering Presence,en
振奮宏偉,Invigorating Grandeur,en
振奮統治者,Invigorating Archon,en
捆扎之胎贈,Banded Wombgift,en
捍衛者,Dionadair,en
捕人陷阱,Man Trap,en
捕刃者,Blade Catcher,en
捕梦者,Dreamcatcher,en
捕獵者之兜,Trapper Hood,en
损耗,Wasting,en
捷,Herald,en
捷光環,Herald,en
捷光環技能,Herald Skills,en
捷技能,Herald Skills,en
捷豹之契,Bond of the Cat,en
捷足便鞋,Daggerfoot Shoes,en
捷足輕鞋,Daggerfoot Shoes,en
掃興之人,Killjoy,en
掌控怒火,Commanding Rage,en
掌旗手,Bannerman,en
排列法器,Arrayed Focus,en
排列輕盾,Array Buckler,en
排斥,Repulsion,en
掘地者,The Burrower,en
掘墓人,Gravedigger,en
掘墓者,Gravedigger,en
掘尸遗迹,Exhumed Ruins,en
掘獄可堆疊有插槽通貨,Delve Stackable Socketable Currency,en
掘獄插槽通貨,Delve Socketable Currency,en
掘獄收藏倉庫頁,Delve Stash Tab,en
掙扎吶喊,Strugglescream,en
掠夺者战刃,Reaver Glaive,en
掠奪,Reaving,en
掠奪催化劑,Reaver Catalyst,en
掠袭如风,Reaving,en
掠食本能,Predatory Instinct,en
探囊取物,Near at Hand,en
探尋精髓,Essence of Seeking,en
探索者护甲,Explorer Armour,en
探險,Expedition,en
探險日誌,Expedition Logbook,en
探險碑牌,Expedition Tablet,en
接地精华,Essence of Grounding,en
接地精髓,Essence of Grounding,en
接地護符,Grounding Charm,en
接近地表,Close to the Surface,en
推進風暴,Advancing Storm,en
掩护战靴,Covered Sabatons,en
掩蔽头盔,Warded Helm,en
掩面之盔,Cowled Helm,en
掷弹兵,Grenadier,en
提卡巴的灵核,Soul Core of Ticaba,en
提取,Extraction,en
提尔内，憎恨者,"Tierney, the Hateful",en
提扎墨脱的灵核,Soul Core of Tzamoto,en
提扎墨脱的狂暴灵核,Tzamoto's Soul Core of Ferocity,en
提煉完成,Complete Refinement,en
提速尾流,Tailwind,en
提高晕眩阈值,Increased Stun Threshold,en
插槽綁定增幅,Socket-bound Augments,en
插槽绑定的增幅器,Socket-bound Augments,en
換界石,Waystone,en
換界石階級進度,Waystone Tier Progression,en
換界石（階級 10）,Waystone (Tier 10),en
換界石（階級 11）,Waystone (Tier 11),en
換界石（階級 12）,Waystone (Tier 12),en
換界石（階級 13）,Waystone (Tier 13),en
換界石（階級 14）,Waystone (Tier 14),en
換界石（階級 15）,Waystone (Tier 15),en
換界石（階級 16）,Waystone (Tier 16),en
換界石（階級 1）,Waystone (Tier 1),en
換界石（階級 2）,Waystone (Tier 2),en
換界石（階級 3）,Waystone (Tier 3),en
換界石（階級 4）,Waystone (Tier 4),en
換界石（階級 5）,Waystone (Tier 5),en
換界石（階級 6）,Waystone (Tier 6),en
換界石（階級 7）,Waystone (Tier 7),en
換界石（階級 8）,Waystone (Tier 8),en
換界石（階級 9）,Waystone (Tier 9),en
換皮,Shedding Skin,en
換腦化學,Altered Brain Chemistry,en
揭示弱点,Revealing Weaknesses,en
損害,Impair,en
損耗,Attrition,en
搖籃守望．菲亞,"Phya, Sentinel of the Cradle",en
搧風點火,Fan the Flames,en
搶先體驗,Early Access,en
摆脱腐化,Freed From Corruption,en
摇曳谷物的低语,Whispers of the Waving Grains,en
摒棄肉身,Forgo the Flesh,en
摧命之掌,Killing Palm,en
摧垮架势,Break Posture,en
摧城倾泻,Siege Cascade,en
摧城弩,Siege Crossbow,en
摧寨魔,Rathbreaker,en
摧枯巨锤,Crumbling Maul,en
摧枯拉朽,Devastation,en
摧残,Devastate,en
摧灭精华,Essence of Ruin,en
摧甲重击,Armour Breaker,en
摩蹉,Matsya,en
摯愛珍寶,Favoured Treasures,en
撒播血祸,His Scattering Calamity,en
撕开裂隙,Tear Open the Rift,en
撕扯斧槍,Rending Halberd,en
撕毀,Rip,en
撕裂之刃,Ripping Blade,en
撕裂大地,Split the Earth,en
撕裂巅峰,Rending Apex,en
撕裂手套,Torn Gloves,en
撕裂护甲,Riven Armour,en
撕裂者,Rathbreaker,en
撕裂血肉,Blood Tearing,en
撕裂鏈錘,Tearing Flail,en
撕裂頂點,Rending Apex,en
撕開裂口,Tear Open the Rift,en
撤退 I,Retreat I,en
撤退 II,Retreat II,en
撤退 III,Retreat III,en
播種,Sown Seeds,en
撲殺,Culling Strike,en
撲殺 I,Culling Strike I,en
撲殺 II,Culling Strike II,en
撲殺弱者,Cull The Weak,en
撼地波,Forcewave,en
撼敵之掌,Staggering Palm,en
撼敵創傷,Staggering Wounds,en
擁抱導電,Conductive Embrace,en
擊中傷害,Hit Damage,en
擊穿防禦,Struck Through,en
操控之远古符文,Ancient Rune of Control,en
操控魔法,Controlling Magic,en
操纵时光,Time Manipulation,en
擲彈,Grenade,en
擲彈手,Grenadier,en
擲彈技能,Grenade Skills,en
擴充設計,Expanded Designs,en
擴張部落,Expanding Hordes,en
擴散傷害,Splash Damage,en
擴散寒冰,Spreading Frost,en
擴散感電,Spreading Shocks,en
擴散風暴,Scatter Storm,en
擾亂光環,Distracting Presence,en
攔路搶劫,Stand and Deliver,en
攪動蟲群,Stir the Swarm,en
攫命,The Lethal Draw,en
支承绑带,Support Straps,en
支援火力,Supporting Fire,en
支撐綁帶,Support Straps,en
支配魔法,Controlling Magic,en
收割,Reap,en
收割祈求,Reaper's Invocation,en
收割精华,Essence Harvest,en
收割者的祈願,Reaper's Invocation,en
收割者長柄刀,Reaver Glaive,en
收割长杖,Reaping Staff,en
收心,Unravelling,en
收缩指令,Constricting Command,en
收藏大家,The Reliquarian,en
改善之兆,Omen of Amelioration,en
改版資訊 0.1.1,Version 0.1.1,en
改良組織,Refined Tissue,en
改造石,Orb of Alteration,en
攻其之弱,Exploit Weakness,en
攻击,Attacks,en
攻城十字弓,Siege Crossbow,en
攻城炮台,Siege Ballista,en
放棄你的生命,Relinquish Your Life,en
放棄你的精髓,Give Up Your Essence,en
放血,Bloodletting,en
放血匕首,Bloodletting Dagger,en
放逐烈焰,Banishing Flame,en
政務官配偶．阿席妮雅,"Asinia, the Praetor's Consort",en
效果区域,AoE,en
效果区域扩大,Increased Area of Effect,en
效果区域技能,Area of Effect Skills,en
效果消耗,Effect Consumption,en
效率 I,Efficiency I,en
效率 II,Efficiency II,en
效率裝置,Efficient Contraptions,en
效用,Efficiency,en
效能,Efficiency,en
效能 I,Efficiency I,en
效能 II,Efficiency II,en
敌之宝库,Enemy's Hoard,en
敌人晕眩阈值,Enemy Stun Threshold,en
敏捷,Dex,en
敏捷/智慧,Dex/Int,en
敏捷之力,Nimble Strength,en
敏捷奔跑者,Agile Sprinter,en
敏捷思绪,Mental Alacrity,en
敏捷演替,Agile Succession,en
敏捷衝刺者,Agile Sprinter,en
敏捷装填,Nimble Reload,en
敏銳敕令,Decree of Acuity,en
敏銳本能,Honed Instincts,en
敏銳造匠,Keen Crafters,en
敏锐法令,Decree of Acuity,en
救援,Succour,en
救援保護符文,Warding Rune of Salvaging,en
救济,Succour,en
救贖者之手．托維安,"Torvian, Hand of the Saviour",en
救赎,Redemption,en
敗滅晶格,Corrupted Lattices,en
教团神器,Order Artifact,en
教士法衣,Cleric Vestments,en
教徒之冠,Cultist Crown,en
教徒之弓,Cultist Bow,en
教徒塔盾,Cultist Tower Shield,en
教徒大锤,Cultist Greathammer,en
教徒巨錘,Cultist Greathammer,en
教徒弓,Cultist Bow,en
教徒法器,Cultist Focus,en
教徒護手,Cultist Gauntlets,en
敞開心胸,Open Mind,en
敢死大军,Expendable Army,en
散列风暴,Scatter Storm,en
散播火焰,Total Incineration,en
散播異常狀態,Spreading Ailments,en
散播黑暗,Spreading Darkness,en
敦实护手,Stocky Mitts,en
敬奉之绸,Silks of Veneration,en
敬奉奇塔弗,Dedication to Kitava,en
敬拜神龛,Shrine Worship,en
敬请期待,Coming Soon,en
敬重絲綢,Silks of Veneration,en
整合效率,Integrated Efficiency,en
敵人之財,Enemy's Hoard,en
敵人暈眩門檻,Enemy Stun Threshold,en
斗篷之盔,Cowled Helm,en
斗篷鎖甲,Cloaked Mail,en
斗篷锁甲,Mantled Mail,en
斗转星移,Glancing Blows,en
斜掠,Rake,en
斜掠偏转,Glancing Deflection,en
斜擦保護符文,Warding Rune of Glancing,en
斜擦偏斜,Glancing Deflection,en
斥侯背心,Scout's Vest,en
斥候背心,Scout's Vest,en
斧,Axes,en
斧挥砍,Axe Slash,en
斧类,Axes,en
斧鉞斬,Axe Slash,en
斧頭之隕,The Fall of the Axe,en
斩断生疏,Sever Inexperience,en
斩首 I,Behead I,en
斩首 II,Behead II,en
斬割細杖,Slicing Quarterstaff,en
断离,Sundering,en
断裂点,Breaking Point,en
斯克魔偶,Idol of Silk,en
斯卡沃之爪,Saqawal's Talon,en
斯卡沃之羽,Saqawal's Hide,en
斯卡沃的侵蝕符文,Saqawal's Rune of Erosion,en
斯卡沃的天空符文,Saqawal's Rune of the Sky,en
斯卡沃的記憶符文,Saqawal's Rune of Memory,en
斯塔恩的山巔,Styrn's Mountain,en
斯塔恩的暴行,Styrn's Ferocity,en
斯塔恩的贊歌,Styrn's Anthem,en
斯塔空加之首,Starkonja's Head,en
斯塔空加之首之遗产,Legacy of Starkonja's Head,en
斯拉托的戰爭靈魂核心,Cholotl's Soul Core of War,en
斯拉托靈魂核心,Soul Core of Cholotl,en
斯泰恩的凶残,Styrn's Ferocity,en
斯泰恩的山岳,Styrn's Mountain,en
斯泰恩的颂歌,Styrn's Anthem,en
斯泰恩，堕落奥杜尔骑士,"Styrn, Fallen Knight of Aldur",en
斯瓦林,Svalinn,en
斯瓦林之遗产,Legacy of Svalinn,en
斯鲁德的神力,Thrud's Might,en
新星,Nova,en
新星技能,Nova Skills,en
新星投射物 I,Nova Projectiles I,en
新星投射物 II,Nova Projectiles II,en
新星投射物I,Nova Projectiles I,en
新星投射物II,Nova Projectiles II,en
新月圆盾,Crescent Targe,en
新月斧,Crescent Axe,en
新月細杖,Crescent Quarterstaff,en
新生之儀,Rite of Restoration,en
新生可能,Emergent Possibility,en
新生希望,Nascent Hope,en
新生本能,Emergent Instinct,en
新生活力,Emergent Vigour,en
新生防护,Emergent Protection,en
新装箭匣 I,Fresh Clip I,en
新装箭匣 II,Fresh Clip II,en
新酿,Freshly Brewed,en
斷片,Splinters,en
斷片箭,Splinter Arrows,en
斷裂血管,Severed Veins,en
施加異常狀態,Ailment Application,en
施工锤,Construct Hammer,en
施放迴響輔助,Spell Echo,en
施法回响,Spell Echo,en
施法武器,Caster Weapons,en
施虐者的慈悲,Sadist's Mercy,en
旅人外衣,Wayfarer Jacket,en
旅人的智慧,Traveller's Wisdom,en
旅者之灾,Traveller's Woe,en
旅者之禮,Traveller's Woe,en
旅者的智慧,Traveller's Wisdom,en
旅行,Travel,en
旅行技能,Travel Skills,en
旅行者輕鞋,Wayfarer Shoes,en
旋轉獄火,Spinning Inferno,en
旋風之槍,Whirlwind Lance,en
旋风,Whirlwinds,en
旋风击,Whirling Assault,en
旋风投枪,Whirlwind Lance,en
旋风猛攻,Whirling Onslaught,en
旋龙,Twister,en
族卫巨盔,Homeguard Greathelm,en
族裔,Lineage,en
族裔之王克鲁托格,"Krutog, Lord of Kin",en
族裔輔助,Lineage Support Gems,en
旗帜,Banner,en
旗帜技能,Banner Skills,en
旗手,Bannerman,en
无上之秀,Supreme Grandstanding,en
无上宣示,Supreme Ostentation,en
无上自我,Supreme Ego,en
无上衰败,Supreme Decadence,en
无休仲裁者,Relentless Vindicator,en
无休嘈杂,Incessant Cacophony,en
无可修复,Irreparable,en
无可违逆,Inevitability,en
无名之岛,Obscure Island,en
无名仪式,Rite of the Nameless,en
无名火起,Sudden Infuriation,en
无名者时刻,Hour of the Nameless,en
无处可藏……,There's nowhere to hide...,en
无始之时,Ab Aeterno,en
无宁之众,Restless Dead,en
无定纹章盾,Wayward Crest Shield,en
无尽之衣,Tabula Rasa,en
无尽之距,The Infinite Pursuit,en
无尽升华,The Ascendant,en
无尽怒火,Relentless Rage,en
无尽战争,Endless War,en
无尽暴风雪,Endless Blizzard,en
无尽翱翔,Endlessly Soaring,en
无尽荣光之夜,Night of a Thousand Ribbons,en
无尽追猎,Limitless Pursuit,en
无尽追踪,Relentless Pursuit,en
无常,Volatility,en
无常因果,Unforeseen Consequences,en
无常植物,Volatile Plants,en
无常水晶,Volatile Crystals,en
无常碎岩,Volatile Crag,en
无情,Ruthless,en
无情冷面,Remorseless,en
无情陨落,Relentless Fallen,en
无我残片,Selfless Remnants,en
无扰冰霜,Unbothering Cold,en
无拘之力,Unbound Forces,en
无拘无束,Unrestrained,en
无拘智慧,Unrestrained Intellect,en
无根之源,From Nothing,en
无生之辱,Morior Invictus,en
无穷之击,Playtest Attack,en
无穷法术,Playtest Spell,en
无穷猛击,Playtest Slam,en
无穷环路,Endless Circuit,en
无血之躯,Bloodless,en
无视力量,Ignorant to Power,en
无视痛苦,Ignore Pain,en
无踪之道,The Unseen Path,en
无边能量 I,Boundless Energy I,en
无边能量 II,Boundless Energy II,en
无阻畅行,Unhindered,en
无限弹药,Endless Munitions,en
无魂形态,Soulless Form,en
日冕護身符,Corona Amulet,en
日冕项链,Corona Amulet,en
日曜球,Solar Orb,en
日曜项链,Solar Amulet,en
日耀之矛,Spear of Solaris,en
日耀仪式,Rites of Solaris,en
日耀球,Solar Orb,en
日耀長矛,Spear of Solaris,en
日耀項鍊,Solar Amulet,en
旱原,Arid Plains,en
时之沙漏,Hourglass,en
时光倒转,Turn the Clock Back,en
时光掌控,Temporal Mastery,en
时光沙尘,Sands of Time,en
时光纪念碑,Monuments in Time,en
时光跃进,Turn the Clock Forward,en
时占术,Chronomancy,en
时空之肌,Temporalis,en
时空泡泡,Temporal Bubble,en
时空裂隙,Temporal Rift,en
时空锁链,Temporal Chains,en
时间之流,Flow of Time,en
时间冻结,Time Freeze,en
时间捕捉,Time Snap,en
时间测试巴雅,Test of Time Barya,en
昇華使徒,The Ascendant,en
昇華天賦點數,Ascendancy Points,en
昇華職業,Ascendancy,en
明光丝缕,Threaded Light,en
明光之冠,Illuminated Crown,en
明光冠冕,Illuminated Crown,en
明哲保身,Decisive Retreat,en
明察秋毫,Insightfulness,en
明恩的慧心,Ming's Heart,en
明智預防,Sensible Precautions,en
明澈,Lucidity,en
易变星辰,The Mutable Star,en
易变法杖,Volatile Wand,en
易形魔符,Changeling Talisman,en
易怒 I,Short Fuse I,en
易怒 II,Short Fuse II,en
易思换灵,Altered Brain Chemistry,en
易攻目標,Easy Target,en
易燃,Flammability,en
易爆,Volatility,en
易爆催化劑,Volatile Catalyst,en
易爆擲彈,Volatile Grenades,en
易爆植物,Volatile Plants,en
易爆水晶,Volatile Crystals,en
易爆燃彈,Volatile Crag,en
易爆物,Volatiles,en
易碎,Brittle,en
易碎鎧甲,Brittle Armour,en
昔之托沃,It That Was Tul,en
昔之艾許,It That Was Esh,en
星界合金,Celestial Alloy,en
星界投射,Astral Projection,en
星空投影,Astral Projection,en
星耀礦石,Starlit Ore,en
星裔猛襲,Starborn Onslaught,en
星辉矿石,Starlit Ore,en
星辉项链,Stellar Amulet,en
星辰冲击,Starborn Onslaught,en
映像長杖,Reflecting Staff,en
春兔,The Spring Hare,en
春回大地,Mass Rejuvenation,en
春日野兔,The Spring Hare,en
显化武器,Manifest Weapon,en
显贵头狼,The Noble Wolf,en
時光倒流,Turn the Clock Back,en
時光前推,Turn the Clock Forward,en
時空之物,Temporalis,en
時空之靈．澤洛克,"Zarokh, the Temporal",en
時空幻術師,Chronomancer,en
時空扭曲,Spatial Distortion,en
時空法術,Chronomancy,en
時迭紅寶石,Time-Lost Ruby,en
時迭綠寶石,Time-Lost Emerald,en
時迭藍寶石,Time-Lost Sapphire,en
時迭鑽石,Time-Lost Diamond,en
時間之沙,Sands of Time,en
時間專精,Temporal Mastery,en
時間操縱,Time Manipulation,en
時間的測試代幣,Test of Time Barya,en
時間短縮,Time Snap,en
時間碑石,Monuments in Time,en
時間符文,Time Rune,en
晕眩,Stuns,en
晕眩 I,Stun I,en
晕眩 II,Stun II,en
晕眩 III,Stun III,en
晕眩击中,Dizzying Hits,en
晕眩回复,Stun Recovery,en
晕眩抗性,Stun Resistant,en
晦澀之鑰,Cryptic Key,en
晨星,Morning Star,en
晨曦之擁,Enfolding Dawn,en
普兰德斯的印章,Perandus Seal,en
普华特的灵核,Soul Core of Puhuarte,en
普华特的纹章,Puhuarte's Medallion,en
普希瓦爾聖徽,Puhuarte's Medallion,en
普希瓦爾靈魂核心,Soul Core of Puhuarte,en
普蘭德斯之印,Perandus Seal,en
普通攻击,Default Attack,en
普通攻擊傷害,Default Attack Damage,en
晶化型態,Crystallised Form,en
晶化形态,Crystallised Form,en
晶化模塊,Crystalline Patterns,en
晶化生長,Crystalline Overgrowth,en
晶化護符,Crystalline Phylactery,en
智勇軍師,Tactician,en
智取,Outmaneuver,en
智慧,Int,en
智慧符文,Wisdom Rune,en
智者之秘,Mind of the Council,en
智者織衫,Loreweave,en
智行之手,Hand of Wisdom and Action,en
暈眩之擊,Dizzying Hits,en
暈眩恢復,Stun Recovery,en
暈眩抵抗,Stun Resistant,en
暈眩時施放,Cast when Stunned,en
暈眩累積,Mauling Stuns,en
暈眩門檻增加,Increased Stun Threshold,en
暖心,Warm the Heart,en
暗中破坏,Undermine,en
暗夜之咬,Night's Bite,en
暗夜契约,Dark Pact,en
暗夜血契,Dark Pact,en
暗影,Shadow,en
暗影儀式,Ritual of Shadows,en
暗影刺客,Shadow,en
暗影呼唤,Call of the Shadows,en
暗影束衣,Assassin Garb,en
暗影的重负,The Burden of Shadows,en
暗影祭仪,Ritual of Shadows,en
暗影重擔,The Burden of Shadows,en
暗影重生,Reborn in Shadow,en
暗影集会,Umbral Gathering,en
暗暮守夜,Dusk Vigil,en
暗格密室,Hidden Compartments,en
暗淡手套,Sombre Gloves,en
暗箭伤人,Hidden Barb,en
暗血血統,Dark Bloodlines,en
暗视能力,I Have Darkvision,en
暗言,Dark Whispers,en
暗里藏刀,Silent Shiv,en
暗雷,Darkray Vectors,en
暗黑右手,Right Hand of Darkness,en
暗黑執政官．泰科,"Tycho, the Black Praetor",en
暗黑项链,Tenebrous Amulet,en
暫時召喚物,Temporary Minion,en
暮光圣物厅钥匙,Twilight Reliquary Key,en
暮光長袍,Gloamgown,en
暮色守望,Dusk Vigil,en
暮色守望之遗产,Legacy of Dusk Vigil,en
暮色瓣落,Eventide Petals,en
暮色项链,Dusk Amulet,en
暴击,Critical Hits,en
暴击伤害加成,Critical Damage Bonus,en
暴击弱点,Critical Weakness,en
暴击抗性,Crit Resistant,en
暴击时施放,Cast on Critical,en
暴击饥渴,Thirst for Power,en
暴噬虫,The Devourer,en
暴怒,Rampage,en
暴怒战斧,Fury Cleaver,en
暴怒收割者,Enraged Reaver,en
暴怒權杖,Wrath Sceptre,en
暴怒蛮牛,The Raging Ox,en
暴擊信念,Powerful Faith,en
暴擊傷害核心,Desensitisation,en
暴擊抵抗,Crit Resistant,en
暴擊渴求,Thirst for Power,en
暴擊超載,Critical Overload,en
暴政之握,Tyranny's Grip,en
暴政之握之遗产,Legacy of Tyranny's Grip,en
暴烈冲击,Explosive Impact,en
暴雪执政官,Archon of the Blizzard,en
暴露傷口,Exposed Wounds,en
暴露弱點,Revealing Weaknesses,en
暴露戰吼,Exposing Cry,en
暴露於宇宙,Exposed to the Cosmos,en
暴露於煉獄之火,Exposed to the Inferno,en
暴露於風暴,Exposed to the Storm,en
暴風亂舞,Tempest Flurry,en
暴風召喚者,Tempest Caller,en
暴風符文,Storm Rune,en
暴風精髓,Essence of the Storm,en
暴風航行者,Stormtossed Voyager,en
暴風雪御法者,Archon of the Blizzard,en
暴风之语,Choir of the Storm,en
暴食存在,Gluttonous Presence,en
曝曬,Exposure,en
曝露,Exposure,en
曲刃战械,Curved Weapon,en
更近天穹,Closer to the Heavens,en
曼巴之羈絆,Bond of the Mamba,en
曾为托沃之物,It That Was Tul,en
曾为艾许之物,It That Was Esh,en
替代牺牲,Sacrifice,en
替罪羔羊 I,Sacrificial Lamb I,en
替罪羔羊 II,Sacrificial Lamb II,en
最低词缀等级,Minimum Modifier Level,en
最后一击,Killing Blow,en
最大代价,The Greatest Cost,en
最大值,Maximum,en
最大品质,Maximum Quality,en
最大抗性,Maximum Resistances,en
最大物品等级,Maximum Item Level,en
最小詞綴等級,Minimum Modifier Level,en
最後一博,Last Stand,en
最後生還．沃拉娜,"Vorana, Last to Fall",en
最後通牒雕刻,Inscribed Ultimatum,en
最終之刺．艾克提,"Akthi, the Final Sting",en
最終幻象．納維拉,"Navira, the Last Mirage",en
最終打擊,Final Strike,en
最致命的狩獵,The Deadliest Hunt,en
最高品質,Maximum Quality,en
月之匕首,Moon Dagger,en
月之恩赐,Lunar Boon,en
月之祝福,Blessing of the Moon,en
月之赐福,Blessing of the Moon,en
月亮符文,Moon Rune,en
月光突襲,Lunar Assault,en
月光节杖,Lunar Quarterstaff,en
月光賜福,Lunar Blessing,en
月刃匕首,Moon Dagger,en
月影儀式,Rites of Lunaris,en
月影祭仪,Rites of Lunaris,en
月影项链,Lunar Amulet,en
月牙斧,Crescent Axe,en
月牙节杖,Crescent Quarterstaff,en
月痕突袭,Lunar Assault,en
月神細杖,Lunar Quarterstaff,en
月神赐福,Lunar Blessing,en
月神項鍊,Lunar Amulet,en
有利形勢,Favourable Odds,en
有利胜算,Favourable Odds,en
有助於異常狀態的傷害,Damage Contributing to Ailments,en
有效機率,Effective Chance,en
有求必应预兆,Omen of Answered Prayers,en
服裝,Garment,en
朔望,Syzygy,en
望而不及,Beyond Reach,en
朝圣者长衣,Pilgrim Vestments,en
朝氣之靈,The Adorned,en
朝聖者法衣,Pilgrim Vestments,en
木制轻盾,Wooden Buckler,en
木垒高筑,Wooden Wall,en
木林,Woodland,en
木林祝福,Woodland Aspect,en
木棒,Wooden Club,en
木製棍棒,Wooden Club,en
木質外膚,Barkskin,en
木頭輕盾,Wooden Buckler,en
未來昔日,Future-Past,en
未切割的技能宝石,Uncut Skill Gems,en
未切割的精魂宝石,Uncut Spirit Gems,en
未切割的辅助宝石,Uncut Support Gems,en
未名心木,Unnamed Heartwood,en
未履之道,Paths Not Taken,en
未择之路,Paths Not Taken,en
未来的过去,Future-Past,en
未生巫妖,The Unborn Lich,en
未知祭品,Offerings to the Unknown,en
未見之道,The Unseen Path,en
未見河流,Unseen Rivers,en
未誕生的巫妖,The Unborn Lich,en
未限抗性,Uncapped Resistance,en
末后哀歌,The Last Lament,en
末日之門,Doomgate,en
末日厄運,Impending Doom,en
末日将至,Impending Doom,en
末日预言者,Doomsayer,en
本尼迪克图斯，乌托邦首席使徒,"Benedictus, First Herald of Utopia",en
札爾特的絕緣靈魂核心,Zalatl's Soul Core of Insulation,en
札爾特靈魂核心,Soul Core of Zalatl,en
术士冠冕,Magus Tiara,en
术士护腿,Warlock Leggings,en
朱砂头冠,Vermeil Circlet,en
朴实匕首,Simple Dagger,en
机会石,Orb of Chance,en
机会石碎片,Chance Shard,en
机动,Mobility,en
机敏工匠,Keen Crafters,en
机能阻碍,Hindered Capabilities,en
机警感知,Mindful Awareness,en
机遇,Opportunity,en
机遇预兆,Omen of Chance,en
朽木塔盾,Splintered Tower Shield,en
朽迈诅咒,Decrepifying Curse,en
朽髓,Marrow,en
朽髓之地,Marrow,en
杀戮之渴,Craving Slaughter,en
杀戮快感,Thrill of the Kill,en
杀戮快感II,Thrill of the Kill II,en
杀手本能,Killer Instinct,en
杂技符文,Rune of Acrobatics,en
权威,Authority,en
权杖,Sceptres,en
权杖之尖,Sceptre Pinnacle,en
权责深重,The Burden of Authority,en
材料固化,Material Solidification,en
束带孕育赠礼,Banded Wombgift,en
束带长靴,Cinched Boots,en
束縛幽魂,Bind Spectre,en
束縛連鎖,Binding Chains,en
束缚之链,Binding Chains,en
束缚灵体,Bind Spectre,en
条件,Conditional,en
条件性使用,Conditional Usage,en
来啊！面对我！,Come on! Face me!,en
来自未知远方,From Distances Untold,en
来自深渊,From Below,en
杰作,Magnum Opus,en
東側謎團密室,Eastern Enigma Chamber,en
東側閘門,Eastern Gateway,en
松弛之躯,Loose Flesh,en
板甲腰帶,Plate Belt,en
板锤,Plated Mace,en
极圈,Polcirkeln,en
极地之眼,Alpha's Howl,en
极地战嚎,Arctic Howl,en
极地装甲,Arctic Armour,en
极度剧痛,Exquisite Pain,en
极恐精华,Essence of Horror,en
极速恐慌,Expedited Horrors,en
极速腐化 I,Swift Affliction I,en
极速腐化 II,Swift Affliction II,en
极速腐化 III,Swift Affliction III,en
极速进攻,Rapid Assault,en
极限掌控,Ultimate Command,en
极限考古,Steady Development,en
构造之学,Construct Studies,en
构造之锤,Structured Hammer,en
构造战弩,Construct Crossbow,en
林地,Plantation,en
林奔者便鞋,Treerunner Shoes,en
林木塑像,Sylvan's Effigy,en
林荫守御,Thicket Warding,en
果决精准,Determined Precision,en
果断撤退,Decisive Retreat,en
枝条法器,Twig Focus,en
枝條頭冠,Wicker Tiara,en
枪林弹雨,Spray and Pray,en
枪林矛阵,Spearfield,en
枭之灵,Spirit Of The Owl,en
枭羽馈赠,Primal Bounty,en
枯灰长杖,Ashen Staff,en
枯萎,Wither Away,en
架势破除,Stance Breaker,en
架盾,Raise Shield,en
枷鎖研習,Study the Chains,en
柏安登的犄角,Horns of Bynden,en
柏安登的犄角之遗产,Legacy of Horns of Bynden,en
染疫者．瑪諾奇,"Manoki, the Fevered",en
柔派克的力量靈魂核心,Xopec's Soul Core of Power,en
柔派克聖徽,Xopec's Medallion,en
柔派克靈魂核心,Soul Core of Xopec,en
查罗特的战争灵核,Cholotl's Soul Core of War,en
查罗特的灵核,Soul Core of Cholotl,en
柯戈的繩索,Kurgal's Leash,en
柯戈的邪眼,Kurgal's Gaze,en
柯纳尔，磨难者,"Connal, the Tormented",en
柳木密林,Willow,en
柳枝冠冕,Wicker Tiara,en
标枪,Javelin,en
标记敏捷,Marked Agility,en
树之指,Treefingers,en
树液流出,Spill the Sap,en
树肤术,Barkskin,en
栖鸟长杖,Perching Staff,en
核心失稳装置,Core Destabiliser,en
核心守衛．茲科亞特,"Zicoatl, Warden of the Core",en
核心擾亂器,Core Destabiliser,en
根基咒符,Grounding Charm,en
根基符文,Rune of Foundations,en
根攫，仇恨森林,"Rootgrasp, the Hateful Forest",en
根淤,Rootdredge,en
根源祝福,Blessing of the Source,en
根生污泥,Rootdredge,en
格兰内尔领主的掌控符文,Thane Grannell's Rune of Mastery,en
格子便鞋,Lattice Sandals,en
格挡,Block,en
格挡几率,Chance to Block,en
格挡匕首,Parrying Dagger,en
格挡时施放,Cast on Block,en
格挡时施放诅咒,Curse on Block,en
格擋時詛咒,Curse on Block,en
格擋機率,Chance to Block,en
格瑞索库尔，至高兽主,"Gressor-Kul, the Apex",en
格罗尔德之雕像,Idol of Grold,en
格羅德魔偶,Idol of Grold,en
格莉达，霜咒之舌,"Gelida, the Frost-Tongue",en
格鲁坎的决心,Garukhan's Resolve,en
格鲁坎的安歇处,Garukhan's Tomb,en
桂冠,Laureate,en
梅克图尔，锻造大师,"Mektul, the Forgemaster",en
梅吉诺德的力量泉源,Meginord's Girdle,en
梅德偉的傳奇,Medved's Saga,en
梅德偉的圓環之徽,Medved's Crest of the Circle,en
梅德偉的殞落,Medved's Felling,en
梅德偉的照料,Medved's Tending,en
梅德维德之传说,Medved's Saga,en
梅德维德的圆环徽记,Medved's Crest of the Circle,en
梅德维德的照料,Medved's Tending,en
梅德维德的砍伐,Medved's Felling,en
梅德维德，堕落先知,"Medved, the Fallen Seer",en
條件使用,Conditional Usage,en
梦境节杖,Dreaming Quarterstaff,en
梦想隐忍神龛,Dreaming Gloom Shrine,en
梦语之痕,Dream Fragments,en
梦魇之液,Sap of Nightmares,en
梦魇拟像,Simulacrum,en
梦魇拟像幻境,Simulacrum of Delusion,en
梦魇拟像裂片,Simulacrum Splinter,en
棄置之地,Deserted,en
棉布裹手,Cambric Wraps,en
棘体猪肤,Bristleboar,en
棘体猪肤之遗产,Legacy of Bristleboar,en
棘刺爆发,Quill Burst,en
棘刺護腕,Spined Bracers,en
棘手劲敌,Challenging Foe,en
森林专精,Forest Mastery,en
森林之冠,Forest Crown,en
森林之后,Queen of the Forest,en
森林之憎．根爪,"Rootgrasp, the Hateful Forest",en
森林灵像,Sylvan's Effigy,en
森林王冠,Forest Crown,en
森林精通,Forest Mastery,en
棱彩卫士,Prism Guard,en
棱镜合金,Prismatic Alloy,en
棱镜符文,Rune of the Prism,en
棲羽長杖,Perching Staff,en
植入宝石,Implanted Gems,en
植物,Plant,en
植物技能与蔓生,Plant Skills and Overgrowth,en
植物技能與過度生長,Plant Skills and Overgrowth,en
極地之嗥,Alpha's Howl,en
極地狂嚎,Arctic Howl,en
極大,Gigantic,en
極寒長杖,Gelid Staff,en
極恐精髓,Essence of Horror,en
極惡打擊 I,Direstrike I,en
極惡打擊 II,Direstrike II,en
極熱護環,Blistering Bond,en
極盛 I,Zenith I,en
極盛 II,Zenith II,en
極致防禦,Greatest Defence,en
極苦之痛,Exquisite Pain,en
極速苦痛 I,Swift Affliction I,en
極速苦痛 II,Swift Affliction II,en
極速苦痛 III,Swift Affliction III,en
極速風暴,Cascading Storm,en
楷模巨盔,Paragon Greathelm,en
榮耀期盼,Glorious Anticipation,en
榴弹,Grenade,en
榴弹技能,Grenade Skills,en
槓桿,Leverage,en
模範,Paragon,en
模糊,Blur,en
模糊身影,Blur,en
模范训练,Disciplined Training,en
横冲直撞,Rampage,en
樸素裝束,Austere Garb,en
樹叢守護,Thicket Warding,en
樹木之指,Treefingers,en
樹行者輕鞋,Treerunner Shoes,en
機動性,Mobility,en
機會之兆,Omen of Chance,en
機會之窗 I,Window of Opportunity I,en
機會之窗 II,Window of Opportunity II,en
機率碎片,Chance Shard,en
機率高於 100%,Chances in excess of 100%,en
機甲研究,Automaton Studies,en
橡木之面,Oak Mask,en
橡木大锤,Oak Greathammer,en
橡木巨錘,Oak Greathammer,en
橡木形態,Oaken Form,en
橡木盟誓,Oaksworn,en
橡木盟誓之遗产,Legacy of Oaksworn,en
橡木轻盾,Oak Buckler,en
橡树形态,Oaken Form,en
橡誓者,Oaksworn,en
橫斷流域,Slash,en
權勢儀式,Ritual of Might,en
權威之重,The Burden of Authority,en
次级丰裕精华,Lesser Essence of Opulence,en
次级健壮符文,Lesser Robust Rune,en
次级充能符文,Lesser Charging Rune,en
次级冰川符文,Lesser Glacial Rune,en
次级冰霜精华,Lesser Essence of Ice,en
次级启迪符文,Lesser Inspiration Rune,en
次级命令精华,Lesser Essence of Command,en
次级坚毅符文,Lesser Resolve Rune,en
次级寻觅精华,Lesser Essence of Seeking,en
次级幻象符文,Lesser Vision Rune,en
次级强化精华,Lesser Essence of Enhancement,en
次级心灵符文,Lesser Mind Rune,en
次级心灵精华,Lesser Essence of the Mind,en
次级急速精华,Lesser Essence of Haste,en
次级接地精华,Lesser Essence of Grounding,en
次级摧灭精华,Lesser Essence of Ruin,en
次级永恒精华,Lesser Essence of the Infinite,en
次级沙漠符文,Lesser Desert Rune,en
次级激战精华,Lesser Essence of Battle,en
次级烈焰精华,Lesser Essence of Flames,en
次级熔解精华,Lesser Essence of Thawing,en
次级生命药剂,Lesser Life Flask,en
次级电光精华,Lesser Essence of Electricity,en
次级磐石符文,Lesser Stone Rune,en
次级磨蚀精华,Lesser Essence of Abrasion,en
次级结界符文,Lesser Ward Rune,en
次级绝缘精华,Lesser Essence of Insulation,en
次级血祸碎片,Secondary Calamity Fragment,en
次级行家符文,Lesser Adept Rune,en
次级身躯符文,Lesser Body Rune,en
次级身躯精华,Lesser Essence of the Body,en
次级迅捷精华,Lesser Essence of Alacrity,en
次级重生符文,Lesser Rebirth Rune,en
次级钢铁符文,Lesser Iron Rune,en
次级风暴符文,Lesser Storm Rune,en
次级魔力药剂,Lesser Mana Flask,en
次级魔法精华,Lesser Essence of Sorcery,en
欢欣威严,Invigorating Grandeur,en
欢欣执政官,Invigorating Archon,en
欧佩罗蒂的灵核,Soul Core of Opiloti,en
欧佩罗蒂的突袭灵核,Opiloti's Soul Core of Assault,en
欧克之雕像,Idol of Oak,en
欧克面具,Oak Mask,en
欧巴拉渡口,Orbala's Crossing,en
欧本的壁垒,Obern's Bastion,en
欧本的壁垒之遗产,Legacy of Obern's Bastion,en
欧甘的遗产,Ogham's Legacy,en
欧罗什之传说,Olroth's Saga,en
欧罗什的信念,Olroth's Conviction,en
欧罗什的傲慢,Olroth's Hubris,en
欧罗什的决心,Olroth's Resolve,en
欧罗什的圣物厅钥匙,Olroth's Reliquary Key,en
欧罗什的太阳徽记,Olroth's Crest of the Sun,en
欧罗瓦萨拉,Olrovasara,en
欧罗瓦萨拉之遗产,Legacy of Olrovasara,en
欧罗的贡品,Oro's Sacrifice,en
欲壑难填,Voracious,en
欺詐者的碎片,Trickster's Shard,en
欺詐面具,Subterfuge Mask,en
欺诈者碎片,Trickster's Shard,en
歌德細杖,Gothic Quarterstaff,en
歐伯恩的壁壘,Obern's Bastion,en
歐克魔偶,Idol of Oak,en
歐洛瓦沙拉,Olrovasara,en
歐派理堤的攻擊靈魂核心,Opiloti's Soul Core of Assault,en
歐派理堤靈魂核心,Soul Core of Opiloti,en
歐辛的誓言,Oisín's Oath,en
止血,Staunching,en
止血咒符,Staunching Charm,en
止血護符,Staunching Charm,en
正中下怀,Right Where We Want Them,en
正中靶心,Bullseye,en
正义天降,Righteous Descent,en
正如低語所求,As the Whispers Demand,en
正念覺察,Mindful Awareness,en
正拳,Punch,en
武器大师,Weapon Master,en
武器套裝,Weapon Sets,en
武器套裝天賦點,Weapon Set Passive Skill Points,en
武器特效： 第一滴血,First Blood,en
武器特效：浴血鬥士,First Blood,en
武器组,Weapon Sets,en
武器组天赋点,Weapon Set Passive Skill Points,en
武圣,Martial Artist,en
武术专精,Martial Adept,en
武术大师,Martial Master,en
武罗摩提的弱化灵核,Uromoti's Soul Core of Attenuation,en
武罗摩提的纹章,Uromoti's Medallion,en
武艺之相,Martial Artistry,en
武術宗師,Martial Master,en
武術精通,Martial Adept,en
武装长衣,Ironclad Vestments,en
歧路腰帶,Forking Belt,en
歪曲護身符,Distorted Amulet,en
歷史珠寶,Historic Jewels,en
歸一之師,Master of One,en
死亡之獸,Creature of Death,en
死亡之聲,Death Articulated,en
死亡之舞,Danse Macabre,en
死亡之謠．黛莫拉,"Diamora, Song of Death",en
死亡之面,Death Mask,en
死亡印记,Marked for Death,en
死亡印记 II,Mark for Death II,en
死亡披肩,Death Mantle,en
死亡斗篷,Death Mantle,en
死亡時施放,Cast on Death,en
死亡標記,Mark for Death,en
死亡標記 II,Mark for Death II,en
死亡生物,Creature of Death,en
死亡符文,Death Rune,en
死亡行進,Deathmarch,en
死亡锁甲,Death Mail,en
死墓埋手,Hand in the Grave,en
死懼碎擊,Crushing Fear,en
死敵崛起,Nemesis Rising,en
死水盆地,Stagnant Basin,en
死神之面,Death Mask,en
死神的袭击,Deathblow,en
死神的袭击之遗产,Legacy of Deathblow,en
死神铰链,Death Articulated,en
死神長杖,Reaping Staff,en
死而復生,Life from Death,en
死靈催化劑,Necrotic Catalyst,en
死靈魔符,Necromantic Talisman,en
殉道者之力,Martyr's Might,en
殉道者之雕像,Idol of the Martyr,en
殉難之冠,Martyr Crown,en
殊途同归,Here for the Same Reason,en
残影,Afterimage,en
残暴处决,Brutal Execution,en
残暴打击,Savage Hit,en
残暴献祭宝珠,Yaomac's Orb of Sacrifice,en
残片,Remnants,en
残片吸引,Remnant Attraction,en
残片效能 I,Remnant Potency I,en
残片效能 II,Remnant Potency II,en
残片效能 III,Remnant Potency III,en
残破,Rupture,en
残血束腰,Goregirdle,en
残酷力量,Cruel Strength,en
残酷的暴行,Bloody Savagery,en
残酷雕塑,Effigy of Cruelty,en
残酷霸权,Cruel Hegemony,en
残酷魔符,Cruel Talisman,en
殒殁,Finality,en
殒皇之冠,Crown of the Pale King,en
殘像,Afterimage,en
殘忍,Brutal,en
殘忍之炎．艾爾瓦菈,"Elvara, the Savage Flame",en
殘忍力量,Cruel Strength,en
殘忍手段,Cruel Methods,en
殘忍瘋狂,Gruelling Madness,en
殘暴,Ruthless,en
殘暴行動,Brutal Execution,en
殘暴霸權,Cruel Hegemony,en
殘片圖騰 I,Splinter Totem I,en
殘片圖騰 II,Splinter Totem II,en
殘猛狂怒,Savage Fury,en
殘留低語,Lingering Whispers,en
殘留幻象,Lingering Illusion,en
殘留恐懼,Lingering Horror,en
殘破原野,Razed Fields,en
殘破堅鋼,Deformed Steel,en
殘破長袍,Tattered Robe,en
殘缺犧牲,Imperfect Sacrifice,en
殘虐者的慈悲,Sadist's Mercy,en
殘酷命運,Cruel Fate,en
殘酷塑像,Effigy of Cruelty,en
殘酷無情,Remorseless,en
殞星,The Fallen Star,en
殞空荒原,Moor of Fallen Skies,en
殞落狂熱,Restless Dead,en
殭屍復甦,Raise Zombie,en
殲滅保護符文,Warding Rune of Annihilation,en
殺人意圖,Murderous Intent,en
殺戮渴望,Thrill of the Kill,en
殺戮渴望II,Thrill of the Kill II,en
毀壞,Ruin,en
毀滅神咒,Mantra of Destruction,en
毀滅精髓,Essence of Ruin,en
毀滅裁決,Crushing Verdict,en
毀滅裝置,Destructive Apparatus,en
毀滅重錘,Ruination Maul,en
毁坏之怖,Crushing Terror,en
毁坏的林场,Deforestation,en
毁灭之兆,Mantra of Destruction,en
毁灭巨锤,Ruination Maul,en
毁灭者之弓,Obliterator Bow,en
毁灭装置,Devastating Devices,en
毁灭雄关,Doomgate,en
毁面者,Facebreaker,en
毁面者之遗产,Legacy of Facebreaker,en
毅力,Grit,en
毒孢迸溅,Poison Spores,en
毒性加剧,Escalating Poison,en
毒性领域,Toxic Domain,en
毒氣擲彈,Gas Grenade,en
毒氣箭矢,Gas Arrow,en
毒爆箭,Poisonburst Arrow,en
毒爆箭矢,Poisonburst Arrow,en
毒疫之指,Plaguefinger,en
毒素植栽,Toxic Growth,en
毒素符文,Toxic Rune,en
毒素領域,Toxic Domain,en
毒蛇之卵,Serpent's Egg,en
毒蛇之契,Bond of the Viper,en
毒蛇之羈絆,Bond of the Viper,en
毒蛇便帽,Viper Cap,en
毒蛇的训诫,Serpent's Lesson,en
毒蛇雕像,Snake Idol,en
毒蛛的教訓,Spider's Lesson,en
毒蝰帽,Viper Cap,en
毒辣,Acrimony,en
比重,Weightings,en
毛毡帽,Felt Cap,en
毛氈便帽,Felt Cap,en
毛皮圆盾,Pelage Targe,en
毛皮斗篷,Pelt Mantle,en
毛皮绑腿,Pelt Leggings,en
毛皮與皮革,Furs and Leather,en
毛皮衬里圆盾,Fur-lined Targe,en
毛皮鎧甲,Fur Plate,en
毫不留情,No Mercy,en
毫無榮譽,Honourless,en
气候变化,Climate Change,en
氣候控制,Controlled Climates,en
氣候變遷,Climate Change,en
氣勢,Momentum,en
氣勢符文,Momentum Rune,en
氣場四散,Presence Present,en
氣旋合金,Cyclonic Alloy,en
氣旋符文,Cyclonic Rune,en
水中之物,Something in the Water,en
水中有物,Something in the Water,en
水井,Wells,en
水井之心,Heart of the Well,en
水域专精,Water Mastery,en
水域精通,Water Mastery,en
水晶免疫,Crystallised Immunities,en
水晶化免疫,Crystallised Immunities,en
水晶法器,Crystal Focus,en
水晶灵药,Crystal Elixir,en
水晶碎片,Crystalline Shards,en
水晶纹样,Crystalline Patterns,en
水源地,Reservoir,en
水銀之遺,Legacy of Quicksilver,en
水银遗产,Legacy of Quicksilver,en
永不屈服,Unbending,en
永久咒術,Abiding Hex,en
永久性,Persistent,en
永久性技能,Persistent Skills,en
永冻,Perpetual Freeze,en
永冻弩箭,Permafrost Bolts,en
永凍長杖,Permafrost Staff,en
永恆之握戒指,Evergrasping Ring,en
永恆充能,Perpetual Charge,en
永恆冰凍,Perpetual Freeze,en
永恆凝視,The Everlasting Gaze,en
永恆剛毅,Eternal Fortitude,en
永恆奉獻,Everlasting Sacrifice,en
永恆抑制,Eternal Subjugation,en
永恆政務官．德雷文,"Draven, the Eternal Praetor",en
永恆烈焰 I,Eternal Flame I,en
永恆烈焰 II,Eternal Flame II,en
永恆烈焰 III,Eternal Flame III,en
永恆熱情,Eternal Fervour,en
永恆統御,Eternal Dominance,en
永恆適性,Eternal Adaptiveness,en
永恆開發,Eternal Exploitation,en
永恆隔離,Eternal Separation,en
永恆韌性,Eternal Resilience,en
永恒凝望,The Everlasting Gaze,en
永恒印记,Eternal Mark,en
永恒嗜血,Eternal Bloodlust,en
永恒支配,Eternal Dominance,en
永恒榨取,Eternal Exploitation,en
永恒灌注,Everlasting Infusions,en
永恒火花,The Eternal Spark,en
永恒狂怒,Eternal Rage,en
永恒献祭,Everlasting Sacrifice,en
永恒珠宝,Timeless Jewel,en
永恒的弹性,Eternal Resilience,en
永恒的热情,Eternal Fervour,en
永恒的生命,Eternal Life,en
永恒的相性,Eternal Adaptiveness,en
永恒的镇压,Eternal Subjugation,en
永恒的隔离,Eternal Separation,en
永恒的韧性,Eternal Fortitude,en
永恒精华,Essence of the Infinite,en
永恒紧缩之戒,Evergrasping Ring,en
永恒绽放,Everlasting Bloom,en
永恒荣耀,Everlasting Glory,en
永恒行军,Eternal March,en
永生,Eternal Life,en
永綻之華,Everlasting Bloom,en
永續實踐,Sustainable Practices,en
永续充能,Perpetual Charge,en
永雪冰域,Snowfall,en
永霜法杖,Permafrost Staff,en
求和者的饮剂,The Peacemaker's Draught,en
求真时刻,Moment of Truth,en
汇流处,Confluence,en
汉恩的城塞,Ahn's Citadel,en
汙染戰吼 I,Corrupting Cry I,en
汙染戰吼 II,Corrupting Cry II,en
污垢女王,The Queen of Filth,en
污染打击,Tainted Strike,en
污水坑,Sump,en
污水深坑,Sump,en
污秽女王,The Queen of Filth,en
污秽宝藏,Vile Treasures,en
污秽誓言之西格伯特,Sigbert of the Sullied Oath,en
汰除,Cull the Hordes,en
汲取元素,Siphon Elements,en
汲取印記,Mark of Siphoning,en
汲取印記 II,Mark of Siphoning II,en
汲取異常狀態,Drain Ailments,en
汲命毒素,Leeching Toxins,en
汲能击,Siphoning Strike,en
決心符文,Resolve Rune,en
決恨花簇,Spiteful Floret,en
決意,Resolution,en
沃夫里克領主,Thane Wulfric,en
沃拉娜之传说,Vorana's Saga,en
沃拉娜之怒,Vorana's Fury,en
沃拉娜的傳奇,Vorana's Saga,en
沃拉娜的围城,Vorana's Siege,en
沃拉娜的圍攻,Vorana's Siege,en
沃拉娜的屠戮,Vorana's Carnage,en
沃拉娜的殘殺,Vorana's Carnage,en
沃拉娜的鐮刀之徽,Vorana's Crest of the Scythe,en
沃拉娜的镰刀徽记,Vorana's Crest of the Scythe,en
沃拉娜，死战者,"Vorana, Last to Fall",en
沃纳斯，堕落烈焰,"Vornas, the Fell Flame",en
沃里克，火域工程师,"Vorrik, The Infernal Engineer",en
沉沒金字塔,Sunken Pyramid,en
沉没之舟,The Sunken Vessel,en
沉没的金字塔,Sunken Pyramid,en
沉没高塔,Sinking Spire,en
沉沦深沼,Burial Bog,en
沉洞,Sinkhole,en
沉溺尖塔,Sinking Spire,en
沉溺舰队的托雷克,Torrek of the Drowned Fleet,en
沉溺艦隊．托雷克,Torrek of the Drowned Fleet,en
沉砧之勢,Anvil's Weight,en
沉船,The Sunken Vessel,en
沉郁之棍,Murkshaft,en
沉重之冠,Heavy Crown,en
沉重之刃,Heavy Blade,en
沉重大锤,Heavy Greathammer,en
沉重揮擊,Heavy Swing,en
沉重暈眩,Heavy Stun,en
沉重王冠,Heavy Crown,en
沉重节杖,Hefty Quarterstaff,en
沉重鎧甲,Heavy Armour,en
沉默之雷,Mjölner,en
沉默之雷之遗产,Legacy of Mjölner,en
沉默卫士,Silent Guardian,en
沉默洞穴,The Silent Cave,en
沉默秘辛,Mysteries of Silence,en
沙丘居民．卡拉許,"Karash, The Dune Dweller",en
沙丘行者便鞋,Dunerunner Sandals,en
沙丘行者鞋履,Dunerunner Sandals,en
沙中足跡,Footprints in the Sand,en
沙吐,Sandspit,en
沙海之间,Between Sand and Sea,en
沙漏,Hourglass,en
沙漠专精,Desert Mastery,en
沙漠之蔑,Desert's Scorn,en
沙漠便帽,Desert Cap,en
沙漠头冠,Desert Circlet,en
沙漠帽,Desert Cap,en
沙漠符文,Desert Rune,en
沙漠精通,Desert Mastery,en
沙漠轻盾,Desert Buckler,en
沙漠頭環,Desert Circlet,en
沙瀑面紗,Sandstorm Visage,en
沙蟲．艾能德,"Anundr, the Sandworm",en
沙行者,The Sandstrider,en
沙誓便鞋,Sandsworn Sandals,en
沙誓冠冕,Sandsworn Tiara,en
沙誓胸甲,Sandsworn Cuirass,en
沙誓鞋履,Sandsworn Sandals,en
沙誓頭冠,Sandsworn Tiara,en
沙阿巴,Shyaba,en
没入黑暗,Dark Entries,en
沦陷之城,Invaded City,en
河流之衣,River Raiment,en
河流堡,Riverhold,en
河流要塞,Riverhold,en
河畔,Riverside,en
沸熔,Effervescent,en
沸腾之躯,Seething Body,en
沸腾桎梏,Blistering Bond,en
沸騰軀體,Seething Body,en
油滑地面,Oil Ground,en
油蜡外衣,Oiled Jacket,en
治疗友军并压制敌方回复,Heals Allies and Suppresses Foe Recovery,en
治疗符文,Healing Runes,en
治癒友方和壓抑敵人恢復,Heals Allies and Suppresses Foe Recovery,en
治癒符文,Healing Runes,en
沼泽专精,Swamp Mastery,en
沼泽之主,Boss of the Bog,en
沼泽低地,Slash,en
沼澤女巫．尹娜杜克,"Ignagduk, the Bog Witch",en
沼澤精通,Swamp Mastery,en
沼澤霸主,Boss of the Bog,en
泄除,Catharsis,en
泉井之心,Heart of the Well,en
泉源,Wellspring,en
法利赛之雕像,Idol of the Pharisee,en
法器,Foci,en
法官、陪審團和劊子手,"Judge, Jury, and Executioner",en
法师之血,Mageblood,en
法师的遗产,Mage's Legacy,en
法术,Spells,en
法术冠冕,Sorcerous Tiara,en
法术图腾,Spell Totem,en
法术节魔,Spellslinger,en
法杖,Wands,en
法球,Orb,en
法球之秘,Secrets of the Orb,en
法球技能,Orb Skills,en
法瑞尔的优雅符文,Farrul's Rune of Grace,en
法瑞尔的狩猎符文,Farrul's Rune of the Hunt,en
法瑞尔的追逐符文,Farrul's Rune of the Chase,en
法術武器,Caster Weapons,en
法術迅捷,Spell Haste,en
法里登之面,Faridun Mask,en
法里登的歷史,History of the Faridun,en
法里顿历史,History of the Faridun,en
法里顿面具,Faridun Mask,en
泛滥温泉,Spring,en
泛滥神力,Overflowing Power,en
波刃刀,Kris Knife,en
波刃小刀,Kris Knife,en
波流,Flow,en
波纹巨剑,Rippled Greatsword,en
泥沼,Mire,en
注入,Infusion,en
注入肉體,Infused Flesh,en
注定的裂伤,Inevitable Rupture,en
泰兹卡塔，焰光守护者,"Tetzcatl, the Blazing Guardian",en
泰坦,Titan,en
泰坦之远古符文,Ancient Rune of the Titan,en
泰坦意志,Titanic,en
泰坦护手,Titan Mitts,en
泰坦殺手,Giantslayer,en
泰坦決意,Titan's Determination,en
泰坦腐化重騎兵,Titanrot Cataphract,en
泰坦長手套,Titan Mitts,en
泰柯，黑暗执政官,"Tycho, the Black Praetor",en
泽佛伊的恶名,Zerphi's Infamy,en
泽佛伊的本源,Zerphi's Genesis,en
泽佛伊的毛披肩,Zerphi's Serape,en
泽廓尔，碾压者,"Zekoa, the Headcrusher",en
泽琳娜，鲜血女祭,"Zelina, Blood Priestess",en
洞中宝库,Treasure Coves,en
洞察万物,Insightfulness,en
洞悉战嚎,Exposing Cry,en
洞穿利爪,Piercing Claw,en
洞見擴散,Foretold Proliferation,en
洞見獎賞,Foretold Bounty,en
洶湧野獸,Surging Beast,en
活体引爆,Detonate Living,en
活体武器,Living Weapon,en
活体金属,Living Metal,en
活体闪电,Living Lightning,en
活体闪电 II,Living Lightning II,en
活力,Dynamism,en
活力 I,Vitality I,en
活力 II,Vitality II,en
活力偏斜,Energising Deflection,en
活力戒指,Vitalic Ring,en
活力残片,Vigorous Remnants,en
活力湧現,Emergent Vigour,en
活力献祭,Invigorated Sacrifices,en
活力符文,Rune of Vitality,en
活力統治者,Energising Archon,en
活力虹吸,Vitality Siphon,en
活动炸弹,Living Bomb,en
活化之风,Revitalising Winds,en
活化寒冰,Revitalising Frost,en
活化灵柩,Quickened Corpses,en
活化烈焰,Revitalising Flames,en
活化金屬,Living Metal,en
活化闪电,Revitalising Lightning,en
活化黑暗,Revitalising Darkness,en
活埋,Buried Alive,en
活性鬼灵,Vivid Spirit,en
活栓,Lifetap,en
活熔爐．古爾札,"Gulzal, the Living Furnace",en
活躍閃電,Living Lightning,en
活躍閃電 II,Living Lightning II,en
活靶子,Easy Target,en
活體炸彈,Living Bomb,en
流丝之沙,Sands of Silk,en
流丝之雕像,Idol of Silk,en
流亡黯道 2,Path of Exile 2,en
流光步履,Luminous Pace,en
流動,Flow,en
流氓外衣,Scoundrel Jacket,en
流沙之母．艾夏,"Ashar, the Sand Mother",en
流沙沙漏,Quicksand Hourglass,en
流沙海岬,Sandspit,en
流沙行者,The Sandstrider,en
流派規劃器,Build Planner,en
流浪商人,Wandering Trader,en
流浪圣柜,Wandering Reliquary,en
流浪外衣,Itinerant Jacket,en
流浪女巫艾珊德菈的智慧符文,Hedgewitch Assandra's Rune of Wisdom,en
流浪寶庫,Wandering Reliquary,en
流浪的商人,Wandering Trader,en
流浪者护甲,Wanderer Armour,en
流浪者護甲,Vagabond Armour,en
流电印记,Voltaic Mark,en
流线弹药,Streamlined Rounds,en
流血,Bleeding,en
流血 I,Bleed I,en
流血 II,Bleed II,en
流血 III,Bleed III,en
流血 IV,Bleed IV,en
流血切口,Haemorrhaging Cuts,en
流血混合物,Bleeding Concoction,en
流贼外衣,Scoundrel Jacket,en
流轉的季節,The Changing Seasons,en
流順之風,Tailwind,en
流體金屬,Flowing Metal,en
浓缩的液化孤独,Concentrated Liquid Isolation,en
浓缩的液化恐惧,Concentrated Liquid Fear,en
浓缩的液化痛苦,Concentrated Liquid Suffering,en
浩劫種子,Seed of Cataclysm,en
浩劫覺醒,Cataclysm's Wake,en
浪湧塑形器,Waveshaper,en
浮华,The Adorned,en
浮华背心,Exquisite Vest,en
浮夸精华,Essence of Hysteria,en
浮油,Slick,en
浮游石,Levinstone,en
浮肿的伐木工,The Bloated Miller,en
浮腫米勒,The Bloated Miller,en
浮誇精髓,Essence of Hysteria,en
浮雕長靴,Embossed Boots,en
浮雕靴,Embossed Boots,en
海妖之鳞手套,Sirenscale Gloves,en
海妖鱗手套,Sirenscale Gloves,en
海幽夏的纹章,Hayoxi's Medallion,en
海幽夏的耐热灵核,Hayoxi's Soul Core of Heatproofing,en
海幽夏的诛罚,Hayoxi's Fulmination,en
海洋栽培,Cultivate the Sea,en
海洋風暴披肩,Seastorm Mantle,en
海洋风暴斗篷,Seastorm Mantle,en
海灵鳞缀手套,Pauascale Gloves,en
海爾賓姆的沉著,Helbrym's Composure,en
海爾賓姆的躲藏,Helbrym's Hide,en
海玉护身符,Lapis Amulet,en
海玻璃長矛,Seaglass Spear,en
海琉长矛,Seaglass Spear,en
海盗外套,Corsair Coat,en
海盜便帽,Corsair Cap,en
海盜兇殘,Brinerot Ferocity,en
海盜背心,Corsair Vest,en
海纳百川,Muster,en
海螺头盔,Cassis Helm,en
海角,Headland,en
海角天涯,Headland,en
海贼帽,Corsair Cap,en
海贼背心,Corsair Vest,en
海靈鱗手套,Pauascale Gloves,en
浸润咒符,Dousing Charm,en
浸湿,Drenched,en
浸漆战弩,Varnished Crossbow,en
涂层利器,Coated Arms,en
涂毒锋刃,Coated Knife,en
消减预兆,Omen of Whittling,en
消沉,Nadir,en
消灾的庇护,...and Protect me from Harm,en
消耗戰,War of Attrition,en
消耗軍團,Expendable Army,en
消融漩涡,Melting Maelstrom,en
涉沙留痕,Footprints in the Sand,en
涉灵,Corpsewade,en
涌动化身,Surging Avatar,en
涡旋法器,Whorl Focus,en
涤罪之火,Scouring Flame,en
涤荡烈焰,His Winnowing Flame,en
液化偏执,Liquid Paranoia,en
液化嫉妒,Liquid Envy,en
液化情感,Liquid Emotions,en
液化憎恶,Liquid Disgust,en
液化绝望,Liquid Despair,en
液态金属,Flowing Metal,en
液態偏執,Liquid Paranoia,en
液態厭惡,Liquid Disgust,en
液態忌妒,Liquid Envy,en
液態情感,Liquid Emotions,en
液態絕望,Liquid Despair,en
液態維里西姆,Liquid Verisium,en
淤血创痕,Goring,en
淨化烈焰,Scouring Flame,en
淨化石碑,Obelisk of Cleansing,en
淬毒箭袋,Toxic Quiver,en
淬火之心,Tempered Mind,en
淬炼护手,Tempered Mitts,en
淬炼武器,Temper Weapon,en
淬鍊長手套,Tempered Mitts,en
深入其中,In the Thick of It,en
深化暗影,Deepening Shadows,en
深厚霜寒,Heavy Frost,en
深坑主宰,Lord of the Pit,en
深埋怨恨,Buried Animosity,en
深埋野心,Buried Ambition,en
深層創傷,Deep Wounds,en
深度专注,Deep Trance,en
深度冰凍,Deep Freeze,en
深度冻结,Deep Freeze,en
深度切割 I,Deep Cuts I,en
深度切割 II,Deep Cuts II,en
深度创伤,Deep Wounds,en
深度恍惚,Deep Trance,en
深林守护,Woodland Aspect,en
深海領主．瑪爾戈,"Malgor, the Nautilord",en
深淵之記,Abyssal Signet,en
深淵倉庫頁,Abyss Stash Tab,en
深淵冥約,Abyssal Pact,en
深淵妖巫,Abyssal Lich,en
深淵碑牌,Abyss Tablet,en
深淵精髓,Essence of the Abyss,en
深淵耗損,Abyssal Wasting,en
深淵裂谷,Abyssal Fissure,en
深淵迴響之兆,Omen of Abyssal Echoes,en
深淵連結,Abyssal Conduit,en
深淵鏈錘,Abyssal Flail,en
深淵領主印記,Mark of the Abyssal Lord,en
深渊,Abyss,en
深渊之力,Strength of the Deep,en
深渊之怒,Abyssal Ire,en
深渊之眼,Abyssal Eye,en
深渊印戒,Abyssal Signet,en
深渊回响预兆,Omen of Abyssal Echoes,en
深渊巫妖,Abyssal Lich,en
深渊幻象,Abyssal Apparition,en
深渊石板,Abyss Tablet,en
深渊精华,Essence of the Abyss,en
深渊耗散,Abyssal Wasting,en
深渊诅咒,Curse of the Abyss,en
深渊词缀,Abyssal Modifiers,en
深渊连枷,Abyssal Flail,en
深渊通道,Abyssal Conduit,en
深渊领主的印记,Mark of the Abyssal Lord,en
深谋远虑,Careful Consideration,en
深远打击,Reaching Strike,en
深邃之女．希沃亞,"Syvora, Daughter of the Deep",en
混乱四起,Escalating Mayhem,en
混亂攻擊,Disorientation,en
混合劑,Admixture,en
混合物,Admixture,en
混沌,Chaos,en
混沌一瞥,Glimpse of Chaos,en
混沌专精,Chaos Mastery,en
混沌伤害,Chaos Damage,en
混沌冰凍,Chaotic Freeze,en
混沌冻结,Chaotic Freeze,en
混沌协调,Chaos Attunement,en
混沌同調,Chaos Attunement,en
混沌崇拜,Cult of Chaos,en
混沌弩箭,Chaos Bolt,en
混沌怪物之兆,Omen of Chaotic Monsters,en
混沌怪物预兆,Omen of Chaotic Monsters,en
混沌抗性,Chaos Resistant,en
混沌抵抗,Chaos Resistant,en
混沌效用之兆,Omen of Chaotic Effectiveness,en
混沌效能预兆,Omen of Chaotic Effectiveness,en
混沌数量预兆,Omen of Chaotic Quantity,en
混沌數量之兆,Omen of Chaotic Quantity,en
混沌波動,Chaos Surge,en
混沌涌动,Chaos Surge,en
混沌石,Chaos Orb,en
混沌秘仪,Cult of Chaos,en
混沌稀有度之兆,Omen of Chaotic Rarity,en
混沌稀有预兆,Omen of Chaotic Rarity,en
混沌箭,Chaos Bolt,en
添煤工,Coal Stoker,en
清心寡欲,Asceticism,en
清明梦,Lucid Dreaming,en
清晰 I,Clarity I,en
清晰 II,Clarity II,en
清晰夢境,Lucid Dreaming,en
清理空间,Clear Space,en
清空區域,Clear Space,en
清算,Payoff,en
清算技能,Payoff Skills,en
清醒梦魇,Waking Nightmare,en
渎灵词缀,Desecrated Modifiers,en
渎神,Blasphemy,en
渎神指挥官,Profane Commander,en
渎神献祭宝珠,Kamasa's Orb of Sacrifice,en
渐入佳境 I,Crescendo I,en
渐入佳境 II,Crescendo II,en
渐入佳境 III,Crescendo III,en
渐强毒素,Escalating Toxins,en
渐强箭,Crescendo Arrows,en
渗流之地,Seepage,en
減益效果,Debuffs,en
渡鴉之映,Raven's Reflection,en
渡鴉所觸,Raven-Touched,en
渡鴉欺詐者,The Raven Trickster,en
渡鴉碎片,Raven-Touched Shard,en
渡鴉集束,The Raven's Flock,en
渡鸦之群,The Raven's Flock,en
渡鸦之触,Raven-Touched,en
渡鸦之触碎片,Raven-Touched Shard,en
渡鸦倒影,Raven's Reflection,en
温室,Greenhouse,en
温暖心扉,Warm the Heart,en
温热血脉,Warm Blooded,en
測試攻擊,Playtest Attack,en
測試法術,Playtest Spell,en
測試重擊,Playtest Slam,en
渴望屠殺,Craving Slaughter,en
渴求力量,Lust for Power,en
渴求獻祭,Lust for Sacrifice,en
渴饮,Bloodthirsty,en
游侠,Ranger,en
游击战法,Guerilla Warfare,en
游擊戰,Guerilla Warfare,en
游荡者便鞋,Wanderer Shoes,en
渺远起源,Distant Origins,en
湧動電流,Surging Currents,en
湧升流 I,Upwelling II,en
湧泉,Spring,en
湮灭之结界符文,Warding Rune of Annihilation,en
湯馬祖的寶庫鑰匙,Tangmazu's Reliquary Key,en
湯馬祖的提爐,Tangmazu's Thurible,en
湿地,Wetlands,en
溃裂掌,Shatter Palm,en
溅射伤害,Splash Damage,en
溅水白浪,Crashing Wave,en
源之祝福,Blessing of the Source,en
源於永恆,Ab Aeterno,en
源生怪物,Naturally Spawning Monsters,en
源生魔力,Raw Mana,en
源自米登加德,Born of Middengard,en
準備引爆,Primed to Explode,en
溢出,Overflow,en
溢出几率,Chance can Surpass 100%,en
溪谷,Ravine,en
滅火護符,Dousing Charm,en
滅親者．莫溫恩,"Morwyn, the Kinslayer",en
滋养之结界符文,Warding Rune of Nourishment,en
滋养神圣,Nurture Divinity,en
滋润的友军,Nourishing Ally,en
滋養保護符文,Warding Rune of Nourishment,en
滋養的守衛者,Nurturing Guardian,en
滋養的盟友,Nourishing Ally,en
滋養自然,Nurturing Nature,en
滑冰,Slippery Ice,en
滑击背心,Slipstrike Vest,en
滑塌溪谷,Sloughed Gully,en
滑布外衣,Sleek Jacket,en
滑布长靴,Sleek Boots,en
滚出我的脑袋！,Get out of my head!,en
滚滚攻势,Roll and Strike,en
满溢之甲,Loreweave,en
满溢圣杯,Overflowing Chalice,en
滯礙險阻,Hindering Obstacles,en
滲漏,Seepage,en
滲血,Bloodletting,en
滲骨瘋狂,Madness in the Bones,en
滴血为咒,Sanguimancy,en
滿溢機率,Chance can Surpass 100%,en
滿溢貪婪,Overgrown Greed,en
滿腔熱血,Warm Blooded,en
漂泊者护甲,Vagabond Armour,en
漂泊騎士,The Knight-errant,en
漂流物,Flotsam,en
漂流者之所,Castaway,en
漆黑徽章,The Black Insignia,en
漆黑燃焰．希爾德菈,Heldra of the Black Pyre,en
漆黑神殿,Gloom Shrine,en
演习,War Games,en
演化化身,Avatar of Evolution,en
演化蜂群,Evolving Throngs,en
漫天雪暴,Heavy Snows,en
漫步者外衣,Rambler Jacket,en
漫遊者護甲,Wanderer Armour,en
漫遊者輕鞋,Wanderer Shoes,en
潘多拉魔盒,Pandora's Box,en
潘朵拉的寶盒,Pandora's Box,en
潛伏之面,Skulking Mask,en
潛伏獵豹,Stalking Panther,en
潛力,Potential,en
潛獵護腕,Stalking Bracers,en
潛獵長矛,Stalking Spear,en
潛能湧現,Emergent Possibility,en
潛藏型態,Hidden Forms,en
潜能,Potential,en
潜能之戒,Unset Ring,en
潜能释放,Unbound Potential,en
潜行战矛,Stalking Spear,en
潜行护腕,Stalking Bracers,en
潜行面具,Skulking Mask,en
潮汐先知披肩,Tideseer Mantle,en
潮汐浪湧,Surge of the Tide,en
潮汐符文,Tidal Rune,en
潮贤斗篷,Tideseer Mantle,en
澎湃灌注,Surging Avatar,en
澤佛伊的創世紀,Zerphi's Genesis,en
澤洛克之贈,Zarokh's Gift,en
澤洛克的克制,Zarokh's Refrain,en
澤洛克的反叛,Zarokh's Revolt,en
澤洛克的寶庫鑰匙：力抗黑暗,Zarokh's Reliquary Key: Against the Darkness,en
澤洛克的寶庫鑰匙：時空之物,Zarokh's Reliquary Key: Temporalis,en
澤洛克的寶庫鑰匙：沙瀑面紗,Zarokh's Reliquary Key: Sandstorm Visage,en
澤洛克的寶庫鑰匙：祝福之絆,Zarokh's Reliquary Key: Blessed Bonds,en
澤洛克的寶庫鑰匙：絲克瑪的決意,Zarokh's Reliquary Key: Sekhema's Resolve,en
澤菲披肩,Zerphi's Serape,en
激勵圖樣,Rallying Icon,en
激化能量,Intensifying Energies,en
激变,Snap,en
激变浪潮,Tides of Change,en
激怒,Embitter,en
激怒戰吼 I,Enraged Warcry I,en
激怒戰吼 II,Enraged Warcry II,en
激情,Fervour,en
激情冲动,Adrenaline Rush,en
激情領導,Fiery Leadership,en
激惹巢群,Provoke the Swarm,en
激战壕沟,Trenches,en
激战热血,Thrill of Battle,en
激战精华,Essence of Battle,en
激昂之首,Inspiring Leader,en
激活印记,Activating Marks,en
激烈碰撞,Heavy Contact,en
激生恨意,Invigorating Hate,en
激發仇恨,Invigorating Hate,en
濃縮液態孤立,Concentrated Liquid Isolation,en
濃縮液態恐懼,Concentrated Liquid Fear,en
濃縮液態苦難,Concentrated Liquid Suffering,en
濕透,Drenched,en
瀆神祭祀,Profane Ritual,en
瀰漫的,Suffusion,en
灌注,Infusion,en
灌注上限,Infused Limits,en
灌注之力,Infusing Power,en
灌注力量,Infusing Power,en
灌注箭袋,Primed Quiver,en
灌注肉身,Imbue the Body,en
灌注血肉,Infused Flesh,en
灌装,Refills,en
灌铅大锤,Leaden Greathammer,en
火之化身,Avatar of Fire,en
火力倾泻,Unleash Fire,en
火力全開！,Unleash Hell!,en
火力弩炮,Artillery Ballista,en
火力抑制,Suppressing Fire,en
火化嚎叫,Cremating Cries,en
火卜契约,Pyromantic Pact,en
火占師,Pyromancer,en
火山,Volcano,en
火山炎口,Caldera,en
火山皮膚,Volcanic Skin,en
火山裂缝,Volcanic Fissure,en
火山迸發,Volcanic Eruption,en
火彈,Firebolt,en
火灵箭袋,Fire Quiver,en
火炎之柱,Flame Pillar,en
火炎之河．哈迪,Hadi of the Flaming River,en
火焚,Cremation,en
火焰,Fire,en
火焰一体,One With Flame,en
火焰专精,Fire Mastery,en
火焰之息,Breath of Fire,en
火焰之花,Fireflower,en
火焰伤害,Fire Damage,en
火焰净化,Purity of Fire,en
火焰协调,Fire Attunement,en
火焰同調,Fire Attunement,en
火焰吐息,Flame Breath,en
火焰呼喚者,Bringer of Flame,en
火焰守护者,Flamekeeper,en
火焰弹,Firebolt,en
火焰执政官,Flame Archon,en
火焰抗性,Fire Resistant,en
火焰抵抗,Fire Resistant,en
火焰曝曬,Fire Exposure,en
火焰曝露,Fire Exposure,en
火焰法印,Sigil of Fire,en
火焰秘仪,Cult of Fire,en
火焰穿透 I,Fire Penetration I,en
火焰穿透 II,Fire Penetration II,en
火焰符印,Sigil of Fire,en
火焰符文,Fire Rune,en
火焰箭袋,Fire Quiver,en
火焰節奏,Rhythm of Fire,en
火焰統治者,Flame Archon,en
火焰舞者,Firedancer,en
火焰行者,Flamewalker,en
火焰隔絕,Heatproofing,en
火焰韵律,Rhythm of Fire,en
火熱死寂,Fiery Death,en
火球,Fireball,en
火砲砲塔,Artillery Ballista,en
火祭協議,Pyromantic Pact,en
火葬場之徒,Crematorium Worker,en
火藥疾行,Black Powder Blitz,en
灭世,Doomfletch,en
灭世之语,Whispers of Doom,en
灭亲者莫尔温,"Morwyn, the Kinslayer",en
灰岩之遺,Legacy of Bismuth,en
灰岩遗产,Legacy of Bismuth,en
灰樹皮魔符,Cinderbark Talisman,en
灰烬之捷,Herald of Ash,en
灰烬仲裁官,The Arbiter of Ash,en
灰烬树皮魔符,Ashbark Talisman,en
灰烬连射,Ember Fusillade,en
灰燼仲裁者,The Arbiter of Ash,en
灰燼長杖,Ashen Staff,en
灰燼領主．瓦爾洛奇,"Varloch, the Ashen Lord",en
灰製,Greymake,en
灵之奉献,Soul Offering,en
灵体火焰,Spectral Fire,en
灵体火球,Volatile Dead,en
灵体齐射,Spectral Volley,en
灵体：{0},Spectre: {0},en
灵如泉涌,Wellspring,en
灵巧,Elusive,en
灵巧力量,Nimble Strength,en
灵巧测试巴雅,Test of Cunning Barya,en
灵敏连击,Agile Succession,en
灵柩,Corpses,en
灵柩留存,Corpse Conservation,en
灵核,Soul Core,en
灵活突袭,Adaptable Assault,en
灵猫雕像,Cat Idol,en
灵秘 I,Mysticism I,en
灵秘 II,Mysticism II,en
灵能结界,Necromantic Ward,en
灵视脉轮,Chakra of Sight,en
灵触战利品,Spirit-Touched Spoils,en
灵豹矫健,Catlike Agility,en
灵骨王冠,Spiritbone Crown,en
灵骸之履,Bones of Ullr,en
灵魂之井,The Well of Souls,en
灵魂子午线,The Soul Meridian,en
灵魂容器,Spirit Vessel,en
灵魂崇拜,Soul Worship,en
灵魂影响,Spirit-Influenced,en
灵魂水晶：{0},Soul Crystal: {0},en
灵魂甲胄,The Coming Calamity,en
灵魂盛放,Soul Bloom,en
灵魂破裂,Rupture the Soul,en
灵魂羁绊,Soul Tether,en
灵魂行者,Spirit Walker,en
灵鸦斗篷,Corvus Mantle,en
灵龟护符,Turtle Charm,en
灼炎扇舞I,Fan The Flames,en
灼炎扇舞II,Fan The Flames II,en
灼热气息,Searing Heat,en
灼熱打擊,Burning Strikes,en
灼熱高溫,Searing Heat,en
災厄信使,Bringer of the Apocalypse,en
災難臨頭,The Coming Calamity,en
灾厄绽放,Dangerous Blossom,en
灾厄行者,Walking Calamity,en
灾变之后,Cataclysm's Wake,en
灾变的种子,Seed of Cataclysm,en
灾难使者,Coming Calamity,en
炎军 I,Infernal Legion I,en
炎军 II,Infernal Legion II,en
炎军 III,Infernal Legion III,en
炎植長杖,Pyrophyte Staff,en
炎火脈動,Volcanic Fissure,en
炎舞者,Firedancer,en
炙阳峡谷,Canyon,en
炮兵就位！,"Cannons, Ready!",en
炮击,Artillery Strike,en
炸裂狂熱,Explosive Fervour,en
炸裂節奏,Explosive Rhythm,en
点燃,Ignite,en
点燃 I,Ignite I,en
点燃 II,Ignite II,en
点燃 III,Ignite III,en
点燃地面,Ignited Ground,en
点燃时施放,Cast on Ignite,en
点金石,Orb of Alchemy,en
為同樣原因而來,Here for the Same Reason,en
為齒輪拋光,Polish That Gear,en
炼狱上限,Infernal Limit,en
炼金师的恩典,Alchemist's Boon,en
炼金秘油,Alchemical Oil,en
炽天使之心,Seraph's Heart,en
炽灭,Fiery Death,en
炽炎之使,The Searing Touch,en
炽炎之地,Scorched Earth,en
炽烈绝杀,Blazing Critical,en
炽热的领袖,Fiery Leadership,en
炽焰战吼,Infernal Cry,en
炽焰武臂,Blazing Arms,en
炽焰溶剂,Blazing Flux,en
烁金头冠,Gold Circlet,en
烈士之力,Martyr's Might,en
烈士意志,Unwavering Stance,en
烈士魔偶,Idol of the Martyr,en
烈性混合物,Fulminating Concoction,en
烈性转化,Explosive Transmutation,en
烈日先知．桐桂,"Tonqui, Seer of the Sun",en
烈日碎片,Sunsplinter,en
烈日神器,Sun Artifact,en
烈火崇拜,Cult of Fire,en
烈火焚烧,Incendiary,en
烈火熔劑,Blazing Flux,en
烈火繁花,Fireflower,en
烈炎之翼,Rise of the Phoenix,en
烈炎之袍,Cloak of Flame,en
烈炎风暴,Firestorm,en
烈焰之墙,Flame Wall,en
烈焰之擊,Igniferis,en
烈焰之柱,Flame Pillar,en
烈焰之誓．伊娜提亞,"Ignatia, the Flame-Sworn",en
烈焰使者,Bringer of Flame,en
烈焰射擊,Incendiary Shot,en
烈焰爆破,Flameblast,en
烈焰的淬炼,Forged in Flame,en
烈焰看守者,Flamekeeper,en
烈焰穿刺,Flamepierce,en
烈焰穿透,Flamepierce,en
烈焰精华,Essence of Flames,en
烈焰精髓,Essence of Flames,en
烈焰鑄造,Forged in Flame,en
烈許的寶庫鑰匙,Xesht's Reliquary Key,en
烈許的熱忱,Xesht's Fervour,en
烈阳残片,Sunsplinter,en
烈風暴,Stormfire,en
烈风吹袭,Wing Blast,en
烏勒爾之骨,Bones of Ullr,en
烏圖拉的貢禮,Tribute to Utula,en
烏托邦的第一使者．本篤特斯,"Benedictus, First Herald of Utopia",en
烏拉曼的邪眼,Ulaman's Gaze,en
烏爾尼多的催化劑,Uul-Netol's Catalyst,en
烏爾摩堤的消減靈魂核心,Uromoti's Soul Core of Attenuation,en
烏爾摩堤聖徽,Uromoti's Medallion,en
烏特雷的傳奇,Uhtred's Saga,en
烏特雷的儀式,Uhtred's Rite,en
烏特雷的出走,Uhtred's Exodus,en
烏特雷的占卜術,Uhtred's Augury,en
烏特雷的徵兆,Uhtred's Omen,en
烏特雷的星座,Uhtred's Constellation,en
烏特雷的星空,Uhtred's Sidereus,en
烏特雷的聖杯,Uhtred's Chalice,en
烏特雷的聖杯之徽,Uhtred's Crest of the Chalice,en
烏鋼紋章盾,Blacksteel Crest Shield,en
烏鋼鎧靴,Blacksteel Sabatons,en
烏鐵護手,Blacksteel Gauntlets,en
烏鴉披肩,Corvus Mantle,en
烛火雕像，活化者,"Candlemass, the Living Rite",en
烧毁,Incinerate,en
烬皮魔符,Cinderbark Talisman,en
热望,Avidity,en
热血追猎,Thrilling Chase,en
焚化,Immolation,en
焚化战吼,Cremating Cries,en
焚化祭仪,Ritual of Immolation,en
焚尸工,Crematorium Worker,en
焚尽,Burnout,en
焚毁收成,Burn the Harvest,en
焚灭,Burn Away,en
焚燒殆盡,Burn Away,en
焚躯烈焰 I,Searing Flame I,en
焚躯烈焰 II,Searing Flame II,en
無上煉金,Inexplicable Alchemy,en
無免殘破,Inevitable Rupture,en
無名之儀,Rite of the Nameless,en
無名先知,Nameless Seer,en
無名心木,Unnamed Heartwood,en
無名時刻,Hour of the Nameless,en
無咒,Hexproof,en
無常之島,Wayward Isle,en
無形,Immaterial,en
無影行蹤,Blurred Motion,en
無微不至,Enveloping Presence,en
無情十字弓,Bleak Crossbow,en
無情暴擊 I,Inexorable Critical I,en
無情暴擊 II,Inexorable Critical II,en
無情殞落者,Relentless Fallen,en
無情者．歐羅頓,"Oloton, the Remorseless",en
無情護衛者,Relentless Vindicator,en
無情追獵,Relentless Pursuit,en
無感,Unfeeling,en
無懼先鋒 I,Vanguard I,en
無懼先鋒 II,Vanguard II,en
無效石,Orb of Annulment,en
無敵甲殼,Impenetrable Shell,en
無束,Unfettered,en
無法到達,Beyond Reach,en
無法觸碰,Untouchable,en
無畏,Dauntless,en
無盡悲歌的拉克朗,Lachlann of Endless Lament,en
無盡暴雪,Endless Blizzard,en
無盡深淵,Abyssal Depths,en
無盡能量 I,Boundless Energy I,en
無盡能量 II,Boundless Energy II,en
無知於力量,Ignorant to Power,en
無礙嚴寒,Unbothering Cold,en
無私奉獻,One For All,en
無私痕跡,Selfless Remnants,en
無縛之力,Unbound Forces,en
無縛之怒,Unbound Fury,en
無縛化身,Unbound Avatar,en
無縛安可,Unbound Encore,en
無縛智慧,Unrestrained Intellect,en
無縛潛能,Unbound Potential,en
無聲守護者,Silent Guardian,en
無與倫比,Sine Aequo,en
無視抗性,Ignoring Resistances,en
無視潛能,Potential Ignored,en
無視疼痛,Ignore Pain,en
無遠弗屆,Overreach,en
無量困境,Crux of Nothingness,en
無阻屏障,Unstoppable Barrier,en
無限循環,Endless Circuit,en
無限生長,Boundless Growth,en
無限精髓,Essence of the Infinite,en
無饜者．布魯高,"Brughor, the Insatiable",en
無魂型態,Soulless Form,en
焦土,Scorched Earth,en
焦灼孤島,Scorched Cay,en
焦灼小岛,Scorched Cay,en
焦痕短剑,Charred Shortsword,en
焦黑短劍,Charred Shortsword,en
焰刃巨剑,Flanged Greatblade,en
煉獄,Inferno,en
煉獄之怒．莫瓦克,"Morvak, the Infernal",en
煉獄工程師．沃黎克,"Vorrik, The Infernal Engineer",en
煉獄戰吼,Infernal Cry,en
煉獄軍團 I,Infernal Legion I,en
煉獄軍團 II,Infernal Legion II,en
煉獄軍團 III,Infernal Legion III,en
煉金之油,Alchemical Oil,en
煉金師恩惠,Alchemist's Boon,en
煙霧,Smoke Clouds,en
煥彩合金,Prismatic Alloy,en
照亮范围,Light Radius,en
照耀,Irradiated,en
煽风点火,Fan The Flames,en
煽风点火II,Fan The Flames II,en
熄滅吐息,Extinguishing Exhalation,en
熊,Bear,en
熊之咆吼,Bear's Roar,en
熊之怒吼,Bear's Roar,en
熊之魂,Spirit Of The Bear,en
熊熊烈火,Intense Flames,en
熊皮披肩,Bearskin Mantle,en
熊皮斗篷,Bearskin Mantle,en
熏香遗物,Incense Relic,en
熔化標誌,Molten Symbol,en
熔化烈焰,Melting Flames,en
熔岩之爪,Molten Claw,en
熔岩冲击,Molten Crash,en
熔岩利爪,Molten Claw,en
熔岩化身,Molten Being,en
熔岩奔涌,Rolling Magma,en
熔岩寶庫,Molten Vault,en
熔岩屏障,Magma Barrier,en
熔岩爆裂,Molten Blast,en
熔岩甲壳,Molten Carapace,en
熔岩破滅,Molten Crash,en
熔岩翻騰,Rolling Magma,en
熔岩者的禮物,The Molten One's Gift,en
熔岩者的馈赠,The Molten One's Gift,en
熔岩裂缝,Molten Fissures,en
熔岩骤雨,Molten Shower,en
熔岩魔甲,Molten Carapace,en
熔渣裂隙,Sinter Rift,en
熔火之锤,Molten Hammer,en
熔火喷发,Volcanic Eruption,en
熔火噴濺,Molten Shower,en
熔火宝库,Molten Vault,en
熔火爆破,Molten Blast,en
熔火生命體,Molten Being,en
熔火皮肤,Volcanic Skin,en
熔火符印,Molten Symbol,en
熔炎送葬,Cremation,en
熔爐熱力,Heat of the Forge,en
熔蜡，信念的嘲弄,"Meltwax, Mockery of Faith",en
熔解精华,Essence of Thawing,en
熔铸塔盾,Crucible Tower Shield,en
熟練符印,Practiced Signs,en
熟練連擊,Practiced Combo,en
熟能生巧,Proficiency,en
熟透,Cooked,en
熱情的奉獻,Heated Devotion,en
熱能,Heat,en
熵熱化身,Entropic Incarnation,en
熵能化身,Entropic Incarnation,en
熾烈衛士．特茲卡特,"Tetzcatl, the Blazing Guardian",en
燃印,Igniferis,en
燃怒战吼 I,Enraged Warcry I,en
燃怒战吼 II,Enraged Warcry II,en
燃油擲彈,Oil Grenade,en
燃烧,Burning,en
燃烧射击,Incendiary Shot,en
燃烧废野,Razed Fields,en
燃烧打击,Burning Strikes,en
燃烧铭文,Burning Inscription,en
燃焰暴擊,Blazing Critical,en
燃燒之性,Burning Nature,en
燃燒豐收,Burn the Harvest,en
燃燒豐碑,The Burning Monolith,en
燃爆之径,Conflagrating Path,en
燃盡,Burnout,en
燃石巨塔,The Burning Monolith,en
燎烟窒息,Smoke Inhalation,en
燐火,Wildfire,en
燒灼烈焰 I,Searing Flame I,en
燒灼烈焰 II,Searing Flame II,en
燼木魔符,Ashbark Talisman,en
燼裔．沃克哈爾,"Volkhar, the Emberborn",en
爆灵术,Detonate Dead,en
爆炸射击,Explosive Shot,en
爆炸强化,Explosive Empowerment,en
爆炸擲彈,Explosive Grenade,en
爆炸箭矢,Explosive Shot,en
爆炸轉化,Explosive Transmutation,en
爆炸長矛,Explosive Spear,en
爆燃,Incendiary,en
爆燃之路,Conflagrating Path,en
爆燃銘文,Burning Inscription,en
爆發沼地蟾蜍,Bursting Fen Toad,en
爆發腐蝕,Bursting Decay,en
爆破专家,Demolitionist,en
爆破战矛,Explosive Spear,en
爆破灵药,Explosive Concoction,en
爆破热忱,Explosive Fervour,en
爆破箭,Detonating Arrow,en
爆破箭矢,Detonating Arrow,en
爆破韵律,Explosive Rhythm,en
爆裂沼蟾,Bursting Fen Toad,en
爆裂物,Explosive Concoction,en
爆裂物強化,Explosive Empowerment,en
爆裂瘟疫,Bursting Plague,en
爆裂蔓延,Cracklecreep,en
爆頭,Headshot,en
爪,Claws,en
爪擊,Maul,en
爪突刺,Claw Stab,en
爪类,Claws,en
爱神曼陀罗,Amor Mandragora,en
爱神曼陀罗之遗产,Legacy of Amor Mandragora,en
爵士勒爾德的暖春符文,Thane Leld's Rune of Spring,en
爵士格特的野性符文,Thane Girt's Rune of Wildness,en
爵士格蘭內爾的專精符文,Thane Grannell's Rune of Mastery,en
爵士邁爾克的盛夏符文,Thane Myrk's Rune of Summer,en
片段,Pieces,en
版本 0.2.0f,Version 0.2.0f,en
版本 0.2.1,Version 0.2.1,en
版本 0.4.0,Version 0.4.0,en
版本 0.5.0,Version 0.5.0,en
版本 0.5.5 禁忌儀式活動聯盟,Version 0.5.5,en
版本更新 0.4.0b,Version 0.4.0b,en
版本更新 0.4.0c,Version 0.4.0c,en
牢不可破,Unbreaking,en
牢固十字弓,Stout Crossbow,en
牢固护腕,Firm Bracers,en
牢固裹手,Secured Wraps,en
牢固護腿,Secured Leggings,en
牢靠绑腿,Secured Leggings,en
牧羊人之觸,Shepherd's Touch,en
牧者之触,Shepherd's Touch,en
牧野荒原,Grazed Prairie,en
物品,Items,en
物品护甲,Item Armour,en
物品稀有度,Item Rarity,en
物品能量护盾,Item Energy Shield,en
物品護甲值,Item Armour,en
物品閃避值,Item Evasion,en
物品闪避,Item Evasion,en
物理,Physical,en
物理专精,Physical Mastery,en
物理伤害,Physical Damage,en
物質固化,Material Solidification,en
特克罗的凝视,Tecrod's Gaze,en
特克罗的复仇,Tecrod's Revenge,en
特克羅德的復仇,Tecrod's Revenge,en
特克羅德的邪眼,Tecrod's Gaze,en
特兹拉波卡尔的欲望,Tetzlapokal's Desire,en
特化容器,Specialised Containers,en
特化暴击,Supercritical,en
特卡蒂的憤怒,Tacati's Ire,en
特卡蒂的苦痛靈魂核心,Tacati's Soul Core of Affliction,en
特卡蒂靈魂核心,Soul Core of Tacati,en
特拉特斯巨砲,Trarthan Cannon,en
特拉珊火炮,Trarthan Cannon,en
特沙波卡爾之慾,Tetzlapokal's Desire,en
特盧達納魔偶,Idol of Thruldana,en
牺牲供奉,Sacrificial Offering,en
牺牲的渴望,Lust for Sacrifice,en
犄角之冠,Horned Crown,en
犄角王冠,Horned Crown,en
犧牲,Immolate,en
犧牲奉獻,Sacrificial Offering,en
狂乱之触,Frantic Reach,en
狂乱侵袭,Frantic Invasion,en
狂乱大锤,Fanatic Greathammer,en
狂亂反擊,Frenzied Riposte,en
狂亂延伸,Frantic Reach,en
狂亂揮擊,Frantic Swings,en
狂亂魔符,Frenzied Talisman,en
狂噬 I,Feeding Frenzy I,en
狂噬 II,Feeding Frenzy II,en
狂嚎魔符,Howling Talisman,en
狂徒薩滿,Shaman,en
狂怒,Enraged,en
狂怒 I,Rage I,en
狂怒 II,Rage II,en
狂怒 III,Rage III,en
狂怒之源,Furious Wellspring,en
狂怒之血,Blood of Rage,en
狂怒信念,Frenzied Faith,en
狂怒反击,Frenzied Riposte,en
狂怒回响,Echoes of Ferocity,en
狂怒掠奪者,Enraged Reaver,en
狂怒源泉,Furious Wellspring,en
狂怒猛击,Furious Slam,en
狂怒砍斧,Fury Cleaver,en
狂怒魔符,Fury Talisman,en
狂戰,Berserk,en
狂戰者之弓,Warmonger Bow,en
狂戰者巨盔,Warmonger Greathelm,en
狂放大斧,Savage Greataxe,en
狂暴熊,The Frenzied Bear,en
狂暴重擊,Furious Slam,en
狂暴魔符,Rabid Talisman,en
狂烈的信仰,Frenzied Faith,en
狂热,Frenetic,en
狂热之弓,Fanatic Bow,en
狂热大锤,Zealot Greathammer,en
狂热审讯,Zealous Inquisition,en
狂热弓,Zealot Bow,en
狂热战士,Frantic Fighter,en
狂热挥击,Frantic Swings,en
狂热的奉献,Heated Devotion,en
狂热者,Zealot,en
狂热者手套,Zealot Gauntlets,en
狂热者王冠,Zealot Crown,en
狂热者誓言,Zealot's Oath,en
狂熱,Zealot,en
狂熱之冠,Zealot Crown,en
狂熱巨錘,Zealot Greathammer,en
狂熱漩渦,Spiral into Mania,en
狂熱者之弓,Zealot Bow,en
狂熱者的誓言,Zealot's Oath,en
狂熱裁決,Zealous Inquisition,en
狂熱護手,Zealot Gauntlets,en
狂犬魔符,Rabid Talisman,en
狂猿之契,Bond of the Ape,en
狂猿之灵,Spirit Of The Primate,en
狂猿雕像,Primate Idol,en
狂獠饰带,The Gnashing Sash,en
狂蟒女王卡芭菈,"Kabala, Constrictor Queen",en
狂野碎片 I,Wildshards I,en
狂野碎片 II,Wildshards II,en
狂野風暴,Wild Storm,en
狂野鬼灵,Wild Spirit,en
狂風暴雪,Heavy Snows,en
狂颮之主,Lord of the Squall,en
狂风领主,Lord of the Squall,en
狐毛铠,Foxshade,en
狐毛铠之遗产,Legacy of Foxshade,en
狐狸雕像,Fox Idol,en
狐狸魔偶,Fox Idol,en
狙击,Snipe,en
狙击印记,Sniper's Mark,en
狙击手,Sniper,en
狙擊者印記,Sniper's Mark,en
狞笑面罩,Grinning Mask,en
狠毒,Viciousness,en
狡兔雕像,Rabbit Idol,en
狡兔魔偶,Rabbit Idol,en
狩猎之赏,Prize of the Hunt,en
狩猎伙伴,Hunting Companion,en
狩猎便鞋,Hunting Shoes,en
狩猎外套,Hunting Coat,en
狩猎战利品,Spoils of the Hunt,en
狩猎护腕,Hunting Bracers,en
狩猎时节,Season of the Hunt,en
狩猎符文,Rune of the Hunt,en
狩猎继续,The Hunt Goes On,en
狩猎长矛,Hunting Spear,en
狩猎预兆,Omen of the Hunt,en
狩獵之兆,Omen of the Hunt,en
狩獵仍在繼續,The Hunt Goes On,en
狩獵季節,Season of the Hunt,en
狩獵的戰利品,Prize of the Hunt,en
狩獵盟友,Hunting Companion,en
狩獵者,The Hunter,en
狩獵者巫符,Hunter's Talisman,en
狩獵輕鞋,Hunting Shoes,en
狩獵頂點,Hunt the Apex,en
狩獵黎明,Dawn of the Hunt,en
独一大师,Master of One,en
独断专行,Pragmatism,en
独行战士,Lone Warrior,en
狮心胫甲,Lionheart Greaves,en
狮眼的专注,Lioneye's Focus,en
狮眼的战弓,Lioneye's Glare,en
狰狞奉献,Grinning Immolation,en
狹小界限,Close Confines,en
狹窄兜帽,Narrow Hood,en
狼之禍,Wulfsbane,en
狼之羈絆,Bond of the Wolf,en
狼之长嚎,Wolf's Howl,en
狼之魂,Spirit Of The Wolf,en
狼人,Werewolf,en
狼人型態,Werewolf Form,en
狼人形态,Werewolf Form,en
狼吞虎咽,Gorge,en
狼嚎,Wolf's Howl,en
狼爪撕裂,Shred,en
狼皮披肩,Wolfskin Mantle,en
狼皮斗篷,Wolfskin Mantle,en
狼群,Wolf Pack,en
狼蛛,Lycosidae,en
猎人兜帽,Trapper Hood,en
猎人的魔符,Hunter's Talisman,en
猎取巅峰,Hunt the Apex,en
猎头者外衣,Scalper's Jacket,en
猎巫人,Witchhunter,en
猎手,Hunter,en
猎猪大棒,Hoghunt,en
猎猪大棒之遗产,Legacy of Hoghunt,en
猎者之兜,Hunter Hood,en
猎血寻腥,Blood Hunt,en
猎踪兜帽,Deerstalker Hood,en
猎首,Headhunter,en
猎鹰俯冲,Falcon Dive,en
猎鹰师外衣,Falconer's Jacket,en
猛兽之肤,Beastial Skin,en
猛兽重击,Bashing Beast,en
猛击,Slams,en
猛撲,Pounce,en
猛擊吶喊,Battershout,en
猛擊野獸,Bashing Beast,en
猛攻,Onslaught,en
猛毒污泥,Toxic Sludge,en
猛烈开花,Bloody Flowers' Rebellion,en
猛犸圆盾,Mammoth Targe,en
猛獸,Great Beast,en
猞利子护符,Ligurium Talisman,en
猩红强袭,Crimson Assault,en
猩红海岸,Crimson Shores,en
猫头鹰之契,Bond of the Owl,en
猫头鹰雕像,Owl Idol,en
献出你的精华,Give Up Your Essence,en
献祭之心,Rathpith Globe,en
献祭之血,Sacrificial Blood,en
献祭斗篷,Sacrificial Mantle,en
献祭盛装,Sacrificial Regalia,en
献身于王,Devotion to the King,en
献身卫士,Devoted Protector,en
猿猴之羈絆,Bond of the Ape,en
猿猴之魂,Spirit Of The Primate,en
獄火師,Infernalist,en
獄火焚身,Flesh to Flames,en
獨創,Ingenuity,en
獰笑之面,Grinning Mask,en
獲得疊層,Staged,en
獲得疊層的技能,Stage-Gaining Skills,en
獲得相當於傷害的額外 X 傷害,Damage Gained as extra X,en
獵豬,Hoghunt,en
獵跡腰帶,Stalking Belt,en
獵食直覺,Predatory Instinct,en
獵鷹下墜,Falcon Dive,en
獵鷹技法,Falcon Technique,en
獵鹿者之兜,Deerstalker Hood,en
獸王．烏克斯莫,"Uxmal, the Beastlord",en
獻祭,Sacrifice,en
獻祭儀式,Ritual of Immolation,en
獻祭披肩,Sacrificial Mantle,en
獻祭斧,Sacrificial Axe,en
獻祭法衣,Sacrificial Regalia,en
獻祭羔羊 I,Sacrificial Lamb I,en
獻祭羔羊 II,Sacrificial Lamb II,en
獻祭鮮血,Sacrificial Blood,en
獻給女王的祭品,Offerings to the Queen,en
獻給未知者的供品,Offerings to the Unknown,en
玄武岩遗产,Legacy of Basalt,en
玉石之護,Jade Heritage,en
玉製棍棒,Jade Club,en
王权特权,Royal Prerogative,en
王權之巔,Sceptre Pinnacle,en
王權長劍,Regalia Longsword,en
王者之享,Fit for a King,en
玛兹特里，血肉塑造者,"Maztli, Flesh-Shaper",en
玛娜萨，毒蛇女王,"Manassa, the Serpent Queen",en
玛尔戈，深海领主,"Malgor, the Nautilord",en
玛查女神的礼物,The Mhacha's Gift,en
玛萨留斯之雕像,Idol of Maxarius,en
玩家晕眩阈值,Player Stun Threshold,en
玩家暈眩門檻,Player Stun Threshold,en
玩家沉重暈眩,Player Heavy Stun,en
玩家重度晕眩,Player Heavy Stun,en
环锁手甲,Ringmail Gauntlets,en
环锁甲,Chain Mail,en
环锁腰带,Mail Belt,en
环锁轻盾,Ringed Buckler,en
环锁连枷,Ring Flail,en
现实创伤,Reality Wound,en
玷汙者托爾．谷爾,"Tor Gul, the Defiler",en
玷汙者．瑪諾奇,"Manoki, the Defiled",en
玷污誓言．席格伯特,Sigbert of the Sullied Oath,en
玻璃利片,Glass Shank,en
玻璃弹珠,Glassblower's Bauble,en
珍奇之刃,Treasured Blade,en
珍奇路徑,Valuable Paths,en
珍珠戒指,Pearl Ring,en
珍珠輕盾,Pearl Buckler,en
珍藏的痛苦,Prized Pain,en
珍貴苦痛,Prized Pain,en
珍贵路径,Valuable Paths,en
珠光轻盾,Pearl Buckler,en
珠光项链,Pearlescent Amulet,en
珠宝,Jewels,en
珠宝匠的保险箱,Jeweller's Strongbox,en
珠宝承载者,Bijouborne,en
珠玉戒指,Pearl Ring,en
珠饰头冠,Beaded Circlet,en
現實之殤,Reality Wound,en
球和鎖鏈,Ball and Chain,en
球體,Orb,en
球體秘術,Secrets of the Orb,en
琉璃血肉,Glazed Flesh,en
琥珀护身符,Amber Amulet,en
瑞佛之力,Rigwald's Might,en
瑞佛的凶猛,Rigwald's Ferocity,en
瑞佛的狂暴,Rigwald's Ferocity,en
瑞斯拉萨的线圈,Ryslatha's Coil,en
瑞斯拉薩之纏,Ryslatha's Coil,en
瑟尔的凯旋,Serle's Triumph,en
瑟尔的坚毅,Serle's Grit,en
瑟尔的坚毅之遗产,Legacy of Serle's Grit,en
瑟尔的遗产,Serle's Legacy,en
瑟雷的凱旋,Serle's Triumph,en
瑟雷的毅力,Serle's Grit,en
瑟雷的遺產,Serle's Legacy,en
瑪哈薩多的陰謀,Mahuxotl's Machination,en
瑪格思頭冠,Magus Tiara,en
瑪薩里歐斯魔偶,Idol of Maxarius,en
璀璨审判,Gemling Inquisition,en
璀璨训练,Gemling Training,en
環紋輕盾,Ringed Buckler,en
環鎖護手,Ringmail Gauntlets,en
瓜特利斯的假說,Guatelitzi's Thesis,en
瓜特利斯的消融,Guatelitzi's Ablation,en
瓜特利斯的的耐久靈魂核心,Guatelitzi's Soul Core of Endurance,en
瓜铁雷兹的圣典,Guatelitzi's Thesis,en
瓜铁雷兹的消融,Guatelitzi's Ablation,en
瓜铁雷兹的耐力灵核,Guatelitzi's Soul Core of Endurance,en
瓦尔,Vaal,en
瓦尔之力,Might of the Vaal,en
瓦尔之遗,Legacy of the Vaal,en
瓦尔催化注能装置,Vaal Catalysing Infuser,en
瓦尔克拉斯的日常,Just Another Day in Wraeclast,en
瓦尔冥约,Vaal Pact,en
瓦尔历史,History of the Vaal,en
瓦尔回忆,Memories of the Vaal,en
瓦尔城市,Vaal City,en
瓦尔培育宝珠,Vaal Cultivation Orb,en
瓦尔塔盾,Vaal Tower Shield,en
瓦尔宝珠,Vaal Orb,en
瓦尔手套,Vaal Gloves,en
瓦尔护手,Vaal Mitts,en
瓦尔护甲师注能装置,Vaal Armourer's Infuser,en
瓦尔村落,Vaal Village,en
瓦尔灯塔,Vaal Beacon,en
瓦尔秘术师注能装置,Vaal Arcanist's Infuser,en
瓦尔纹章盾,Vaal Crest Shield,en
瓦尔胫甲,Vaal Greaves,en
瓦尔胸甲,Vaal Cuirass,en
瓦尔虹吸者,Vaal Siphoner,en
瓦尔裹手,Vaal Wraps,en
瓦尔遗迹,Vaal Ruins,en
瓦尔铁匠注能装置,Vaal Blacksmith's Infuser,en
瓦拉什塔的直覺,Varashta's Intuition,en
瓦拉什塔的祝福,Varashta's Blessing,en
瓦拉什塔門徒,Disciple of Varashta,en
瓦拉克怒冲,Valako's Charge,en
瓦拉克怒吼,Valako's Roar,en
瓦拉库的离奇,Valako's Vice,en
瓦拉庫之吼,Valako's Roar,en
瓦拉庫之惡,Valako's Vice,en
瓦拉庫的衝鋒,Valako's Charge,en
瓦拉煞的直觉,Varashta's Intuition,en
瓦拉煞的祝福,Varashta's Blessing,en
瓦拉煞的门徒,Disciple of Varashta,en
瓦斯之箭,Gas Arrow,en
瓦斯榴弹,Gas Grenade,en
瓦斯韦德，巨像守护者,"Vastweld, the Colossal Guardian",en
瓦洛克，灰烬领主,"Varloch, the Ashen Lord",en
瓦爾催化灌注器,Vaal Catalysing Infuser,en
瓦爾克拉斯平凡的一天,Just Another Day in Wraeclast,en
瓦爾古城,Vaal City,en
瓦爾命途,Fate of the Vaal,en
瓦爾奧術師的灌注器,Vaal Arcanist's Infuser,en
瓦爾村莊,Vaal Village,en
瓦爾栽培寶珠,Vaal Cultivation Orb,en
瓦爾汲取者,Vaal Siphoner,en
瓦爾烽塔,Vaal Beacon,en
瓦爾的歷史,History of the Vaal,en
瓦爾羅特聖徽,Juatalotli's Medallion,en
瓦爾記憶,Memories of the Vaal,en
瓦爾護甲鍛造師的灌注器,Vaal Armourer's Infuser,en
瓦爾鐵匠的灌注器,Vaal Blacksmith's Infuser,en
瓦爾長手套,Vaal Mitts,en
瓦爾．不朽,Legacy of the Vaal,en
瓦爾．強權,Might of the Vaal,en
瓦特爾的復仇,Bhatair's Vengeance,en
瓦特爾的風暴,Bhatair's Storm,en
瓦解之结界符文,Warding Rune of Disintegration,en
瓦解之触,Diluting Touch,en
生命丰沛,Life Bounty,en
生命之水,Waters of Life,en
生命之流,Flow of Life,en
生命偷取,Life Leech,en
生命偷取 I,Life Leech I,en
生命偷取 II,Life Leech II,en
生命偷取 III,Life Leech III,en
生命充能,Life Recharge,en
生命再生,Regenerates Life,en
生命吸取,Life Drain,en
生命恩惠,Life Bounty,en
生命损失,Life Loss,en
生命提高,Increased Life,en
生命榨取,Life Drain,en
生命残片,Life Remnants,en
生命痕跡,Life Remnants,en
生命符文,Life Rune,en
生命脉轮,Chakra of Life,en
生命药剂,Life Flasks,en
生存计划,Survival Plan,en
生息戒指,Biostatic Ring,en
生於影中,Reborn in Shadow,en
生机之记,Lifesprig,en
生机之记之遗产,Legacy of Lifesprig,en
生机尽现,Relinquish Your Life,en
生物群系,Biome,en
生皮短靴,Rawhide Boots,en
生皮腰带,Rawhide Belt,en
生酮飲食,Robust Diet,en
生鏽胸甲,Rusted Cuirass,en
生鏽鐵釘,Rusted Pins,en
用荆棘进行反击,Retaliate with Thorns,en
田园牧歌,Rural Life,en
田野餽贈,Bounty of the Fields,en
田野馈赠,Bounty of the Fields,en
由死复生,Life from Death,en
甲壳催化剂,Carapace Catalyst,en
甲虫之口,Beetlebite,en
甲蟲噬咬,Beetlebite,en
电伏积聚,Volt,en
电光之拥,Conductive Embrace,en
电光之石,Levinstone,en
电光散射,Galvanic Shards,en
电光精华,Essence of Electricity,en
电击曝露,Electrocuting Exposure,en
电击疗法,Electrotherapy,en
电弧,Arc,en
电枢之结界符文,Warding Rune of Armature,en
电殛恍惚,Electrifying Daze,en
电殛箭,Electrocuting Arrow,en
电流场,Galvanic Field,en
电流增幅,Electric Amplification,en
电流法杖,Galvanic Wand,en
电涌榴弹,Voltaic Grenade,en
电牙魔符,Voltfang Talisman,en
电球,Spark,en
电磁力场,Electromagnetism,en
电能屏障,Voltaic Barrier,en
电震上限,Shocking Limit,en
电震之血,Electric Blood,en
电震跃击,Shocking Leap,en
画地为牢,Bone Cage,en
画师之侍,Painter's Servant,en
畅通无阻,Unimpeded,en
界域之门,The Realmgate,en
界外军团：巨量,Legion from Beyond: Multitudes,en
畫家的侍從,Painter's Servant,en
異域幣鑄,Exotic Coinage,en
異常力量,Abberant Power,en
異界抓握,Otherworldly Clutch,en
異界死敵,Otherworldly Nemesis,en
異界的,Otherworldly,en
異能之志,Eldritch Will,en
異能賦予,Eldritch Empowerment,en
異變體,The Aberration,en
當地名人,Famous Locals,en
畸变巨锤,Aberrant Sledge,en
畸变者,The Aberration,en
畸变项链,Twisted Amulet,en
畸變星穹,Twisted Empyrean,en
畸變的鎖骨,Altered Collarbone,en
疆域主宰,Mastered Domain,en
疊加毒素,Stacking Toxins,en
疊層鎧靴,Stacked Sabatons,en
疑心暗惑,The Black Doubt,en
疤痕血肉,Scarred Flesh,en
疫鼠囚笼,The Rat Cage,en
疯乱螺旋,Spiral into Insanity,en
疯入骨髓,Madness in the Bones,en
疯长藤蔓,Proliferating Weeds,en
疯魔先驱,Harbinger of Madness,en
疲乏,Frazzled,en
疲惫,Debilitate,en
疾升,Escalation,en
疾射,Rapid Shot,en
疾影打击,Rapid Strike,en
疾病,Malady,en
疾行者背心,Strider Vest,en
疾速屏障,Hastening Barrier,en
疾速攻擊 I,Rapid Attacks I,en
疾速攻擊 II,Rapid Attacks II,en
疾速攻擊 III,Rapid Attacks III,en
疾速施法 I,Rapid Casting I,en
疾速施法 II,Rapid Casting II,en
疾速施法 III,Rapid Casting III,en
疾速裝填,Rapid Reload,en
疾風,Wind,en
疾風之波,Wind Wave,en
疾風技能,Wind Skills,en
病态魔法,Morbid Magic,en
病疫之難,Plague Bearer,en
病痛印記,Marked for Sickness,en
痕累血肉,Scarred Flesh,en
痕跡,Remnants,en
痕跡吸引,Remnant Attraction,en
痕跡強度 I,Remnant Potency I,en
痕跡強度 II,Remnant Potency II,en
痕跡強度 III,Remnant Potency III,en
痛斥,Excoriate,en
痛苦,Afflictions,en
痛苦執行,Affliction Enforcer,en
痴狂仪式,Obsessive Rituals,en
痴迷之结界符文,Warding Rune of Obsession,en
瘋狂入侵,Frantic Invasion,en
瘋狂增生,Wild Growth,en
瘋狂漩渦,Spiral into Insanity,en
瘋狂鬥士,Frantic Fighter,en
瘟疫,Contagion,en
瘟疫之指,Plaguefinger,en
瘟疫之捷,Herald of Plague,en
瘟疫使者,Plague Bearer,en
瘫痪,Maim,en
瘫痪之触,Paralysing Touch,en
瘫痪打击,Maiming Strike,en
癒合偏斜,Mending Deflection,en
癫狂召唤生物,Crazed Minions,en
癫狂螺旋,Spiral into Mania,en
登峰造极 I,Culmination I,en
登峰造极 II,Culmination II,en
登船斧,Boarding Hatchet,en
發光蟲群,Glowswarm,en
發狂召喚物,Crazed Minions,en
白之亞瑪,Yama The White,en
白之雅玛,Yama The White,en
白化淺灘,Bleached Shoals,en
白化的羽毛,Albino Rhoa Feather,en
白色幽影．伊索德,Isolde of the White Shroud,en
白蠟細杖,Waxing Quarterstaff,en
白銀護符,Silver Charm,en
白银之舌,Slivertongue,en
白银遗产,Legacy of Silver,en
白霜,Hoarfrost,en
白骨锁链,Bone Chains,en
白鼬雕像,Stoat Idol,en
白鼬魔偶,Stoat Idol,en
皇冠之錘,Crown Mace,en
皇后之捷,Herald of the Royal Queen,en
皇家什一税,Royal Tithe,en
皇家卫甲,Kingsguard,en
皇家卫甲之遗产,Legacy of Kingsguard,en
皇家塔盾,Royal Tower Shield,en
皇家奇術師．多里亞尼,"Doryani, Royal Thaumaturge",en
皇家工艺,Royal Craftsmanship,en
皇家建築師．賽匹卡托,"Xipocado, Royal Architect",en
皇家氣度,Royal Lenience,en
皇家特權,Royal Prerogative,en
皇家献祭宝珠,Yugul's Orb of Sacrifice,en
皇族塔盾,Royal Tower Shield,en
皮制轻盾,Leather Buckler,en
皮囊之下,Under Their Skin,en
皮实顽石,Curiously Durable Stone,en
皮帶,Leather Bindings,en
皮开肉绽,Sunder the Flesh,en
皮拉夏，遗忘的囚徒,"Pirasha, the Forgotten Prisoner",en
皮毛坠饰,Furs and Leather,en
皮缚兜帽,Leatherbound Hood,en
皮缚手甲,Leather Bound Gauntlets,en
皮膚之下,Under Their Skin,en
皮襯圓盾,Fur-lined Targe,en
皮革兜帽,Leatherbound Hood,en
皮革綁縛護手,Leather Bound Gauntlets,en
皮革绑绳,Leather Bindings,en
皮革背心,Leather Vest,en
皮革輕盾,Leather Buckler,en
监守弓,Warden Bow,en
盗匪手斧,Bandit Hatchet,en
盗贼护甲,Rogue Armour,en
盗贼流放者,Rogue Exile,en
盗贼流放者猎场,Rogue Exile Hunting Ground,en
盗贼面具,Bandit Mask,en
盘曲轻盾,Coiled Buckler,en
盘绕魔弹,Coiling Bolts,en
盛夏草原,Summer Meadows,en
盛怒 I,Rage I,en
盛怒 II,Rage II,en
盛怒 III,Rage III,en
盛怒偷取,Rage Leech,en
盛怒器皿,Font of Rage,en
盛怒符文,Rage Rune,en
盛怒鍛造 I,Rageforged I,en
盛怒鍛造 II,Rageforged II,en
盛放田野,Blooming Field,en
盜賊之印,Rogue's Marker,en
盜賊之錘,Bandit Mace,en
盜賊之面,Bandit Mask,en
盜賊流亡者,Rogue Exile,en
盜賊流亡者獵場,Rogue Exile Hunting Ground,en
盟友,Companions,en
盟友：{0},Companion: {0},en
監獄,Penitentiary,en
盤繞裹手,Spiral Wraps,en
盤繞輕盾,Coiled Buckler,en
盧戈薩,Rugosa,en
目標明確,Singular Purpose,en
目眩,Daze,en
目眩戰吼,Dazing Cry,en
目眩格擋,Dazing Blocks,en
盲信之弓,Fanatic Bow,en
盲信巨錘,Fanatic Greathammer,en
盲点,Blindside,en
盲眼凶兽,The Blind Beast,en
直击命门,Aim for the Jugular,en
直击要害,In for the Kill,en
直取咽喉,For the Jugular,en
直擊要害,For the Jugular,en
直攻要害,Pressure Points,en
直来直往,Direct Approach,en
直球進攻,Direct Approach,en
直覺湧現,Emergent Instinct,en
直面過往,Face the Past,en
相性 I,Alignment I,en
相性 II,Alignment II,en
相性 III,Alignment III,en
相连的辅助宝石,Connected Support Gems,en
盾,Shields,en
盾墙,Shield Wall,en
盾牌,Shields,en
盾牌专长,Shield Expertise,en
盾牌專精,Shield Expertise,en
看守塔,Watchtowers,en
看看我怎麼辦事的,Watch How I Do It,en
真切星耀礦石,Veridical Starlit Ore,en
真实之击,True Strike,en
真实星辉矿石,Veridical Starlit Ore,en
真實打擊,Strike True,en
真相之链,Veridical Chain,en
真相揭曉,Moment of Truth,en
真菌巨兽,The Fungus Behemoth,en
真菌巨靈,The Fungus Behemoth,en
真菌魔符,Fungal Talisman,en
真銀之遺,Legacy of Silver,en
真银咒符,Silver Charm,en
眩旋橫掃,Dizzying Sweep,en
眩目,Dazzle,en
眼冒金星,Seeing Stars,en
眼目之指引之掌,Guiding Palm of the Eye,en
眼盲巨獸,The Blind Beast,en
眼鏡蛇領主．艾爾札拉,"Elzarah, the Cobra Lord",en
眼镜蛇之契,Bond of the Mamba,en
眾所周知,Known by All,en
眾星符文,Celestial Rune,en
眾生之友,Friend to Many,en
眾神之錘,Hammer of the Gods,en
眾神之魂,Pantheon Souls,en
睜大雙眼,With Eyes Open,en
督军狂战士,Warlord Berserker,en
督军胸甲,Warlord Cuirass,en
督军领袖,Warlord Leader,en
瞄準要害,Aim for the Jugular,en
瞥视之结界符文,Warding Rune of Glancing,en
矛盾命令,Ambivalent Command,en
矛盾指令,Ambivalent Command,en
知识卷轴,Scroll of Wisdom,en
短剑,Shortsword,en
短弓,Shortbow,en
短彎刀,Scimitar,en
短暂引信 I,Short Fuse I,en
短暂引信 II,Short Fuse II,en
短距離射擊,Short Shot,en
石上之血,Blood on the Stones,en
石上鲜血,Blood on the Stones,en
石制圆盾,Stone Targe,en
石制胸甲,Stone Cuirass,en
石化,Petrify,en
石化之遺,Legacy of Granite,en
石拳,Fists of Stone,en
石拳之道,Way of the Stonefist,en
石板,Tablets,en
矿井,Mineshaft,en
研究员的保险箱,Researcher's Strongbox,en
研究者的保險箱,Researcher's Strongbox,en
砲塔圖騰,Ballista Totems,en
砲彈準備好了！,"Cannons, Ready!",en
砲擊十字弓,Cannonade Crossbow,en
砲火弓,Artillery Bow,en
砲火打擊,Artillery Strike,en
破军巨锤,Disintegrating Maul,en
破冰者,Icebreaker,en
破坏球,Rattling Ball,en
破坏装置,Destructive Apparatus,en
破壞,Undermine,en
破壞姿態,Break Posture,en
破壞者,Demolitionist,en
破壞裝置,Devastating Devices,en
破壞護甲值,Breaks Armour,en
破帷者,Veilpiercer,en
破幕者,Veilpiercer,en
破损三耀之火,Shattered Triskelion,en
破旧兜帽,Shabby Hood,en
破枷除锁,Chainbreaker,en
破浪者,Tidebreaker,en
破溃之镜,Fracturing Mirrors,en
破溃之镜碎片,Fracturing Mirror Shards,en
破溃宝珠,Fracturing Orb,en
破灭强击,Breaking Blows,en
破灭打击,Decimating Strike,en
破烂长袍,Tattered Robe,en
破爛兜帽,Rotted Hood,en
破片,Shrapnel,en
破甲,Breakage,en
破甲低於 0,Armour Break below 0,en
破碎三曲,Shattered Triskelion,en
破碎之環文物,Broken Circle Artifact,en
破碎传承者,Sire of Shards,en
破碎信条之戈德温,Godwin of the Shattered Creed,en
破碎姿态,Broken Stance,en
破碎幻鏡,Fragmented Mirror,en
破碎手套,Torn Gloves,en
破碎教則．戈德溫,Godwin of the Shattered Creed,en
破碎的肋骨,Gnawed Rib,en
破碎的鎖骨,Gnawed Collarbone,en
破碎的顎骨,Gnawed Jawbone,en
破碎護甲,Sundered Armour,en
破碎译文,Shattered Questions,en
破碎首领之面,Broken Boss Faces,en
破禁者,The Unleashed,en
破禁者之遗产,Legacy of The Unleashed,en
破裂,Breakage,en
破裂之針,Rupturing Pins,en
破裂之鏡,Fracturing Mirrors,en
破裂石,Fracturing Orb,en
破裂詞綴,Fractured Modifiers,en
破裂迷湖,The Fractured Lake,en
破裂钉刺,Rupturing Pins,en
破釜一击,Tectonic Slams,en
破门者,Gatecrasher,en
破雪者,Snowpiercer,en
破風爆裂,Wind Blast,en
破魂者,Soulbreaker,en
砸碎,Smash,en
硝硫洞窟,Sulphuric Caverns,en
硫化洞窟,Sulphuric Caverns,en
硫磺之遺,Legacy of Sulphur,en
硫磺遗产,Legacy of Sulphur,en
硬化樹木,Hardened Wood,en
硬化神木,Hardened Wood,en
硬木圆盾,Hardwood Targe,en
硬木长矛,Hardwood Spear,en
硬框鞋履,Lattice Sandals,en
碎冰,Shattering,en
碎冰灵药,Shattering Concoction,en
碎地重擊,Earthshatter,en
碎影魔刃,Spellblade,en
碎片,Pieces,en
碎片之远古符文,Ancient Rune of Splinters,en
碎片倉庫頁,Fragment Stash Tab,en
碎片回收,Shard Scavenger,en
碎片图腾 I,Splinter Totem I,en
碎片图腾 II,Splinter Totem II,en
碎片清除者,Shard Scavenger,en
碎猛之擊,Imploding Impacts,en
碎甲,Riven Armour,en
碎甲崩灭,Smash to Smithereens,en
碎离之远古符文,Ancient Rune of Shattering,en
碎肉连枷,Tearing Flail,en
碎裂地面,Jagged Ground,en
碎裂地面 I,Jagged Ground I,en
碎裂地面 II,Jagged Ground II,en
碎裂弹药,Fragmentation Rounds,en
碎裂恶意,Shattering Spite,en
碎裂提問,Shattered Questions,en
碎裂晶体,Shattered Crystal,en
碎裂水晶,Shattered Crystal,en
碎裂痛击,Shattering Blow,en
碎裂的魔镜,Fragmented Mirror,en
碎裂血肉,Sunder the Flesh,en
碎裂连枷,Splintered Flail,en
碎雷熔劑,Crackling Flux,en
碎顱細杖,Skullcrusher Quarterstaff,en
碎顱者,Skullcrusher,en
碎顱者．澤寇亞,"Zekoa, the Headcrusher",en
碎颅节杖,Skullcrusher Quarterstaff,en
碎骨,Boneshatter,en
碑牌,Tablets,en
碧蓝项链,Azure Amulet,en
碾压,Crushed,en
碾碎,Smash,en
磁化残片,Magnetic Remnants,en
磁化電極,Electromagnetism,en
磁性痕跡,Magnetic Remnants,en
磁性齐射,Magnetic Salvo,en
磐石之拳,Fists of Stone,en
磐石之肤,Stone Skin,en
磐石咒符,Stone Charm,en
磐石城塞,Stone Citadel,en
磐石巨剑,Stone Greatsword,en
磐石符文,Stone Rune,en
磨刀石,Blacksmith's Whetstone,en
磨平大地,Ground Smooth,en
磨损便鞋,Frayed Shoes,en
磨損輕鞋,Frayed Shoes,en
磨煉塔盾,Crucible Tower Shield,en
磨礪精髓,Essence of Abrasion,en
磨蚀精华,Essence of Abrasion,en
磨難之軛,Yoke of Suffering,en
磨難棍棒,Torment Club,en
礁鋼脛甲,Reefsteel Greaves,en
祈唤,Invoke,en
祈唤上限,Invocated Limit,en
祈唤回响,Invocated Echoes,en
祈唤高效,Invocated Efficiency,en
祈喚腰帶,Invoking Belt,en
祈求,Invoke,en
祈求者,Invoker,en
祈求腰带,Invoking Belt,en
祈祷与誓约,Prayer and Pledge,en
祈禱和誓約,Prayer and Pledge,en
祈雨祷告,Prayers for Rain,en
祈雨禱言,Prayers for Rain,en
祈靈者,Invoker,en
祈願,Invocation,en
祈願上限,Invocated Limit,en
祈願之語,Invocated Efficiency,en
祈願迴響,Invocated Echoes,en
祖灵之约,Soul Mantle,en
祖灵相依,Spirit Bond,en
祖靈之援,Supportive Ancestors,en
祖靈導體,Ancestral Conduits,en
祝福之兆,Omen of the Blessed,en
祝福大劍,Blessed Claymore,en
祝福预兆,Omen of the Blessed,en
神主之握,Dominus' Grasp,en
神主天意,Dominus' Providence,en
神主的掌握,Dominus' Grasp,en
神主的眷顧,Dominus' Providence,en
神使之心,Seraph's Heart,en
神兵之学,Automaton Studies,en
神力靴,Powertread,en
神化聖物,Sanctified Relics,en
神化長杖,Sanctified Staff,en
神圣之流,Sacred Flow,en
神圣之火,Sacred Flame,en
神圣仪式,Sacred Rituals,en
神圣仲裁官,The Arbiter of Divinity,en
神圣巨锤,Sacred Maul,en
神圣捍卫者,Holy Protector,en
神圣树液,Sacred Sap,en
神圣树脂,Revered Resin,en
神圣水库,Sacred Reservoir,en
神圣法器,Hallowed Focus,en
神圣王冠,Hallowed Crown,en
神圣石,Divine Orb,en
神圣祝福,Divined Blessing,en
神圣统合,Sacred Unity,en
神圣血肉,Divine Flesh,en
神圣长杖,Sanctified Staff,en
神圣降临,Holy Descent,en
神圣预兆,Omen of Sanctification,en
神威銀拳,Mighty Silverfist,en
神幻雪崩,Mystic Avalanche,en
神庙瓦解,Temple Destabilisation,en
神庙石板,Temple Tablet,en
神庙迷踪,Temple Paths,en
神庙通货,Temple Currency,en
神廟不穩定,Temple Destabilisation,en
神廟之道,Temple Paths,en
神廟碑牌,Temple Tablet,en
神性,Divinity,en
神性碎片,Fragment of Divinity,en
神感,Unnatural Instinct,en
神授命使,The Ordained,en
神木 II,Greatwood II,en
神殿,Shrine,en
神殿巨锤,Temple Maul,en
神殿權杖,Shrine Sceptre,en
神殿重錘,Temple Maul,en
神盾节杖,Aegis Quarterstaff,en
神礼王冠,Divine Crown,en
神祝连枷,Holy Flail,en
神禦細杖,Aegis Quarterstaff,en
神秘之衣,Mystic Raiment,en
神秘仪式,Mysterious Rites,en
神秘协调,Mystic Attunement,en
神秘合金,Mystic Alloy,en
神秘同調,Mystic Attunement,en
神秘咒符与小饰品,Mysterious Charms and Trinkets,en
神秘增強,Enigmatic Intensification,en
神秘头盔,Cryptic Helm,en
神秘守护者,Mystic Guardians,en
神秘强化,Enigmatic Intensification,en
神秘收割,Mystic Harvest,en
神秘炼金术,Inexplicable Alchemy,en
神秘狂怒,Mystical Rage,en
神秘的守護者,Mystic Guardians,en
神秘盛怒,Mystical Rage,en
神秘精釀,Mystic Brew,en
神秘血统,Mysterious Lineage,en
神秘血脈,Mysterious Lineage,en
神秘護符和飾品,Mysterious Charms and Trinkets,en
神秘豐收,Mystic Harvest,en
神秘转移,Mysterious Transference,en
神秘远征,Dynamism,en
神秘酿造,Mystic Brew,en
神秘钥匙,Cryptic Key,en
神秘雪崩,Mystic Avalanche,en
神经催化剂,Neural Catalyst,en
神经超载,Neural Overload,en
神翼懲降,Righteous Descent,en
神聖之冠,Divine Crown,en
神聖之水,Sacred Water,en
神聖仲裁者,The Arbiter of Divinity,en
神聖保護者,Holy Protector,en
神聖殿堂,Sacrosanctum,en
神聖水源地,Sacred Reservoir,en
神聖法器,Sacred Focus,en
神聖流向,Sacred Flow,en
神聖烈焰,Sacred Flame,en
神聖血統,Holy Descent,en
神聖重錘,Sacred Maul,en
神聖鏈錘,Holy Flail,en
神諭之狂,Harbinger of Madness,en
神谕,Alkem Eira,en
神谕之遗产,Legacy of Alkem Eira,en
神谕者,Oracle,en
神赐,Gifts from Above,en
神隱,Cloistered,en
神龛,Shrine,en
祭仪长戟,Ceremonial Halberd,en
祭坛长袍,Altar Robe,en
祭礼之雨,The Bringer of Rain,en
祭祀,Ritual,en
祭祀碑牌,Ritual Tablet,en
祭祀終章,Ritual Cadence,en
祭血术,Blood Magic,en
禁咒,Spells Forbidden,en
禁域面容,Sandstorm Visage,en
禁忌之徑,Forbidden Path,en
禁忌之路,Forbidden Path,en
禁慾主義,Asceticism,en
禁语,Scold's Bridle,en
禁錮,Immobilised,en
禁錮他們,Sic 'Em,en
禁锢之怒,Immured Fury,en
禁锢终结,Finish Them,en
禍害之衣,Havoc Raiment,en
福尔的庇护,Voll's Protection,en
福尔的战铠,Voll's Protector,en
福尔的政变,Voll's Coup,en
福爾的妙計,Voll's Coup,en
福爾的守護,Voll's Protection,en
禦寒,Chillproof,en
禪意時刻,Moment of Zen,en
离子轰击,Plasma Blast,en
种植园,Plantation,en
科佩克奉獻寶珠,Kopec's Orb of Sacrifice,en
科尔姆，怨恨者,"Colm, the Rancorous",en
科那索姆,Cornathaum,en
秘密暗格预兆,Omen of Secret Compartments,en
秘密通道,Secret Tunnels,en
秘密隧道,Secret Tunnels,en
秘术升华,Arcane Ascension,en
秘术增强,Arcane Surge,en
秘术姿态,Mystic Stance,en
秘术家斗篷,Occultist Mantle,en
秘术残片,Arcane Remnants,en
秘术溶剂（等级10）,Thaumaturgic Flux (Level 10),en
秘术溶剂（等级11）,Thaumaturgic Flux (Level 11),en
秘术溶剂（等级12）,Thaumaturgic Flux (Level 12),en
秘术溶剂（等级13）,Thaumaturgic Flux (Level 13),en
秘术溶剂（等级14）,Thaumaturgic Flux (Level 14),en
秘术溶剂（等级15）,Thaumaturgic Flux (Level 15),en
秘术溶剂（等级16）,Thaumaturgic Flux (Level 16),en
秘术溶剂（等级17）,Thaumaturgic Flux (Level 17),en
秘术溶剂（等级18）,Thaumaturgic Flux (Level 18),en
秘术溶剂（等级19）,Thaumaturgic Flux (Level 19),en
秘术溶剂（等级20）,Thaumaturgic Flux (Level 20),en
秘术溶剂（等级5）,Thaumaturgic Flux (Level 5),en
秘术溶剂（等级6）,Thaumaturgic Flux (Level 6),en
秘术溶剂（等级7）,Thaumaturgic Flux (Level 7),en
秘术溶剂（等级8）,Thaumaturgic Flux (Level 8),en
秘术溶剂（等级9）,Thaumaturgic Flux (Level 9),en
秘术激荡,Arcane Intensity,en
秘术灵药,Arcane Mixtures,en
秘术炼金,Arcane Alchemy,en
秘术短匕,Arcane Dirk,en
秘术绽放,Arcane Blossom,en
秘术自然,Arcane Nature,en
秘术预知,Anticipation,en
秘法奉献,Ritual Sacrifice,en
秘法家头盔,Cabalist Helm,en
秘能之花,Arcane Blossom,en
秘能之觸,Touch the Arcane,en
秘能合金,Mystic Alloy,en
秘能強化,Arcane Intensity,en
秘能波動,Arcane Surge,en
秘能混合物,Arcane Mixtures,en
秘能爆發,Spell Cascade,en
秘能鍊金術,Arcane Alchemy,en
秘藏房间,Restricted Room,en
秘術 I,Mysticism I,en
秘術 II,Mysticism II,en
秘術師之盔,Cabalist Helm,en
秘術披肩,Occultist Mantle,en
秘術痕跡,Arcane Remnants,en
秩序使者,Bringer of Order,en
秩序文物,Order Artifact,en
积累符文,Rune of Accumulation,en
积聚毒素,Building Toxins,en
称职猎手,Worthy Hunter,en
移動大地．戈里安,"Gorian, the Moving Earth",en
移形换影,Acrobatics,en
移风岚,Storm Wave,en
秽咒之锤,Execratus Hammer,en
稀有度,Rarity,en
稀释的液化内疚,Diluted Liquid Guilt,en
稀释的液化愤怒,Diluted Liquid Ire,en
稀释的液化贪婪,Diluted Liquid Greed,en
稀釋之觸,Diluting Touch,en
稀釋的液態憤怒,Diluted Liquid Ire,en
稀釋的液態罪惡,Diluted Liquid Guilt,en
稀釋的液態貪婪,Diluted Liquid Greed,en
稜鏡守護,Prism Guard,en
稳固立足,Steady Footing,en
稳定之结界符文,Warding Rune of Stability,en
稳定脉轮,Chakra of Stability,en
稳步法印,Surefooted Sigil,en
稻草鞋履,Straw Sandals,en
穩住陣腳,Stand Ground,en
穩健印記,Surefooted Sigil,en
穩固護盾,Dependable Ward,en
穩固護腕,Firm Bracers,en
穩定保護符文,Warding Rune of Stability,en
穩定開發,Steady Development,en
穩當決心,Steadfast Resolve,en
穩若泰山 I,Steadfast I,en
穩若泰山 II,Steadfast II,en
穷凶极恶,Viciousness,en
空壳,Husk,en
空手,Unarmed,en
空手傷害,Unarmed Damage,en
空手入白刃,Blade Catcher,en
空手攻擊,Unarmed Attacks,en
空掌之術,Hollow Palm Technique,en
空明之掌,Hollow Palm Technique,en
空洞哀號,Hollow Wailing,en
空洞怒吼,The Empty Roar,en
空洞面罩,The Hollow Mask,en
空洞骸骨,Hollow Bones,en
空無共鳴,Hollow Resonance,en
空無共鳴之技,Hollow Resonance Technique,en
空無型態,Hollow Form,en
空無型態之技,Hollow Form Technique,en
空無專注,Hollow Focus,en
空無專注之技,Hollow Focus Technique,en
空無披甲,Hollow Shell,en
空荡怒吼,The Empty Roar,en
空虚之感,Empty Feeling,en
空虛感受,Empty Feeling,en
空蝕保護符文,Warding Rune of Hollowing,en
空间扭曲,Spatial Distortion,en
穿刺,Impale,en
穿刺之爪,Piercing Claw,en
穿刺十字弓,Piercing Crossbow,en
穿刺战弩,Piercing Crossbow,en
穿孔,Perforation,en
穿射箭矢,Piercing Shot,en
穿射箭袋,Penetrating Quiver,en
穿心,Drillneck,en
穿洞奇械,Trephina,en
穿甲彈藥,Armour Piercing Rounds,en
穿越物品,Incursion Items,en
穿身而过,Struck Through,en
穿透,Pierce,en
穿透 I,Pierce I,en
穿透 II,Pierce II,en
穿透 III,Pierce III,en
穿透弹药,Passthrough Rounds,en
穿透箭袋,Penetrating Quiver,en
突擊火花,Surprise Spark,en
突擊長矛,Striking Spear,en
突發升級,Sudden Escalation,en
突發暴怒,Sudden Infuriation,en
突襲,Bushwhack,en
突變怪物,Mutating Monsters,en
突降冰雹,Sudden Hail,en
窃取权威,Stolen Authority,en
窃听召唤,Overheard Summons,en
窃罪,Thief's Torment,en
窄型兜帽,Narrow Hood,en
竊取的權威,Stolen Authority,en
站穩腳跟,Gaining Traction,en
竞争性考古,Competitive Archaeology,en
竞争探险者,Competing Explorers,en
章節,Act,en
竭力痛击,Overextend,en
竭尽全力,Exhaust All Power,en
競爭升級,Escalating Rivalry,en
競爭探險家,Competing Explorers,en
競爭考古,Competitive Archaeology,en
笑面骑士,The Smiling Knight,en
笑面骑士之遗产,Legacy of The Smiling Knight,en
符刻铭文,Runic Inscriptions,en
符印紋章盾,Sigil Crest Shield,en
符形組合,Runeshape Combinations,en
符文,Rune,en
符文丛林冠冕,Runeforged Jungle Tiara,en
符文丝克玛便鞋,Runeforged Sekhema Sandals,en
符文丝克玛纹章盾,Runeforged Sekheman Crest Shield,en
符文丝绸便鞋,Runeforged Silk Slippers,en
符文丝质之袍,Runeforged Silk Robe,en
符文丰裕手套,Runeforged Opulent Gloves,en
符文之主,Lord of the Runes,en
符文之刃,Runeforged Blades,en
符文之叉,Runic Fork,en
符文之父加持,Runefather's Boast,en
符文之父的合金,The Runefather's Alloy,en
符文之父的挑战,Runefather's Challenge,en
符文之父的自誇,Runefather's Boast,en
符文之父的視界,Eyes of the Runefather,en
符文之父的貪婪鎧甲,Runefather's Grasping Mail,en
符文之父贪婪锁甲,Runefather's Grasping Mail,en
符文乌扎尔胸甲,Runeforged Utzaal Cuirass,en
符文亚麻裹手,Runeforged Linen Wraps,en
符文仪式长袍,Runeforged Ceremonial Robe,en
符文伐采巨棍,Runeforged Felled Greatclub,en
符文优雅战铠,Runeforged Elegant Plate,en
符文使徒护腿,Runeforged Apostle Leggings,en
符文保護,Runic Ward,en
符文信仰护腿,Runeforged Faithful Leggings,en
符文信徒之衣,Runeforged Adherent's Raiment,en
符文信徒袖带,Runeforged Adherent Cuffs,en
符文倒刺护腕,Runeforged Barbed Bracers,en
符文倒刺长矛,Runeforged Barbed Spear,en
符文元素使长袍,Runeforged Elementalist Robe,en
符文先知纹章盾,Runeforged Seer Crest Shield,en
符文先祖冠冕,Runeforged Ancestral Tiara,en
符文先祖塔盾,Runeforged Ancestor Tower Shield,en
符文先祖锁甲,Runeforged Ancestral Mail,en
符文克斯之衣,Runeforged Keth Raiment,en
符文兜帽之面,Runeforged Hooded Mask,en
符文兵卒巨盔,Runeforged Soldier Greathelm,en
符文典范巨盔,Runeforged Paragon Greathelm,en
符文军官巨盔,Runeforged Commander Greathelm,en
符文军官手甲,Runeforged Commander Gauntlets,en
符文冠军胸甲,Runeforged Champion Cuirass,en
符文冶鍊,Runic Tempering,en
符文冷酷手套,Runeforged Grim Gloves,en
符文冷钢之铠,Runeforged Steel Plate,en
符文凶恶魔符,Runeforged Vicious Talisman,en
符文凸脊轻盾,Runeforged Ridged Buckler,en
符文凿制之面,Runeforged Hewn Mask,en
符文刀刃守护轻盾,Runeforged Bladeguard Buckler,en
符文分叉长矛,Runeforged Forked Spear,en
符文分层圆盾,Runeforged Stratified Targe,en
符文刚烈巨盔,Runeforged Fierce Greathelm,en
符文判官王冠,Runeforged Inquisitor Crown,en
符文刻心斗篷,Runeforged Heartcarver Mantle,en
符文加固塔盾,Runeforged Braced Tower Shield,en
符文加固战靴,Runeforged Braced Sabatons,en
符文劫掠之铠,Runeforged Raider Plate,en
符文劫掠者之帽,Runeforged Freebooter Cap,en
符文勇士头盔,Runeforged Champion Helm,en
符文包裹帽,Runeforged Wrapped Cap,en
符文华丽战铠,Runeforged Ornate Plate,en
符文华丽护手,Runeforged Ornate Mitts,en
符文华丽胫甲,Runeforged Ornate Greaves,en
符文华丽袖带,Runeforged Ornate Cuffs,en
符文华丽轻盾,Runeforged Ornate Buckler,en
符文华服装束,Runeforged Garment,en
符文华饰裹手,Runeforged Adorned Wraps,en
符文卡古兰袖带,Runeforged Kalguuran Cuffs,en
符文卡古兰锻造锤,Runeforged Kalguuran Forgehammer,en
符文卡马萨冠冕,Runeforged Kamasan Tiara,en
符文卫护之盔,Runeforged Shielded Helm,en
符文卷钢胫甲,Runeforged Reefsteel Greaves,en
符文历战长矛,Runeforged War Spear,en
符文双弦弓,Runeforged Dualstring Bow,en
符文双联战弩,Runeforged Dyad Crossbow,en
符文反曲弓,Runeforged Recurve Bow,en
符文合板轻盾,Runeforged Laminate Buckler,en
符文合金,Runic Alloy,en
符文合钢手甲,Runeforged Doubled Gauntlets,en
符文咒缚,Runic Bindings,en
符文咒者斗篷,Runeforged Conjurer Mantle,en
符文哈图纳格斯束衣,Runeforged Hatungo Garb,en
符文哥特节杖,Runeforged Gothic Quarterstaff,en
符文喘息,Runic Reprieve,en
符文噩兆纹章盾,Runeforged Omen Crest Shield,en
符文四分纹章盾,Runeforged Quartered Crest Shield,en
符文圣徒长衣,Runeforged Cleric Vestments,en
符文圣徽纹章盾,Runeforged Emblem Crest Shield,en
符文圣洁法器,Runeforged Sacred Focus,en
符文圣洁王冠,Runeforged Saintly Crown,en
符文圣礼束衣,Runeforged Sacramental Robe,en
符文坚固之面,Runeforged Solid Mask,en
符文坚固裹手,Runeforged Secured Wraps,en
符文坚城壁垒战靴,Runeforged Bastion Sabatons,en
符文坚石塔盾,Runeforged Stone Tower Shield,en
符文坚石胫甲,Runeforged Stone Greaves,en
符文坠饰之衣,Runeforged Bone Raiment,en
符文垫层护手,Runeforged Layered Gauntlets,en
符文堅盔,Ruinic Helm,en
符文堡垒塔盾,Runeforged Bulwark Tower Shield,en
符文堡垒胫甲,Runeforged Bulwark Greaves,en
符文塑像塔盾,Runeforged Effigial Tower Shield,en
符文塔萨里奥法器,Runeforged Tasalian Focus,en
符文塔萨里奥胫甲,Runeforged Tasalian Greaves,en
符文塔赫亚塔盾,Runeforged Tawhoan Tower Shield,en
符文增固护手,Runeforged Bolstered Mitts,en
符文壁垒塔盾,Runeforged Rampart Tower Shield,en
符文士兵胸甲,Runeforged Soldier Cuirass,en
符文复合弓,Runeforged Composite Bow,en
符文天冠冠冕,Runeforged Skycrown Tiara,en
符文奉愿之衣,Runeforged Votive Raiment,en
符文奔流,Runic Flows,en
符文奢华便鞋,Runeforged Luxurious Slippers,en
符文好战者巨盔,Runeforged Warmonger Greathelm,en
符文子午線,Runic Meridians,en
符文守护之盔,Runeforged Guarded Helm,en
符文宏伟护腕,Runeforged Grand Bracers,en
符文宗室纹章盾,Runeforged Sectarian Crest Shield,en
符文宝石手套,Runeforged Jewelled Gloves,en
符文宽口靴,Runeforged Flared Boots,en
符文宽沿之盔,Runeforged Brimmed Helm,en
符文密会手甲,Runeforged Cultist Gauntlets,en
符文密会法器,Runeforged Cultist Focus,en
符文密士之衣,Runeforged Mystic Raiment,en
符文密教头冠,Runeforged Cultist Crown,en
符文寻路者外套,Runeforged Pathfinder Coat,en
符文封闭之盔,Runeforged Closed Helm,en
符文小贩外衣,Runeforged Hawker's Jacket,en
符文尖刺守护轻盾,Runeforged Spikeward Buckler,en
符文尖刺护腕,Runeforged Spiked Bracers,en
符文尖刺轻盾,Runeforged Spiked Buckler,en
符文尖叉,Runic Fork,en
符文层钢战靴,Runeforged Stacked Sabatons,en
符文嵌板轻盾,Runeforged Plated Buckler,en
符文嵌板长衣,Runeforged Plated Vestments,en
符文嵌饰背心,Runeforged Studded Vest,en
符文嵌鳞锁甲,Runeforged Scale Mail,en
符文巨型护手,Runeforged Massive Mitts,en
符文巨灵之铠,Runeforged Juggernaut Plate,en
符文巨龙鳞外套,Runeforged Wyrmscale Coat,en
符文巫毒法器,Runeforged Voodoo Focus,en
符文巴洛克圆盾,Runeforged Baroque Targe,en
符文巴洛克手套,Runeforged Baroque Gloves,en
符文师匠万用裹手,Runemastered Utility Wraps,en
符文师匠丝绒帽,Runemastered Velvet Cap,en
符文师匠丝绸便鞋,Runemastered Silk Slippers,en
符文师匠丝质之袍,Runemastered Silk Robe,en
符文师匠亚麻裹手,Runemastered Linen Wraps,en
符文师匠伐采巨棍,Runemastered Felled Greatclub,en
符文师匠元素使长袍,Runemastered Elementalist Robe,en
符文师匠先祖锁甲,Runemastered Ancestral Mail,en
符文师匠克斯之衣,Runemastered Keth Raiment,en
符文师匠兜帽之面,Runemastered Hooded Mask,en
符文师匠兵卒巨盔,Runemastered Soldier Greathelm,en
符文师匠冰川要塞,Runemastered Glacial Fortress,en
符文师匠冷芒手甲,Runemastered Burnished Gauntlets,en
符文师匠冷钢之铠,Runemastered Steel Plate,en
符文师匠凸脊轻盾,Runemastered Ridged Buckler,en
符文师匠凿制之面,Runemastered Hewn Mask,en
符文师匠刚烈巨盔,Runemastered Fierce Greathelm,en
符文师匠刺绣手套,Runemastered Embroidered Gloves,en
符文师匠加固塔盾,Runemastered Braced Tower Shield,en
符文师匠加固战靴,Runemastered Braced Sabatons,en
符文师匠劫难之衣,Runemastered Havoc Raiment,en
符文师匠劫难战棒,Runemastered Torment Club,en
符文师匠匿踪兜帽,Runemastered Covert Hood,en
符文师匠华丽轻盾,Runemastered Ornate Buckler,en
符文师匠华饰之盔,Runemastered Decorated Helm,en
符文师匠华饰环甲,Runemastered Ornate Ringmail,en
符文师匠卫护之盔,Runemastered Shielded Helm,en
符文师匠原始印记,Runemastered Primal Markings,en
符文师匠双联战弩,Runemastered Dyad Crossbow,en
符文师匠合钢手甲,Runemastered Doubled Gauntlets,en
符文师匠启迪长袍,Runemastered Enlightened Robe,en
符文师匠哥特节杖,Runemastered Gothic Quarterstaff,en
符文师匠噩兆纹章盾,Runemastered Omen Crest Shield,en
符文师匠圣徒长衣,Runemastered Cleric Vestments,en
符文师匠圣徽纹章盾,Runemastered Emblem Crest Shield,en
符文师匠坚固之面,Runemastered Solid Mask,en
符文师匠坚石胫甲,Runemastered Stone Greaves,en
符文师匠坠饰之衣,Runemastered Bone Raiment,en
符文师匠垫层护手,Runemastered Layered Gauntlets,en
符文师匠增固护手,Runemastered Bolstered Mitts,en
符文师匠壁垒塔盾,Runemastered Rampart Tower Shield,en
符文师匠奉愿之衣,Runemastered Votive Raiment,en
符文师匠守护之盔,Runemastered Guarded Helm,en
符文师匠守护节杖,Runemastered Warding Quarterstaff,en
符文师匠宝石手套,Runemastered Jewelled Gloves,en
符文师匠宽沿之盔,Runemastered Brimmed Helm,en
符文师匠密教头冠,Runemastered Cultist Crown,en
符文师匠寻路者外套,Runemastered Pathfinder Coat,en
符文师匠尖刺轻盾,Runemastered Spiked Buckler,en
符文师匠层钢战靴,Runemastered Stacked Sabatons,en
符文师匠崇礼长衣,Runemastered Revered Vestments,en
符文师匠嵌板之衣,Runemastered Plated Raiment,en
符文师匠嵌板轻盾,Runemastered Plated Buckler,en
符文师匠嵌饰背心,Runemastered Studded Vest,en
符文师匠嵌鳞锁甲,Runemastered Scale Mail,en
符文师匠巫毒法器,Runemastered Voodoo Focus,en
符文师匠庄严护卫,Runemastered Venerable Defender,en
符文师匠彩绘塔盾,Runemastered Painted Tower Shield,en
符文师匠彩羽法器,Runemastered Plumed Focus,en
符文师匠徽纹塔盾,Runemastered Heraldric Tower Shield,en
符文师匠恐喙鸟皮外套,Runemastered Rhoahide Coat,en
符文师匠恢弘盛装,Runemastered Grand Regalia,en
符文师匠恢弘腿甲,Runemastered Grand Cuisses,en
符文师匠恢弘袖口,Runemastered Grand Manchettes,en
符文师匠恢弘面罩,Runemastered Grand Visage,en
符文师匠战士巨盔,Runemastered Warrior Greathelm,en
符文师匠截片护腕,Runemastered Sectioned Bracers,en
符文师匠护面之盔,Runemastered Visored Helm,en
符文师匠披风锁甲,Runemastered Cloaked Mail,en
符文师匠探索者护甲,Runemastered Explorer Armour,en
符文师匠掩护战靴,Runemastered Covered Sabatons,en
符文师匠掩面之盔,Runemastered Cowled Helm,en
符文师匠敦实护手,Runemastered Stocky Mitts,en
符文师匠斥候背心,Runemastered Scout's Vest,en
符文师匠新月圆盾,Runemastered Crescent Targe,en
符文师匠暗影束衣,Runemastered Assassin Garb,en
符文师匠朝圣者长衣,Runemastered Pilgrim Vestments,en
符文师匠木制轻盾,Runemastered Wooden Buckler,en
符文师匠木棒,Runemastered Wooden Club,en
符文师匠术士冠冕,Runemastered Magus Tiara,en
符文师匠朱砂头冠,Runemastered Vermeil Circlet,en
符文师匠朽木塔盾,Runemastered Splintered Tower Shield,en
符文师匠束带长靴,Runemastered Cinched Boots,en
符文师匠枝条法器,Runemastered Twig Focus,en
符文师匠柳枝冠冕,Runemastered Wicker Tiara,en
符文师匠橡木大锤,Runemastered Oak Greathammer,en
符文师匠武装长衣,Runemastered Ironclad Vestments,en
符文师匠死神之面,Runemastered Death Mask,en
符文师匠毒蝰帽,Runemastered Viper Cap,en
符文师匠毛毡帽,Runemastered Felt Cap,en
符文师匠水晶法器,Runemastered Crystal Focus,en
符文师匠沉重王冠,Runemastered Heavy Crown,en
符文师匠泰坦护手,Runemastered Titan Mitts,en
符文师匠浮华背心,Runemastered Exquisite Vest,en
符文师匠浮雕靴,Runemastered Embossed Boots,en
符文师匠海灵鳞缀手套,Runemastered Pauascale Gloves,en
符文师匠海贼帽,Runemastered Corsair Cap,en
符文师匠淬炼护手,Runemastered Tempered Mitts,en
符文师匠漂泊者护甲,Runemastered Vagabond Armour,en
符文师匠潮贤斗篷,Runemastered Tideseer Mantle,en
符文师匠灵骨王冠,Runemastered Spiritbone Crown,en
符文师匠灵鸦斗篷,Runemastered Corvus Mantle,en
符文师匠烁金头冠,Runemastered Gold Circlet,en
符文师匠熔铸塔盾,Runemastered Crucible Tower Shield,en
符文师匠牢固护腕,Runemastered Firm Bracers,en
符文师匠牢靠绑腿,Runemastered Secured Leggings,en
符文师匠犄角王冠,Runemastered Horned Crown,en
符文师匠狩猎便鞋,Runemastered Hunting Shoes,en
符文师匠猎头者外衣,Runemastered Scalper's Jacket,en
符文师匠猎者兜帽,Runemastered Hunter Hood,en
符文师匠献祭斗篷,Runemastered Sacrificial Mantle,en
符文师匠献祭盛装,Runemastered Sacrificial Regalia,en
符文师匠环锁手甲,Runemastered Ringmail Gauntlets,en
符文师匠环锁甲,Runemastered Chain Mail,en
符文师匠珠饰头冠,Runemastered Beaded Circlet,en
符文师匠瓦尔塔盾,Runemastered Vaal Tower Shield,en
符文师匠瓦尔胸甲,Runemastered Vaal Cuirass,en
符文师匠畸变巨锤,Runemastered Aberrant Sledge,en
符文师匠疾行者背心,Runemastered Strider Vest,en
符文师匠皮制轻盾,Runemastered Leather Buckler,en
符文师匠皮缚兜帽,Runemastered Leatherbound Hood,en
符文师匠皮革背心,Runemastered Leather Vest,en
符文师匠盗贼护甲,Runemastered Rogue Armour,en
符文师匠真相之链,Runemastered Veridical Chain,en
符文师匠破旧兜帽,Runemastered Shabby Hood,en
符文师匠破烂长袍,Runemastered Tattered Robe,en
符文师匠破碎手套,Runemastered Torn Gloves,en
符文师匠硬木圆盾,Runemastered Hardwood Targe,en
符文师匠硬框鞋履,Runemastered Lattice Sandals,en
符文师匠祭坛长袍,Runemastered Altar Robe,en
符文师匠稻草鞋履,Runemastered Straw Sandals,en
符文师匠符文之叉,Runemastered Runic Fork,en
符文师匠粗制胫甲,Runemastered Rough Greaves,en
符文师匠精工护腕,Runemastered Fine Bracers,en
符文师匠精巧纹章盾,Runemastered Intricate Crest Shield,en
符文师匠精纺护腕,Runemastered Spined Bracers,en
符文师匠精致手套,Runemastered Intricate Gloves,en
符文师匠精锐巨盔,Runemastered Elite Greathelm,en
符文师匠紧弦战弩,Runemastered Tense Crossbow,en
符文师匠线缝便鞋,Runemastered Threaded Shoes,en
符文师匠细枝头冠,Runemastered Twig Circlet,en
符文师匠织造法器,Runemastered Woven Focus,en
符文师匠绒皮护腕,Runemastered Suede Bracers,en
符文师匠绳索袖带,Runemastered Rope Cuffs,en
符文师匠维金袖带,Runemastered Verisium Cuffs,en
符文师匠缝合手套,Runemastered Stitched Gloves,en
符文师匠羽饰冠冕,Runemastered Feathered Tiara,en
符文师匠羽饰长袍,Runemastered Feathered Robe,en
符文师匠羽饰鞋履,Runemastered Feathered Sandals,en
符文师匠翠玉冠冕,Runemastered Jade Tiara,en
符文师匠肃穆手套,Runemastered Sombre Gloves,en
符文师匠花边靴,Runemastered Laced Boots,en
符文师匠英武护甲,Runemastered Heroic Armour,en
符文师匠英烈之冠,Runemastered Martyr Crown,en
符文师匠荨麻魔符,Runemastered Nettle Talisman,en
符文师匠菱纹背心,Runemastered Quilted Vest,en
符文师匠萨满斗篷,Runemastered Shaman Mantle,en
符文师匠蒙纱之面,Runemastered Veiled Mask,en
符文师匠蔽影背心,Runemastered Shrouded Vest,en
符文师匠薄纱裹手,Runemastered Gauze Wraps,en
符文师匠蛇鳞外套,Runemastered Serpentscale Coat,en
符文师匠蜥鳞靴,Runemastered Lizardscale Boots,en
符文师匠螺旋巨盔,Runemastered Spired Greathelm,en
符文师匠螺旋裹手,Runemastered Spiral Wraps,en
符文师匠血亲魔符,Runemastered Familial Talisman,en
符文师匠行军之锤,Runeforged Marching Mace,en
符文师匠裹布巨盔,Runemastered Wrapped Greathelm,en
符文师匠裹布鞋履,Runemastered Wrapped Sandals,en
符文师匠覆甲帽,Runemastered Armoured Cap,en
符文师匠覆颜面具,Runemastered Face Mask,en
符文师匠贪婪锁甲,Runemastered Grasping Mail,en
符文师匠走私者外套,Runemastered Smuggler Coat,en
符文师匠远古护腿,Runemastered Ancient Leggings,en
符文师匠远古链甲,Runemastered Ancient Mail,en
符文师匠远古面甲,Runemastered Ancient Visor,en
符文师匠远行者外衣,Runemastered Wayfarer Jacket,en
符文师匠连身铠甲,Runemastered Full Plate,en
符文师匠遁世束衣,Runemastered Marabout Garb,en
符文师匠部族之面,Runemastered Tribal Mask,en
符文师匠重革腰带,Runemastered Heavy Belt,en
符文师匠金索袖带,Runemastered Goldcast Cuffs,en
符文师匠鎏金长衣,Runemastered Gilded Vestments,en
符文师匠铁头长矛,Runemastered Ironhead Spear,en
符文师匠铁板护手,Runemastered Plate Gauntlets,en
符文师匠铁锻王冠,Runemastered Iron Crown,en
符文师匠铁锻胫甲,Runemastered Iron Greaves,en
符文师匠铁锻胸甲,Runemastered Iron Cuirass,en
符文师匠铃鸣纹章盾,Runemastered Jingling Crest Shield,en
符文师匠铆接护手,Runemastered Riveted Mitts,en
符文师匠铠装背心,Runemastered Armoured Vest,en
符文师匠铭刻法器,Runemastered Engraved Focus,en
符文师匠铸锻护手,Runemastered Moulded Mitts,en
符文师匠锁子长衣,Runemastered Mail Vestments,en
符文师匠锁链冠冕,Runemastered Chain Tiara,en
符文师匠锁链战靴,Runemastered Mail Sabatons,en
符文师匠锈蚀巨盔,Runemastered Rusted Greathelm,en
符文师匠锈蚀胸甲,Runemastered Rusted Cuirass,en
符文师匠锻铁轻盾,Runemastered Iron Buckler,en
符文师匠镶边胫甲,Runemastered Trimmed Greaves,en
符文师匠镶钉巨棍,Runemastered Studded Greatclub,en
符文师匠长柄节杖,Runemastered Long Quarterstaff,en
符文师匠防水外衣,Runemastered Waxed Jacket,en
符文师匠阴暗王冠,Runemastered Tenebrous Crown,en
符文师匠阵列轻盾,Runemastered Array Buckler,en
符文师匠隐士束衣,Runemastered Anchorite Garb,en
符文师匠障壁塔盾,Runemastered Barricade Tower Shield,en
符文师匠青铜胫甲,Runemastered Bronze Greaves,en
符文师匠音调法器,Runemastered Tonal Focus,en
符文师匠风霜袖带,Runemastered Aged Cuffs,en
符文师匠饰印纹章盾,Runemastered Blazon Crest Shield,en
符文师匠马拉克斯胸甲,Runemastered Maraketh Cuirass,en
符文师匠骑士护甲,Runemastered Knight Armour,en
符文师匠鬼祟裹手,Runemastered Furtive Wraps,en
符文师匠魔印纹章盾,Runemastered Sigil Crest Shield,en
符文师匠魔蛊长袍,Runemastered Hexer's Robe,en
符文师匠鹅绒便鞋,Runemastered Velour Shoes,en
符文师匠鹿角法器,Runemastered Antler Focus,en
符文师匠黑钢塔盾,Runemastered Blacksteel Tower Shield,en
符文帝国巨盔,Runeforged Imperial Greathelm,en
符文开拓者护甲,Runeforged Trailblazer Armour,en
符文强盗面具,Runeforged Brigand Mask,en
符文彩绘塔盾,Runeforged Painted Tower Shield,en
符文彩羽法器,Runeforged Plumed Focus,en
符文德卡拉纹章盾,Runeforged Dekharan Crest Shield,en
符文德鲁伊法器,Runeforged Druidic Focus,en
符文德鲁伊王冠,Runeforged Druidic Crown,en
符文徽纹塔盾,Runeforged Heraldric Tower Shield,en
符文怒视纹章盾,Runeforged Glowering Crest Shield,en
符文急迅便鞋,Runeforged Quickslip Shoes,en
符文怪物,Runic Monsters,en
符文恐喙鸟皮外套,Runeforged Rhoahide Coat,en
符文懦夫护甲,Runeforged Dastard Armour,en
符文战争裹手,Runeforged War Wraps,en
符文战士巨盔,Runeforged Warrior Greathelm,en
符文战盔,Ruinic Helm,en
符文战镐,Runeforged Warpick,en
符文截片护腕,Runeforged Sectioned Bracers,en
符文扣带裹手,Runeforged Buckled Wraps,en
符文抛光圆盾,Runeforged Polished Targe,en
符文护面之盔,Runeforged Visored Helm,en
符文披风锁甲,Runeforged Cloaked Mail,en
符文拼凑战弩,Runeforged Makeshift Crossbow,en
符文拼接背心,Runeforged Layered Vest,en
符文捷足便鞋,Runeforged Daggerfoot Shoes,en
符文排列法器,Runeforged Arrayed Focus,en
符文探求者,The Runeseeker,en
符文探求者之喚,Runeseeker's Call,en
符文探索者护甲,Runeforged Explorer Armour,en
符文掩护战靴,Runeforged Covered Sabatons,en
符文掩蔽头盔,Runeforged Warded Helm,en
符文掩面之盔,Runeforged Cowled Helm,en
符文提取,Runic Extraction,en
符文援护,Runic Reprieve,en
符文摧枯巨锤,Runeforged Crumbling Maul,en
符文教徒大锤,Runeforged Cultist Greathammer,en
符文敦实护手,Runeforged Stocky Mitts,en
符文斗篷锁甲,Runeforged Mantled Mail,en
符文斥候背心,Runeforged Scout's Vest,en
符文新月圆盾,Runeforged Crescent Targe,en
符文斷片,Runic Splinter,en
符文无定纹章盾,Runeforged Wayward Crest Shield,en
符文易形魔符,Runeforged Changeling Talisman,en
符文月牙节杖,Runeforged Crescent Quarterstaff,en
符文朝圣者长衣,Runeforged Pilgrim Vestments,en
符文木制轻盾,Runeforged Wooden Buckler,en
符文木棒,Runeforged Wooden Club,en
符文术士护腿,Runeforged Warlock Leggings,en
符文朱砂头冠,Runeforged Vermeil Circlet,en
符文朽木塔盾,Runeforged Splintered Tower Shield,en
符文束带长靴,Runeforged Cinched Boots,en
符文束縛,Runic Bindings,en
符文林奔者便鞋,Runeforged Treerunner Shoes,en
符文枝条法器,Runeforged Twig Focus,en
符文柳枝冠冕,Runeforged Wicker Tiara,en
符文橡木大锤,Runeforged Oak Greathammer,en
符文武装长衣,Runeforged Ironclad Vestments,en
符文死亡斗篷,Runeforged Death Mantle,en
符文死亡锁甲,Runeforged Death Mail,en
符文毒蝰帽,Runeforged Viper Cap,en
符文毛毡帽,Runeforged Felt Cap,en
符文毛皮圆盾,Runeforged Pelage Targe,en
符文毛皮斗篷,Runeforged Pelt Mantle,en
符文毛皮绑腿,Runeforged Pelt Leggings,en
符文水晶法器,Runeforged Crystal Focus,en
符文沉重王冠,Runeforged Heavy Crown,en
符文沙丘行者鞋履,Runeforged Dunerunner Sandals,en
符文沙漠帽,Runeforged Desert Cap,en
符文沙漠轻盾,Runeforged Desert Buckler,en
符文沙誓冠冕,Runeforged Sandsworn Tiara,en
符文沙誓鞋履,Runeforged Sandsworn Sandals,en
符文河流之衣,Runeforged River Raiment,en
符文法器,Runed Focus,en
符文法术冠冕,Runeforged Sorcerous Tiara,en
符文法里顿面具,Runeforged Faridun Mask,en
符文流动,Runic Flows,en
符文流星锤,Runeforged Morning Star,en
符文流浪外衣,Runeforged Itinerant Jacket,en
符文流贼外衣,Runeforged Scoundrel Jacket,en
符文浮雕靴,Runeforged Embossed Boots,en
符文海妖之鳞手套,Runeforged Sirenscale Gloves,en
符文海洋风暴斗篷,Runeforged Seastorm Mantle,en
符文海灵鳞缀手套,Runeforged Pauascale Gloves,en
符文海盗外套,Runeforged Corsair Coat,en
符文海贼帽,Runeforged Corsair Cap,en
符文海贼背心,Runeforged Corsair Vest,en
符文涡旋法器,Runeforged Whorl Focus,en
符文淬炼,Runic Tempering,en
符文淬炼护手,Runeforged Tempered Mitts,en
符文游荡者便鞋,Runeforged Wanderer Shoes,en
符文滑击背心,Runeforged Slipstrike Vest,en
符文滑布外衣,Runeforged Sleek Jacket,en
符文漂泊者护甲,Runeforged Vagabond Armour,en
符文漫步者外衣,Runeforged Rambler Jacket,en
符文潜行护腕,Runeforged Stalking Bracers,en
符文潮贤斗篷,Runeforged Tideseer Mantle,en
符文灌注,Runic Infusion,en
符文灌铅大锤,Runeforged Leaden Greathammer,en
符文灵骨王冠,Runeforged Spiritbone Crown,en
符文烁金头冠,Runeforged Gold Circlet,en
符文熔铸塔盾,Runeforged Crucible Tower Shield,en
符文牢固护腕,Runeforged Firm Bracers,en
符文牢靠绑腿,Runeforged Secured Leggings,en
符文犄角王冠,Runeforged Horned Crown,en
符文狂热弓,Runeforged Zealot Bow,en
符文狂热者手套,Runeforged Zealot Gauntlets,en
符文狞笑面罩,Runeforged Grinning Mask,en
符文狩猎便鞋,Runeforged Hunting Shoes,en
符文狩猎长矛,Runeforged Hunting Spear,en
符文狼皮斗篷,Runeforged Wolfskin Mantle,en
符文猎人兜帽,Runeforged Trapper Hood,en
符文猎头者外衣,Runeforged Scalper's Jacket,en
符文猎手,The Runeseeker,en
符文猎手的呼唤,Runeseeker's Call,en
符文猎手的呼唤之遗产,Legacy of Runeseeker's Call,en
符文猎者兜帽,Runeforged Hunter Hood,en
符文猎踪兜帽,Runeforged Deerstalker Hood,en
符文猎鹰师外衣,Runeforged Falconer's Jacket,en
符文猛犸圆盾,Runeforged Mammoth Targe,en
符文献祭斗篷,Runeforged Sacrificial Mantle,en
符文献祭盛装,Runeforged Sacrificial Regalia,en
符文环锁手甲,Runeforged Ringmail Gauntlets,en
符文环锁甲,Runeforged Chain Mail,en
符文环锁轻盾,Runeforged Ringed Buckler,en
符文珠光轻盾,Runeforged Pearl Buckler,en
符文珠饰头冠,Runeforged Beaded Circlet,en
符文瓦尔塔盾,Runeforged Vaal Tower Shield,en
符文瓦尔手套,Runeforged Vaal Gloves,en
符文瓦尔护手,Runeforged Vaal Mitts,en
符文瓦尔纹章盾,Runeforged Vaal Crest Shield,en
符文瓦尔胫甲,Runeforged Vaal Greaves,en
符文瓦尔胸甲,Runeforged Vaal Cuirass,en
符文瓦尔裹手,Runeforged Vaal Wraps,en
符文生皮短靴,Runeforged Rawhide Boots,en
符文皇家塔盾,Runeforged Royal Tower Shield,en
符文皮制轻盾,Runeforged Leather Buckler,en
符文皮缚兜帽,Runeforged Leatherbound Hood,en
符文皮革背心,Runeforged Leather Vest,en
符文盗贼护甲,Runeforged Rogue Armour,en
符文督军胸甲,Runeforged Warlord Cuirass,en
符文短剑,Runic Shortsword,en
符文短弓,Runeforged Shortbow,en
符文石制圆盾,Runeforged Stone Targe,en
符文石制胸甲,Runeforged Stone Cuirass,en
符文破旧兜帽,Runeforged Shabby Hood,en
符文破烂长袍,Runeforged Tattered Robe,en
符文破碎手套,Runeforged Torn Gloves,en
符文硬木圆盾,Runeforged Hardwood Targe,en
符文硬木长矛,Runeforged Hardwood Spear,en
符文硬框鞋履,Runeforged Lattice Sandals,en
符文碎片,Runic Splinter,en
符文磨损便鞋,Runeforged Frayed Shoes,en
符文神圣法器,Runeforged Hallowed Focus,en
符文神圣王冠,Runeforged Hallowed Crown,en
符文神殿巨锤,Runeforged Temple Maul,en
符文神礼王冠,Runeforged Divine Crown,en
符文神秘头盔,Runeforged Cryptic Helm,en
符文祭坛长袍,Runeforged Altar Robe,en
符文秘术家斗篷,Runeforged Occultist Mantle,en
符文秘法家头盔,Runeforged Cabalist Helm,en
符文稻草鞋履,Runeforged Straw Sandals,en
符文符文法器,Runeforged Runed Focus,en
符文简朴束衣,Runeforged Austere Garb,en
符文粗制弓,Runeforged Crude Bow,en
符文粗制胫甲,Runeforged Rough Greaves,en
符文精制护腕,Runeforged Refined Bracers,en
符文精工护手,Runeforged Detailed Mitts,en
符文精工护腕,Runeforged Fine Bracers,en
符文精巧纹章盾,Runeforged Intricate Crest Shield,en
符文精纺护腕,Runeforged Spined Bracers,en
符文精致手套,Runeforged Intricate Gloves,en
符文精锐巨盔,Runeforged Elite Greathelm,en
符文紋身,Runic Tattoos,en
符文紧弦战弩,Runeforged Tense Crossbow,en
符文线缝便鞋,Runeforged Threaded Shoes,en
符文组合,Runeshape Combinations,en
符文细枝头冠,Runeforged Twig Circlet,en
符文细柄钉锤,Runeforged Slim Mace,en
符文织履绑腿,Runeforged Weaver Leggings,en
符文织造法器,Runeforged Woven Focus,en
符文经脉,Runic Meridians,en
符文绒皮护腕,Runeforged Suede Bracers,en
符文结界,Runic Ward,en
符文绳索袖带,Runeforged Rope Cuffs,en
符文编织帽,Runeforged Woven Cap,en
符文缚者的合金,The Runebinder's Alloy,en
符文缚革护腕,Runeforged Bound Bracers,en
符文缚革袖带,Runeforged Bound Cuffs,en
符文缚革鞋履,Runeforged Bound Sandals,en
符文缝合手套,Runeforged Stitched Gloves,en
符文缠丝帽,Runeforged Swathed Cap,en
符文羽饰之衣,Runeforged Feathered Raiment,en
符文羽饰冠冕,Runeforged Feathered Tiara,en
符文羽饰圆盾,Runeforged Feathered Targe,en
符文羽饰护手,Runeforged Feathered Mitts,en
符文羽饰长袍,Runeforged Feathered Robe,en
符文羽饰鞋履,Runeforged Feathered Sandals,en
符文翠玉冠冕,Runeforged Jade Tiara,en
符文翱翔圆盾,Runeforged Soaring Targe,en
符文翱翔面具,Runeforged Soaring Mask,en
符文耀金圆盾,Runeforged Golden Targe,en
符文老兵战靴,Runeforged Veteran Sabatons,en
符文肃穆手套,Runeforged Sombre Gloves,en
符文肠刺轻盾,Runeforged Gutspike Buckler,en
符文花边兜帽,Runeforged Lace Hood,en
符文花边靴,Runeforged Laced Boots,en
符文苦修束衣,Runeforged Ascetic Garb,en
符文英烈之冠,Runeforged Martyr Crown,en
符文荒凉原野法器,Runeforged Leyline Focus,en
符文荨麻魔符,Runeforged Nettle Talisman,en
符文菱纹背心,Runeforged Quilted Vest,en
符文萨满斗篷,Runeforged Shaman Mantle,en
符文萨满绑腿,Runeforged Shamanistic Leggings,en
符文蒙纱之面,Runeforged Veiled Mask,en
符文蒙面巨盔,Runeforged Masked Greathelm,en
符文蔽影背心,Runeforged Shrouded Vest,en
符文蔽影锁甲,Runeforged Shrouded Mail,en
符文薄纱裹手,Runeforged Gauze Wraps,en
符文蛇鳞外套,Runeforged Serpentscale Coat,en
符文蛇鳞长靴,Runeforged Serpentscale Boots,en
符文蜥鳞外套,Runeforged Lizardscale Coat,en
符文蜥鳞靴,Runeforged Lizardscale Boots,en
符文螺旋巨盔,Runeforged Spired Greathelm,en
符文螺旋裹手,Runeforged Spiral Wraps,en
符文血亲魔符,Runeforged Familial Talisman,en
符文衬垫绑腿,Runeforged Padded Leggings,en
符文裹布巨盔,Runeforged Wrapped Greathelm,en
符文裹布节杖,Runeforged Wrapped Quarterstaff,en
符文裹布鞋履,Runeforged Wrapped Sandals,en
符文要塞塔盾,Runeforged Fortress Tower Shield,en
符文要塞战靴,Runeforged Fortress Sabatons,en
符文覆皮之铠,Runeforged Fur Plate,en
符文覆颜面具,Runeforged Face Mask,en
符文角斗士头盔,Runeforged Gladiatorial Helm,en
符文贪婪锁甲,Runeforged Grasping Mail,en
符文贱民面具,Runeforged Pariah Mask,en
符文贵族塔盾,Runeforged Noble Tower Shield,en
符文贵族巨盔,Runeforged Noble Greathelm,en
符文贵族战靴,Runeforged Noble Sabatons,en
符文走私者外套,Runeforged Smuggler Coat,en
符文跑者背心,Runeforged Runner Vest,en
符文迅捷潜行者外套,Runeforged Swiftstalker Coat,en
符文远古护手,Runeforged Ancient Mitts,en
符文远古袖带,Runeforged Ancient Cuffs,en
符文远古轻盾,Runeforged Ancient Buckler,en
符文远行者外衣,Runeforged Wayfarer Jacket,en
符文连身铠甲,Runeforged Full Plate,en
符文遁世束衣,Runeforged Marabout Garb,en
符文邪恶束衣,Runeforged Vile Robe,en
符文部族之面,Runeforged Tribal Mask,en
符文酋长胸甲,Runeforged Chieftain Cuirass,en
符文重型战铠,Runeforged Heavy Plate,en
符文金工塔盾,Runeforged Goldworked Tower Shield,en
符文金索袖带,Runeforged Goldcast Cuffs,en
符文鍛造,Runeforging,en
符文钉头巨锤,Runeforged Pointed Maul,en
符文钝钉木棒,Runeforged Spiked Club,en
符文钢甲手甲,Runeforged Steelmail Gauntlets,en
符文钢缘便鞋,Runeforged Steelpoint Shoes,en
符文钢缘节杖,Runeforged Steelpoint Quarterstaff,en
符文钢趾靴,Runeforged Steeltoe Boots,en
符文铁头长矛,Runeforged Ironhead Spear,en
符文铁板护手,Runeforged Plate Gauntlets,en
符文铁锻王冠,Runeforged Iron Crown,en
符文铁锻胫甲,Runeforged Iron Greaves,en
符文铁锻胸甲,Runeforged Iron Cuirass,en
符文铃鸣纹章盾,Runeforged Jingling Crest Shield,en
符文铃鸣轻盾,Runeforged Jingling Buckler,en
符文铆接护手,Runeforged Riveted Mitts,en
符文铭刻法器,Runeforged Engraved Focus,en
符文铸锻护手,Runeforged Moulded Mitts,en
符文锁子长衣,Runeforged Mail Vestments,en
符文锁链冠冕,Runeforged Chain Tiara,en
符文锁链战靴,Runeforged Mail Sabatons,en
符文锈蚀巨盔,Runeforged Rusted Greathelm,en
符文锈蚀胸甲,Runeforged Rusted Cuirass,en
符文锋缘轻盾,Runeforged Edged Buckler,en
符文锻炉巨锤,Runeforged Forge Maul,en
符文锻铁轻盾,Runeforged Iron Buckler,en
符文镌凿圆盾,Runeforged Chiseled Targe,en
符文镶边胫甲,Runeforged Trimmed Greaves,en
符文镶钉圆盾,Runeforged Studded Targe,en
符文镶钉巨棍,Runeforged Studded Greatclub,en
符文镶钉长靴,Runeforged Studded Boots,en
符文长柄节杖,Runeforged Long Quarterstaff,en
符文閃焰,Runic Flare,en
符文闪亮袖带,Runeforged Gleaming Cuffs,en
符文闪光,Runic Flare,en
符文闪耀护腕,Runeforged Polished Bracers,en
符文防水外衣,Runeforged Waxed Jacket,en
符文隐士束衣,Runeforged Anchorite Garb,en
符文隐秘之冠,Runeforged Cryptic Crown,en
符文隐秘绑腿,Runeforged Cryptic Leggings,en
符文障壁塔盾,Runeforged Barricade Tower Shield,en
符文雅致便鞋,Runeforged Elegant Slippers,en
符文雅致巨盔,Runeforged Elegant Greathelm,en
符文雅致胫甲,Runeforged Elegant Greaves,en
符文雅致裹手,Runeforged Elegant Wraps,en
符文雕纹圆盾,Runeforged Carved Targe,en
符文雕饰胫甲,Runeforged Carved Greaves,en
符文霸王战铠,Runeforged Conqueror Plate,en
符文青铜胫甲,Runeforged Bronze Greaves,en
符文音调法器,Runeforged Tonal Focus,en
符文领主锁甲,Runeforged Thane Mail,en
符文风霜袖带,Runeforged Aged Cuffs,en
符文飘逸之衣,Runeforged Flowing Raiment,en
符文飞羽圆盾,Runeforged Avian Targe,en
符文飞羽面具,Runeforged Avian Mask,en
符文飞翼长矛,Runeforged Winged Spear,en
符文饰印纹章盾,Runeforged Blazon Crest Shield,en
符文马拉克斯胸甲,Runeforged Maraketh Cuirass,en
符文骑兵长靴,Runeforged Cavalry Boots,en
符文骑士,Rune Knight,en
符文骑士护手,Runeforged Knightly Mitts,en
符文骑士护甲,Runeforged Knight Armour,en
符文魅力便鞋,Runeforged Charmed Shoes,en
符文魔印纹章盾,Runeforged Sigil Crest Shield,en
符文魔蛊长袍,Runeforged Hexer's Robe,en
符文鹿角法器,Runeforged Antler Focus,en
符文麻布鞋履,Runeforged Flax Sandals,en
符文黄金手套,Runeforged Gold Gloves,en
符文黄金锁甲,Runeforged Golden Mail,en
符文黑钢战靴,Runeforged Blacksteel Sabatons,en
符文黑钢手甲,Runeforged Blacksteel Gauntlets,en
符文黑钢纹章盾,Runeforged Blacksteel Crest Shield,en
符文龙皮长靴,Runeforged Drakeskin Boots,en
符文龙鳞长靴,Runeforged Dragonscale Boots,en
符煉串珠頭環,Runemastered Beaded Circlet,en
符煉乾草便鞋,Runemastered Straw Sandals,en
符煉修士裝束,Runemastered Marabout Garb,en
符煉假面之盔,Runemastered Visored Helm,en
符煉元素使長袍,Runemastered Elementalist Robe,en
符煉兇猛巨盔,Runemastered Fierce Greathelm,en
符煉先祖鎖甲,Runemastered Ancestral Mail,en
符煉冰川堡壘,Runemastered Glacial Fortress,en
符煉凱斯之衣,Runemastered Keth Raiment,en
符煉刀刃,Runeforged Blades,en
符煉分段護腕,Runemastered Sectioned Bracers,en
符煉刺客裝束,Runemastered Assassin Garb,en
符煉刺繡手套,Runemastered Embroidered Gloves,en
符煉加固塔盾,Runemastered Braced Tower Shield,en
符煉加固鎧靴,Runemastered Braced Sabatons,en
符煉加固長手套,Runemastered Bolstered Mitts,en
符煉加長細杖,Runemastered Long Quarterstaff,en
符煉古老護衛盾,Runemastered Venerable Defender,en
符煉咒術師長袍,Runemastered Hexer's Robe,en
符煉啟蒙長袍,Runemastered Enlightened Robe,en
符煉堅固之面,Runemastered Solid Mask,en
符煉堅鋼鎧甲,Runemastered Steel Plate,en
符煉墮落巨棍棒,Runemastered Felled Greatclub,en
符煉壁壘塔盾,Runemastered Rampart Tower Shield,en
符煉士兵巨盔,Runemastered Soldier Greathelm,en
符煉天鵝絨便帽,Runemastered Velvet Cap,en
符煉嫩枝頭環,Runemastered Twig Circlet,en
符煉宏偉手鐲,Runemastered Grand Manchettes,en
符煉宏偉腿甲,Runemastered Grand Cuisses,en
符煉宏偉華服,Runemastered Grand Regalia,en
符煉宏偉面紗,Runemastered Grand Visage,en
符煉家徽紋章盾,Runemastered Blazon Crest Shield,en
符煉家族魔符,Runemastered Familial Talisman,en
符煉實用裹手,Runemastered Utility Wraps,en
符煉寶石手套,Runemastered Jewelled Gloves,en
符煉尊敬法衣,Runemastered Revered Vestments,en
符煉尖刺輕盾,Runemastered Spiked Buckler,en
符煉尖頂巨盔,Runemastered Spired Greathelm,en
符煉層板護手,Runemastered Layered Gauntlets,en
符煉岩石脛甲,Runemastered Stone Greaves,en
符煉巫毒法器,Runemastered Voodoo Focus,en
符煉幻象鎖鏈,Runemastered Veridical Chain,en
符煉幽暗寶冠,Runemastered Tenebrous Crown,en
符煉庇護之盔,Runemastered Shielded Helm,en
符煉庇護細杖,Runemastered Warding Quarterstaff,en
符煉彩繪塔盾,Runemastered Painted Tower Shield,en
符煉徽印紋章盾,Runemastered Emblem Crest Shield,en
符煉怪異攻城錘,Runemastered Aberrant Sledge,en
符煉恐喙鳥皮外套,Runemastered Rhoahide Coat,en
符煉戰士巨盔,Runemastered Warrior Greathelm,en
符煉打蠟外衣,Runemastered Waxed Jacket,en
符煉投機者外衣,Runemastered Scalper's Jacket,en
符煉拋光護手,Runemastered Burnished Gauntlets,en
符煉排列輕盾,Runemastered Array Buckler,en
符煉探索者護甲,Runemastered Explorer Armour,en
符煉撕裂手套,Runemastered Torn Gloves,en
符煉教士法衣,Runemastered Cleric Vestments,en
符煉教徒之冠,Runemastered Cultist Crown,en
符煉斗篷之盔,Runemastered Cowled Helm,en
符煉斗篷鎖甲,Runemastered Cloaked Mail,en
符煉斥侯背心,Runemastered Scout's Vest,en
符煉新月圓盾,Runemastered Crescent Targe,en
符煉旅人外衣,Runemastered Wayfarer Jacket,en
符煉暗淡手套,Runemastered Sombre Gloves,en
符煉朝聖者法衣,Runemastered Pilgrim Vestments,en
符煉木製棍棒,Runemastered Wooden Club,en
符煉木頭輕盾,Runemastered Wooden Buckler,en
符煉朽木塔盾,Runemastered Splintered Tower Shield,en
符煉枝條法器,Runemastered Twig Focus,en
符煉枝條頭冠,Runemastered Wicker Tiara,en
符煉格子便鞋,Runemastered Lattice Sandals,en
符煉棘刺護腕,Runemastered Spined Bracers,en
符煉橡木巨錘,Runemastered Oak Greathammer,en
符煉歌德細杖,Runemastered Gothic Quarterstaff,en
符煉死亡之面,Runemastered Death Mask,en
符煉殉難之冠,Runemastered Martyr Crown,en
符煉殘破長袍,Runemastered Tattered Robe,en
符煉毒蛇便帽,Runemastered Viper Cap,en
符煉毛氈便帽,Runemastered Felt Cap,en
符煉水晶法器,Runemastered Crystal Focus,en
符煉沉重之冠,Runemastered Heavy Crown,en
符煉泰坦長手套,Runemastered Titan Mitts,en
符煉流浪者護甲,Runemastered Vagabond Armour,en
符煉浮雕長靴,Runemastered Embossed Boots,en
符煉海盜便帽,Runemastered Corsair Cap,en
符煉海靈鱗手套,Runemastered Pauascale Gloves,en
符煉淬鍊長手套,Runemastered Tempered Mitts,en
符煉潮汐先知披肩,Runemastered Tideseer Mantle,en
符煉烏鴉披肩,Runemastered Corvus Mantle,en
符煉牢固護腿,Runemastered Secured Leggings,en
符煉犄角之冠,Runemastered Horned Crown,en
符煉狩獵輕鞋,Runemastered Hunting Shoes,en
符煉獵者之兜,Runemastered Hunter Hood,en
符煉獻祭披肩,Runemastered Sacrificial Mantle,en
符煉獻祭法衣,Runemastered Sacrificial Regalia,en
符煉瑪格思頭冠,Runemastered Magus Tiara,en
符煉環鎖護手,Runemastered Ringmail Gauntlets,en
符煉瓦爾塔盾,Runemastered Vaal Tower Shield,en
符煉瓦爾胸甲,Runemastered Vaal Cuirass,en
符煉生鏽胸甲,Runemastered Rusted Cuirass,en
符煉疊層鎧靴,Runemastered Stacked Sabatons,en
符煉疾行者背心,Runemastered Strider Vest,en
符煉皮革兜帽,Runemastered Leatherbound Hood,en
符煉皮革背心,Runemastered Leather Vest,en
符煉皮革輕盾,Runemastered Leather Buckler,en
符煉盜賊護甲,Runemastered Rogue Armour,en
符煉盤繞裹手,Runemastered Spiral Wraps,en
符煉破舊兜帽,Runemastered Shabby Hood,en
符煉硬木圓盾,Runemastered Hardwood Targe,en
符煉磨煉塔盾,Runemastered Crucible Tower Shield,en
符煉磨難棍棒,Runemastered Torment Club,en
符煉祭壇長袍,Runemastered Altar Robe,en
符煉禍害之衣,Runemastered Havoc Raiment,en
符煉穩固護腕,Runemastered Firm Bracers,en
符煉符印紋章盾,Runemastered Sigil Crest Shield,en
符煉符文尖叉,Runemastered Runic Fork,en
符煉籠罩背心,Runemastered Shrouded Vest,en
符煉粗糙脛甲,Runemastered Rough Greaves,en
符煉粗製之面,Runemastered Hewn Mask,en
符煉精妙手套,Runemastered Intricate Gloves,en
符煉精美背心,Runemastered Exquisite Vest,en
符煉精良護腕,Runemastered Fine Bracers,en
符煉紋刻法器,Runemastered Engraved Focus,en
符煉紋章塔盾,Runemastered Heraldric Tower Shield,en
符煉紗布裹手,Runemastered Gauze Wraps,en
符煉結實長手套,Runemastered Stocky Mitts,en
符煉絲絨輕鞋,Runemastered Velour Shoes,en
符煉絲綢便鞋,Runemastered Silk Slippers,en
符煉絲質之袍,Runemastered Silk Robe,en
符煉維里西姆腕帶,Runemastered Verisium Cuffs,en
符煉緊繃十字弓,Runemastered Tense Crossbow,en
符煉編織法器,Runemastered Woven Focus,en
符煉縫合手套,Runemastered Stitched Gloves,en
符煉縫紉輕鞋,Runemastered Threaded Shoes,en
符煉繩索腕帶,Runemastered Rope Cuffs,en
符煉繫帶長靴,Runemastered Cinched Boots,en
符煉纏繞巨盔,Runemastered Wrapped Greathelm,en
符煉羽毛便鞋,Runemastered Feathered Sandals,en
符煉羽毛長袍,Runemastered Feathered Robe,en
符煉羽毛頭冠,Runemastered Feathered Tiara,en
符煉羽飾法器,Runemastered Plumed Focus,en
符煉翠玉頭冠,Runemastered Jade Tiara,en
符煉脊狀輕盾,Runemastered Ridged Buckler,en
符煉英雄護甲,Runemastered Heroic Armour,en
符煉菁英巨盔,Runemastered Elite Greathelm,en
符煉華貴環甲,Runemastered Ornate Ringmail,en
符煉華麗輕盾,Runemastered Ornate Buckler,en
符煉蕁麻魔符,Runemastered Nettle Talisman,en
符煉薩滿披肩,Runemastered Shaman Mantle,en
符煉蛇鱗外套,Runemastered Serpentscale Coat,en
符煉蜥蜴鱗長靴,Runemastered Lizardscale Boots,en
符煉裝甲便帽,Runemastered Armoured Cap,en
符煉裝甲背心,Runemastered Armoured Vest,en
符煉裝飾之盔,Runemastered Decorated Helm,en
符煉裹腳便鞋,Runemastered Wrapped Sandals,en
符煉襯墊背心,Runemastered Quilted Vest,en
符煉警惕之盔,Runemastered Guarded Helm,en
符煉護臉之面,Runemastered Face Mask,en
符煉貪婪鎧甲,Runemastered Grasping Mail,en
符煉走私者外套,Runemastered Smuggler Coat,en
符煉追獵者外套,Runemastered Pathfinder Coat,en
符煉連身鎧甲,Runemastered Full Plate,en
符煉遠古護腿,Runemastered Ancient Leggings,en
符煉遠古護面盔,Runemastered Ancient Visor,en
符煉遠古鎖甲,Runemastered Ancient Mail,en
符煉遮蓋鎧靴,Runemastered Covered Sabatons,en
符煉還願之衣,Runemastered Votive Raiment,en
符煉邊緣之盔,Runemastered Brimmed Helm,en
符煉部落之面,Runemastered Tribal Mask,en
符煉重革腰帶,Runemastered Heavy Belt,en
符煉野性標記,Runemastered Primal Markings,en
符煉金鑄腕帶,Runemastered Goldcast Cuffs,en
符煉鉚接長手套,Runemastered Riveted Mitts,en
符煉鋼板輕盾,Runemastered Plated Buckler,en
符煉錯綜紋章盾,Runemastered Intricate Crest Shield,en
符煉鍍金法衣,Runemastered Gilded Vestments,en
符煉鍍金頭環,Runemastered Vermeil Circlet,en
符煉鍛鐵之冠,Runemastered Iron Crown,en
符煉鍛鐵胸甲,Runemastered Iron Cuirass,en
符煉鍛鐵輕盾,Runemastered Iron Buckler,en
符煉鎖甲法衣,Runemastered Mail Vestments,en
符煉鎖甲鎧靴,Runemastered Mail Sabatons,en
符煉鎖鍊鎖甲,Runemastered Chain Mail,en
符煉鎖鍊頭冠,Runemastered Chain Tiara,en
符煉鎧甲之衣,Runemastered Plated Raiment,en
符煉鎧甲護手,Runemastered Plate Gauntlets,en
符煉鏽蝕巨盔,Runemastered Rusted Greathelm,en
符煉鐵木長矛,Runemastered Ironhead Spear,en
符煉鐵甲法衣,Runemastered Ironclad Vestments,en
符煉鐵鍛脛甲,Runemastered Iron Greaves,en
符煉鑄模長手套,Runemastered Moulded Mitts,en
符煉鑲邊脛甲,Runemastered Trimmed Greaves,en
符煉鑲釘巨棍棒,Runemastered Studded Greatclub,en
符煉鑲釘背心,Runemastered Studded Vest,en
符煉陳舊腕帶,Runemastered Aged Cuffs,en
符煉障壁塔盾,Runemastered Barricade Tower Shield,en
符煉隱匿之面,Runemastered Veiled Mask,en
符煉隱士裝束,Runemastered Hermit Garb,en
符煉隱秘裹手,Runemastered Furtive Wraps,en
符煉隱者裝束,Runemastered Anchorite Garb,en
符煉隱蔽兜帽,Runemastered Covert Hood,en
符煉雙層護手,Runemastered Doubled Gauntlets,en
符煉雙生十字弓,Runemastered Dyad Crossbow,en
符煉靈鹿法器,Runemastered Antler Focus,en
符煉青銅脛甲,Runemastered Bronze Greaves,en
符煉音調法器,Runemastered Tonal Focus,en
符煉響聲紋章盾,Runemastered Jingling Crest Shield,en
符煉預兆紋章盾,Runemastered Omen Crest Shield,en
符煉風帽之面,Runemastered Hooded Mask,en
符煉飾帶長靴,Runemastered Laced Boots,en
符煉馬拉克斯胸甲,Runemastered Maraketh Cuirass,en
符煉騎士護甲,Runemastered Knight Armour,en
符煉骸骨之衣,Runemastered Bone Raiment,en
符煉魂骨之冠,Runemastered Spiritbone Crown,en
符煉鱗片鎖甲,Runemastered Scale Mail,en
符煉麂皮護腕,Runemastered Suede Bracers,en
符煉麻布裹手,Runemastered Linen Wraps,en
符煉黃金頭環,Runemastered Gold Circlet,en
符煉黑鋼塔盾,Runemastered Blacksteel Tower Shield,en
符父之眼,Eyes of the Runefather,en
符纹,Runic Monsters,en
符纹文身,Runic Tattoos,en
符鍛串珠頭環,Runeforged Beaded Circlet,en
符鍛乾草便鞋,Runeforged Straw Sandals,en
符鍛亞麻便鞋,Runeforged Flax Sandals,en
符鍛亮澤護腕,Runeforged Polished Bracers,en
符鍛使徒護腿,Runeforged Apostle Leggings,en
符鍛保衛之盔,Runeforged Warded Helm,en
符鍛俠客鎧甲,Runeforged Raider Plate,en
符鍛信仰護腿,Runeforged Faithful Leggings,en
符鍛信徒之衣,Runeforged Adherent's Raiment,en
符鍛修士裝束,Runeforged Marabout Garb,en
符鍛假面之盔,Runeforged Visored Helm,en
符鍛假面巨盔,Runeforged Masked Greathelm,en
符鍛儀式長袍,Runeforged Ceremonial Robe,en
符鍛優雅便鞋,Runeforged Elegant Slippers,en
符鍛優雅巨盔,Runeforged Elegant Greathelm,en
符鍛優雅脛甲,Runeforged Elegant Greaves,en
符鍛優雅裹手,Runeforged Elegant Wraps,en
符鍛優雅鎧甲,Runeforged Elegant Plate,en
符鍛元素使長袍,Runeforged Elementalist Robe,en
符鍛兇猛巨盔,Runeforged Fierce Greathelm,en
符鍛先知紋章盾,Runeforged Seer Crest Shield,en
符鍛先祖塔盾,Runeforged Ancestor Tower Shield,en
符鍛先祖鎖甲,Runeforged Ancestral Mail,en
符鍛先祖頭冠,Runeforged Ancestral Tiara,en
符鍛光滑外衣,Runeforged Sleek Jacket,en
符鍛冠軍胸甲,Runeforged Champion Cuirass,en
符鍛冷酷手套,Runeforged Grim Gloves,en
符鍛凱斯之衣,Runeforged Keth Raiment,en
符鍛刃緣輕盾,Runeforged Edged Buckler,en
符鍛刃衛輕盾,Runeforged Bladeguard Buckler,en
符鍛分層圓盾,Runeforged Stratified Targe,en
符鍛分層背心,Runeforged Layered Vest,en
符鍛分段護腕,Runeforged Sectioned Bracers,en
符鍛判官之冠,Runeforged Inquisitor Crown,en
符鍛剛愎紋章盾,Runeforged Wayward Crest Shield,en
符鍛加固塔盾,Runeforged Braced Tower Shield,en
符鍛加固鎧靴,Runeforged Braced Sabatons,en
符鍛加固長手套,Runeforged Bolstered Mitts,en
符鍛加長細杖,Runeforged Long Quarterstaff,en
符鍛勇士之盔,Runeforged Champion Helm,en
符鍛勇士鎧甲,Runeforged Juggernaut Plate,en
符鍛卡爾葛腕帶,Runeforged Kalguuran Cuffs,en
符鍛卡爾葛鍛造錘,Runeforged Kalguuran Forgehammer,en
符鍛卡瑪薩頭冠,Runeforged Kamasan Tiara,en
符鍛叉狀長矛,Runeforged Forked Spear,en
符鍛反曲弓,Runeforged Recurve Bow,en
符鍛叢林頭冠,Runeforged Jungle Tiara,en
符鍛合成弓,Runeforged Composite Bow,en
符鍛咒術師長袍,Runeforged Hexer's Robe,en
符鍛四分紋章盾,Runeforged Quartered Crest Shield,en
符鍛地脈法器,Runeforged Leyline Focus,en
符鍛堅固之面,Runeforged Solid Mask,en
符鍛堅堡鎧靴,Runeforged Bastion Sabatons,en
符鍛堅皮披肩,Runeforged Pelt Mantle,en
符鍛堅皮護腿,Runeforged Pelt Leggings,en
符鍛堅鋼鎧甲,Runeforged Steel Plate,en
符鍛塔薩里奧法器,Runeforged Tasalian Focus,en
符鍛塔薩里奧脛甲,Runeforged Tasalian Greaves,en
符鍛塔赫亞塔盾,Runeforged Tawhoan Tower Shield,en
符鍛墮落巨棍棒,Runeforged Felled Greatclub,en
符鍛壁壘塔盾,Runeforged Rampart Tower Shield,en
符鍛壁壘脛甲,Runeforged Bulwark Greaves,en
符鍛士兵巨盔,Runeforged Soldier Greathelm,en
符鍛士兵胸甲,Runeforged Soldier Cuirass,en
符鍛天冠頭冠,Runeforged Skycrown Tiara,en
符鍛奔流之衣,Runeforged Flowing Raiment,en
符鍛奔走者背心,Runeforged Runner Vest,en
符鍛奢華便鞋,Runeforged Luxurious Slippers,en
符鍛奢靡手套,Runeforged Opulent Gloves,en
符鍛奧札爾胸甲,Runeforged Utzaal Cuirass,en
符鍛嫩枝頭環,Runeforged Twig Circlet,en
符鍛守護塔盾,Runeforged Bulwark Tower Shield,en
符鍛宏偉護腕,Runeforged Grand Bracers,en
符鍛宗派紋章盾,Runeforged Sectarian Crest Shield,en
符鍛家徽紋章盾,Runeforged Blazon Crest Shield,en
符鍛家族魔符,Runeforged Familial Talisman,en
符鍛寶石手套,Runeforged Jewelled Gloves,en
符鍛尖刺護腕,Runeforged Spiked Bracers,en
符鍛尖刺輕盾,Runeforged Spiked Buckler,en
符鍛尖衛輕盾,Runeforged Spikeward Buckler,en
符鍛尖銳重錘,Runeforged Pointed Maul,en
符鍛尖頂巨盔,Runeforged Spired Greathelm,en
符鍛層壓輕盾,Runeforged Laminate Buckler,en
符鍛層板護手,Runeforged Layered Gauntlets,en
符鍛岩石圓盾,Runeforged Stone Targe,en
符鍛岩石塔盾,Runeforged Stone Tower Shield,en
符鍛岩石胸甲,Runeforged Stone Cuirass,en
符鍛岩石脛甲,Runeforged Stone Greaves,en
符鍛崩毀重錘,Runeforged Crumbling Maul,en
符鍛巨型長手套,Runeforged Massive Mitts,en
符鍛巫毒法器,Runeforged Voodoo Focus,en
符鍛巫術師披肩,Runeforged Conjurer Mantle,en
符鍛巫術頭冠,Runeforged Sorcerous Tiara,en
符鍛巴洛克圓盾,Runeforged Baroque Targe,en
符鍛巴洛克手套,Runeforged Baroque Gloves,en
符鍛帝國巨盔,Runeforged Imperial Greathelm,en
符鍛帶扣裹手,Runeforged Buckled Wraps,en
符鍛庇護之盔,Runeforged Shielded Helm,en
符鍛強盜之面,Runeforged Brigand Mask,en
符鍛彩繪塔盾,Runeforged Painted Tower Shield,en
符鍛征服者鎧甲,Runeforged Conqueror Plate,en
符鍛德魯伊之冠,Runeforged Druidic Crown,en
符鍛德魯伊法器,Runeforged Druidic Focus,en
符鍛徽印紋章盾,Runeforged Emblem Crest Shield,en
符鍛快速打擊背心,Runeforged Slipstrike Vest,en
符鍛怒視紋章盾,Runeforged Glowering Crest Shield,en
符鍛恐喙鳥皮外套,Runeforged Rhoahide Coat,en
符鍛惡徒護甲,Runeforged Dastard Armour,en
符鍛惡毒長袍,Runeforged Vile Robe,en
符鍛惡毒魔符,Runeforged Vicious Talisman,en
符鍛戰士巨盔,Runeforged Warrior Greathelm,en
符鍛戰爭裹手,Runeforged War Wraps,en
符鍛戰爭長矛,Runeforged War Spear,en
符鍛戰鎬,Runeforged Warpick,en
符鍛打蠟外衣,Runeforged Waxed Jacket,en
符鍛投機者外衣,Runeforged Scalper's Jacket,en
符鍛披風鎖甲,Runeforged Mantled Mail,en
符鍛拋光圓盾,Runeforged Polished Targe,en
符鍛指揮官巨盔,Runeforged Commander Greathelm,en
符鍛指揮官護手,Runeforged Commander Gauntlets,en
符鍛挑腸輕盾,Runeforged Gutspike Buckler,en
符鍛捷足輕鞋,Runeforged Daggerfoot Shoes,en
符鍛探索者護甲,Runeforged Explorer Armour,en
符鍛撕裂手套,Runeforged Torn Gloves,en
符鍛教士法衣,Runeforged Cleric Vestments,en
符鍛教徒之冠,Runeforged Cultist Crown,en
符鍛教徒巨錘,Runeforged Cultist Greathammer,en
符鍛教徒法器,Runeforged Cultist Focus,en
符鍛教徒護手,Runeforged Cultist Gauntlets,en
符鍛斗篷之盔,Runeforged Cowled Helm,en
符鍛斗篷鎖甲,Runeforged Cloaked Mail,en
符鍛斥侯背心,Runeforged Scout's Vest,en
符鍛新月圓盾,Runeforged Crescent Targe,en
符鍛新月細杖,Runeforged Crescent Quarterstaff,en
符鍛旅人外衣,Runeforged Wayfarer Jacket,en
符鍛晨星,Runeforged Morning Star,en
符鍛暗淡手套,Runeforged Sombre Gloves,en
符鍛服裝,Runeforged Garment,en
符鍛朝聖者法衣,Runeforged Pilgrim Vestments,en
符鍛木製棍棒,Runeforged Wooden Club,en
符鍛木頭輕盾,Runeforged Wooden Buckler,en
符鍛朽木塔盾,Runeforged Splintered Tower Shield,en
符鍛枝條法器,Runeforged Twig Focus,en
符鍛枝條頭冠,Runeforged Wicker Tiara,en
符鍛格子便鞋,Runeforged Lattice Sandals,en
符鍛棘刺護腕,Runeforged Spined Bracers,en
符鍛楷模巨盔,Runeforged Paragon Greathelm,en
符鍛樸素裝束,Runeforged Austere Garb,en
符鍛樹行者輕鞋,Runeforged Treerunner Shoes,en
符鍛橡木巨錘,Runeforged Oak Greathammer,en
符鍛歌德細杖,Runeforged Gothic Quarterstaff,en
符鍛死亡披肩,Runeforged Death Mantle,en
符鍛死亡鎖甲,Runeforged Death Mail,en
符鍛殉難之冠,Runeforged Martyr Crown,en
符鍛殘破長袍,Runeforged Tattered Robe,en
符鍛毒蛇便帽,Runeforged Viper Cap,en
符鍛毛氈便帽,Runeforged Felt Cap,en
符鍛毛皮圓盾,Runeforged Pelage Targe,en
符鍛毛皮鎧甲,Runeforged Fur Plate,en
符鍛水晶法器,Runeforged Crystal Focus,en
符鍛沉重之冠,Runeforged Heavy Crown,en
符鍛沙丘行者便鞋,Runeforged Dunerunner Sandals,en
符鍛沙漠便帽,Runeforged Desert Cap,en
符鍛沙漠輕盾,Runeforged Desert Buckler,en
符鍛沙誓便鞋,Runeforged Sandsworn Sandals,en
符鍛沙誓頭冠,Runeforged Sandsworn Tiara,en
符鍛河流之衣,Runeforged River Raiment,en
符鍛法里登之面,Runeforged Faridun Mask,en
符鍛流氓外衣,Runeforged Scoundrel Jacket,en
符鍛流浪者護甲,Runeforged Vagabond Armour,en
符鍛浮雕長靴,Runeforged Embossed Boots,en
符鍛海妖鱗手套,Runeforged Sirenscale Gloves,en
符鍛海洋風暴披肩,Runeforged Seastorm Mantle,en
符鍛海盜便帽,Runeforged Corsair Cap,en
符鍛海盜外套,Runeforged Corsair Coat,en
符鍛海盜背心,Runeforged Corsair Vest,en
符鍛海靈鱗手套,Runeforged Pauascale Gloves,en
符鍛淬鍊長手套,Runeforged Tempered Mitts,en
符鍛漫步者外衣,Runeforged Rambler Jacket,en
符鍛漫遊者輕鞋,Runeforged Wanderer Shoes,en
符鍛潛獵護腕,Runeforged Stalking Bracers,en
符鍛潮汐先知披肩,Runeforged Tideseer Mantle,en
符鍛烏鋼紋章盾,Runeforged Blacksteel Crest Shield,en
符鍛烏鋼鎧靴,Runeforged Blacksteel Sabatons,en
符鍛烏鐵護手,Runeforged Blacksteel Gauntlets,en
符鍛牢固裹手,Runeforged Secured Wraps,en
符鍛牢固護腿,Runeforged Secured Leggings,en
符鍛犄角之冠,Runeforged Horned Crown,en
符鍛狂戰者巨盔,Runeforged Warmonger Greathelm,en
符鍛狂熱者之弓,Runeforged Zealot Bow,en
符鍛狂熱護手,Runeforged Zealot Gauntlets,en
符鍛狩獵輕鞋,Runeforged Hunting Shoes,en
符鍛狩獵長矛,Runeforged Hunting Spear,en
符鍛狼皮披肩,Runeforged Wolfskin Mantle,en
符鍛猛獁圓盾,Runeforged Mammoth Targe,en
符鍛獰笑之面,Runeforged Grinning Mask,en
符鍛獵者之兜,Runeforged Hunter Hood,en
符鍛獵鹿者之兜,Runeforged Deerstalker Hood,en
符鍛獻祭披肩,Runeforged Sacrificial Mantle,en
符鍛獻祭法衣,Runeforged Sacrificial Regalia,en
符鍛珍珠輕盾,Runeforged Pearl Buckler,en
符鍛環紋輕盾,Runeforged Ringed Buckler,en
符鍛環鎖護手,Runeforged Ringmail Gauntlets,en
符鍛瓦爾塔盾,Runeforged Vaal Tower Shield,en
符鍛瓦爾手套,Runeforged Vaal Gloves,en
符鍛瓦爾紋章盾,Runeforged Vaal Crest Shield,en
符鍛瓦爾胸甲,Runeforged Vaal Cuirass,en
符鍛瓦爾脛甲,Runeforged Vaal Greaves,en
符鍛瓦爾裹手,Runeforged Vaal Wraps,en
符鍛瓦爾長手套,Runeforged Vaal Mitts,en
符鍛生皮長靴,Runeforged Rawhide Boots,en
符鍛生鏽胸甲,Runeforged Rusted Cuirass,en
符鍛疊層鎧靴,Runeforged Stacked Sabatons,en
符鍛皇族塔盾,Runeforged Royal Tower Shield,en
符鍛皮革兜帽,Runeforged Leatherbound Hood,en
符鍛皮革背心,Runeforged Leather Vest,en
符鍛皮革輕盾,Runeforged Leather Buckler,en
符鍛盜賊護甲,Runeforged Rogue Armour,en
符鍛盤繞裹手,Runeforged Spiral Wraps,en
符鍛短弓,Runeforged Shortbow,en
符鍛破舊兜帽,Runeforged Shabby Hood,en
符鍛硬木圓盾,Runeforged Hardwood Targe,en
符鍛硬木長矛,Runeforged Hardwood Spear,en
符鍛磨損輕鞋,Runeforged Frayed Shoes,en
符鍛磨煉塔盾,Runeforged Crucible Tower Shield,en
符鍛礁鋼脛甲,Runeforged Reefsteel Greaves,en
符鍛神殿重錘,Runeforged Temple Maul,en
符鍛神秘之衣,Runeforged Mystic Raiment,en
符鍛神聖之冠,Runeforged Divine Crown,en
符鍛神聖法器,Runeforged Sacred Focus,en
符鍛祭壇長袍,Runeforged Altar Robe,en
符鍛秘術師之盔,Runeforged Cabalist Helm,en
符鍛秘術披肩,Runeforged Occultist Mantle,en
符鍛穩固護腕,Runeforged Firm Bracers,en
符鍛符印紋章盾,Runeforged Sigil Crest Shield,en
符鍛符文法器,Runeforged Runed Focus,en
符鍛符鍛劫掠者便帽,Runeforged Freebooter Cap,en
符鍛符鍛捕獵者之兜,Runeforged Trapper Hood,en
符鍛籠罩背心,Runeforged Shrouded Vest,en
符鍛粗糙脛甲,Runeforged Rough Greaves,en
符鍛粗製之面,Runeforged Hewn Mask,en
符鍛粗製弓,Runeforged Crude Bow,en
符鍛精妙手套,Runeforged Intricate Gloves,en
符鍛精細長手套,Runeforged Detailed Mitts,en
符鍛精良護腕,Runeforged Fine Bracers,en
符鍛精製護腕,Runeforged Refined Bracers,en
符鍛紋刻法器,Runeforged Engraved Focus,en
符鍛紋章塔盾,Runeforged Heraldric Tower Shield,en
符鍛紗布裹手,Runeforged Gauze Wraps,en
符鍛結實長手套,Runeforged Stocky Mitts,en
符鍛絲克瑪便鞋,Runeforged Sekhema Sandals,en
符鍛絲克瑪紋章盾,Runeforged Sekheman Crest Shield,en
符鍛絲綢便鞋,Runeforged Silk Slippers,en
符鍛絲質之袍,Runeforged Silk Robe,en
符鍛綁帶兜帽,Runeforged Lace Hood,en
符鍛綑綁便鞋,Runeforged Bound Sandals,en
符鍛綑綁腕帶,Runeforged Bound Cuffs,en
符鍛緊縛護腕,Runeforged Bound Bracers,en
符鍛緊繃十字弓,Runeforged Tense Crossbow,en
符鍛緊閉之盔,Runeforged Closed Helm,en
符鍛編織便帽,Runeforged Woven Cap,en
符鍛編織法器,Runeforged Woven Focus,en
符鍛編織者護腿,Runeforged Weaver Leggings,en
符鍛縫合手套,Runeforged Stitched Gloves,en
符鍛縫紉輕鞋,Runeforged Threaded Shoes,en
符鍛總督胸甲,Runeforged Warlord Cuirass,en
符鍛繩索腕帶,Runeforged Rope Cuffs,en
符鍛繫帶長靴,Runeforged Cinched Boots,en
符鍛纏繞便帽,Runeforged Wrapped Cap,en
符鍛纏繞巨盔,Runeforged Wrapped Greathelm,en
符鍛纏繞細杖,Runeforged Wrapped Quarterstaff,en
符鍛纖細之錘,Runeforged Slim Mace,en
符鍛羽毛便鞋,Runeforged Feathered Sandals,en
符鍛羽毛圓盾,Runeforged Feathered Targe,en
符鍛羽毛長手套,Runeforged Feathered Mitts,en
符鍛羽毛長袍,Runeforged Feathered Robe,en
符鍛羽毛頭冠,Runeforged Feathered Tiara,en
符鍛羽絨之衣,Runeforged Feathered Raiment,en
符鍛羽翅長矛,Runeforged Winged Spear,en
符鍛羽飾法器,Runeforged Plumed Focus,en
符鍛翠玉頭冠,Runeforged Jade Tiara,en
符鍛翱翔之面,Runeforged Soaring Mask,en
符鍛翱翔圓盾,Runeforged Soaring Targe,en
符鍛耀金圓盾,Runeforged Golden Targe,en
符鍛耀金鎖甲,Runeforged Golden Mail,en
符鍛老兵鎧靴,Runeforged Veteran Sabatons,en
符鍛聖徒之冠,Runeforged Saintly Crown,en
符鍛聖潔之冠,Runeforged Hallowed Crown,en
符鍛聖潔法器,Runeforged Hallowed Focus,en
符鍛聖禮長袍,Runeforged Sacramental Robe,en
符鍛脊狀輕盾,Runeforged Ridged Buckler,en
符鍛臨時十字弓,Runeforged Makeshift Crossbow,en
符鍛苦行者裝束,Runeforged Ascetic Garb,en
符鍛菁英巨盔,Runeforged Elite Greathelm,en
符鍛華麗脛甲,Runeforged Ornate Greaves,en
符鍛華麗腕帶,Runeforged Ornate Cuffs,en
符鍛華麗輕盾,Runeforged Ornate Buckler,en
符鍛華麗鎧甲,Runeforged Ornate Plate,en
符鍛華麗長手套,Runeforged Ornate Mitts,en
符鍛蕁麻魔符,Runeforged Nettle Talisman,en
符鍛薩滿披肩,Runeforged Shaman Mantle,en
符鍛薩滿護腿,Runeforged Shamanistic Leggings,en
符鍛蛇鱗外套,Runeforged Serpentscale Coat,en
符鍛蛇鱗長靴,Runeforged Serpentscale Boots,en
符鍛蜥蜴鱗外套,Runeforged Lizardscale Coat,en
符鍛蜥蜴鱗長靴,Runeforged Lizardscale Boots,en
符鍛螺旋法器,Runeforged Whorl Focus,en
符鍛行軍之錘,Runeforged Marching Mace,en
符鍛術士護腿,Runeforged Warlock Leggings,en
符鍛衛士之盔,Runeforged Gladiatorial Helm,en
符鍛裝飾裹手,Runeforged Adorned Wraps,en
符鍛裹腳便鞋,Runeforged Wrapped Sandals,en
符鍛裹頭便帽,Runeforged Swathed Cap,en
符鍛襯墊背心,Runeforged Quilted Vest,en
符鍛襯墊護腿,Runeforged Padded Leggings,en
符鍛要塞塔盾,Runeforged Fortress Tower Shield,en
符鍛要塞鎧靴,Runeforged Fortress Sabatons,en
符鍛訓鷹者外衣,Runeforged Falconer's Jacket,en
符鍛警惕之盔,Runeforged Guarded Helm,en
符鍛護符輕鞋,Runeforged Charmed Shoes,en
符鍛護臉之面,Runeforged Face Mask,en
符鍛變形魔符,Runeforged Changeling Talisman,en
符鍛貪婪鎧甲,Runeforged Grasping Mail,en
符鍛走私者外套,Runeforged Smuggler Coat,en
符鍛輕蔑之面,Runeforged Pariah Mask,en
符鍛輝光腕帶,Runeforged Gleaming Cuffs,en
符鍛迅疾潛獵者外套,Runeforged Swiftstalker Coat,en
符鍛追獵者外套,Runeforged Pathfinder Coat,en
符鍛追隨者腕帶,Runeforged Adherent Cuffs,en
符鍛速行輕鞋,Runeforged Quickslip Shoes,en
符鍛連身鎧甲,Runeforged Full Plate,en
符鍛遊歷者外衣,Runeforged Itinerant Jacket,en
符鍛遠古腕帶,Runeforged Ancient Cuffs,en
符鍛遠古輕盾,Runeforged Ancient Buckler,en
符鍛遠古長手套,Runeforged Ancient Mitts,en
符鍛遮蓋鎧靴,Runeforged Covered Sabatons,en
符鍛遮蔽鎖甲,Runeforged Shrouded Mail,en
符鍛還願之衣,Runeforged Votive Raiment,en
符鍛邊緣之盔,Runeforged Brimmed Helm,en
符鍛部下紋章盾,Runeforged Dekharan Crest Shield,en
符鍛部落之面,Runeforged Tribal Mask,en
符鍛酋長胸甲,Runeforged Chieftain Cuirass,en
符鍛重型鎧甲,Runeforged Heavy Plate,en
符鍛金鑄腕帶,Runeforged Goldcast Cuffs,en
符鍛鈍釘木棒,Runeforged Spiked Club,en
符鍛鉚接長手套,Runeforged Riveted Mitts,en
符鍛鉤刺護腕,Runeforged Barbed Bracers,en
符鍛鉤刺長矛,Runeforged Barbed Spear,en
符鍛鋼尖細杖,Runeforged Steelpoint Quarterstaff,en
符鍛鋼尖輕鞋,Runeforged Steelpoint Shoes,en
符鍛鋼板輕盾,Runeforged Plated Buckler,en
符鍛鋼鎖護手,Runeforged Steelmail Gauntlets,en
符鍛錯綜紋章盾,Runeforged Intricate Crest Shield,en
符鍛鍍金頭環,Runeforged Vermeil Circlet,en
符鍛鍛造重錘,Runeforged Forge Maul,en
符鍛鍛鐵之冠,Runeforged Iron Crown,en
符鍛鍛鐵胸甲,Runeforged Iron Cuirass,en
符鍛鍛鐵輕盾,Runeforged Iron Buckler,en
符鍛鎖甲法衣,Runeforged Mail Vestments,en
符鍛鎖甲鎧靴,Runeforged Mail Sabatons,en
符鍛鎖鍊鎖甲,Runeforged Chain Mail,en
符鍛鎖鍊頭冠,Runeforged Chain Tiara,en
符鍛鎧甲法衣,Runeforged Plated Vestments,en
符鍛鎧甲護手,Runeforged Plate Gauntlets,en
符鍛鏽蝕巨盔,Runeforged Rusted Greathelm,en
符鍛鐵木長矛,Runeforged Ironhead Spear,en
符鍛鐵甲法衣,Runeforged Ironclad Vestments,en
符鍛鐵趾長靴,Runeforged Steeltoe Boots,en
符鍛鐵鍛脛甲,Runeforged Iron Greaves,en
符鍛鑄模長手套,Runeforged Moulded Mitts,en
符鍛鑲邊脛甲,Runeforged Trimmed Greaves,en
符鍛鑲釘圓盾,Runeforged Studded Targe,en
符鍛鑲釘巨棍棒,Runeforged Studded Greatclub,en
符鍛鑲釘背心,Runeforged Studded Vest,en
符鍛鑲釘長靴,Runeforged Studded Boots,en
符鍛鑿刻圓盾,Runeforged Chiseled Targe,en
符鍛閃耀長靴,Runeforged Flared Boots,en
符鍛開拓者護甲,Runeforged Trailblazer Armour,en
符鍛陣列法器,Runeforged Arrayed Focus,en
符鍛陳舊腕帶,Runeforged Aged Cuffs,en
符鍛障壁塔盾,Runeforged Barricade Tower Shield,en
符鍛隱匿之面,Runeforged Veiled Mask,en
符鍛隱士裝束,Runeforged Hermit Garb,en
符鍛隱祕之冠,Runeforged Cryptic Crown,en
符鍛隱祕護腿,Runeforged Cryptic Leggings,en
符鍛隱秘之盔,Runeforged Cryptic Helm,en
符鍛隱者裝束,Runeforged Anchorite Garb,en
符鍛雕刻圓盾,Runeforged Carved Targe,en
符鍛雕刻脛甲,Runeforged Carved Greaves,en
符鍛雕心者披肩,Runeforged Heartcarver Mantle,en
符鍛雙層護手,Runeforged Doubled Gauntlets,en
符鍛雙弦弓,Runeforged Dualstring Bow,en
符鍛雙生十字弓,Runeforged Dyad Crossbow,en
符鍛靈像塔盾,Runeforged Effigial Tower Shield,en
符鍛靈語者裝束,Runeforged Hatungo Garb,en
符鍛靈鹿法器,Runeforged Antler Focus,en
符鍛青銅脛甲,Runeforged Bronze Greaves,en
符鍛音調法器,Runeforged Tonal Focus,en
符鍛響聲紋章盾,Runeforged Jingling Crest Shield,en
符鍛響聲輕盾,Runeforged Jingling Buckler,en
符鍛預兆紋章盾,Runeforged Omen Crest Shield,en
符鍛領主鎖甲,Runeforged Thane Mail,en
符鍛風帽之面,Runeforged Hooded Mask,en
符鍛飛羽之面,Runeforged Avian Mask,en
符鍛飛羽圓盾,Runeforged Avian Targe,en
符鍛飼鷹者外衣,Runeforged Hawker's Jacket,en
符鍛飾帶長靴,Runeforged Laced Boots,en
符鍛馬拉克斯胸甲,Runeforged Maraketh Cuirass,en
符鍛騎兵長靴,Runeforged Cavalry Boots,en
符鍛騎士護甲,Runeforged Knight Armour,en
符鍛騎士長手套,Runeforged Knightly Mitts,en
符鍛骸骨之衣,Runeforged Bone Raiment,en
符鍛高貴塔盾,Runeforged Noble Tower Shield,en
符鍛高貴巨盔,Runeforged Noble Greathelm,en
符鍛高貴鎧靴,Runeforged Noble Sabatons,en
符鍛魂骨之冠,Runeforged Spiritbone Crown,en
符鍛鱗片鎖甲,Runeforged Scale Mail,en
符鍛麂皮護腕,Runeforged Suede Bracers,en
符鍛麻布裹手,Runeforged Linen Wraps,en
符鍛麻木巨錘,Runeforged Leaden Greathammer,en
符鍛黃金塔盾,Runeforged Goldworked Tower Shield,en
符鍛黃金手套,Runeforged Gold Gloves,en
符鍛黃金頭環,Runeforged Gold Circlet,en
符鍛龍膚長靴,Runeforged Drakeskin Boots,en
符鍛龍鱗外套,Runeforged Wyrmscale Coat,en
符鍛龍鱗長靴,Runeforged Dragonscale Boots,en
笨重猛击,Hulking Smash,en
笨重魔符,Lumbering Talisman,en
第 1 章,Act 1,en
第 2 章,Act 2,en
第 3 章,Act 3,en
第一族面前畏懼,Cower Before the First Ones,en
第一次接触,First Approach,en
第一災厄碎片,Primary Calamity Fragment,en
第三戒律,The Third Edict,en
第三災厄碎片,Tertiary Calamity Fragment,en
第二災厄碎片,Secondary Calamity Fragment,en
第四教义,The Fourth Teaching,en
第四教誨,The Fourth Teaching,en
第四章,Act 4,en
笼葱海岛,Lush Isle,en
策匠石,Architect's Orb,en
简朴束衣,Austere Garb,en
箭矢大師,Master Fletching,en
箭袋,Quivers,en
箭雨,Rain of Arrows,en
範圍效果,AoE,en
範圍效果技能,Area of Effect Skills,en
篡式者,Stylebender,en
簡易匕首,Simple Dagger,en
籠罩背心,Shrouded Vest,en
米卡塔，再塑者,"Micata, the Remade",en
米立斯之妻,Myris Uxor,en
粉碎,Shatter,en
粉碎之力,Shredding Force,en
粉碎之掌,Shattering Palm,en
粉碎之擊,Breaking Blows,en
粉碎冲击,Crushing Impacts,en
粉碎審判,Crushing Judgement,en
粉碎巨力,Shredding Force,en
粉碎強擊,Shattering Blow,en
粉碎恍惚,Shattering Daze,en
粉碎恐懼,Crushing Terror,en
粉碎我的敵人……,Sunder my Enemies...,en
粉碎打击,Crushing Blows,en
粉碎护甲,Breaks Armour,en
粉碎混合物,Shattering Concoction,en
粉碎目眩,Shattering Daze,en
粉碎装置,Shredding Contraptions,en
粉碎重擊,Crushing Blows,en
粗俗手段,Vulgar Methods,en
粗制弓,Crude Bow,en
粗制胫甲,Rough Greaves,en
粗劣砍斧,Profane Cleaver,en
粗壮战弩,Stout Crossbow,en
粗实血脉,Thickened Arteries,en
粗砺甲壳,Rough Carapace,en
粗糙甲殼,Rough Carapace,en
粗糙胸甲,Rugged Cuirass,en
粗糙脛甲,Rough Greaves,en
粗製之面,Hewn Mask,en
精准,Accurate,en
精准 I,Precision I,en
精准 II,Precision II,en
精准之力,Unerring Power,en
精准冲击,Unerring Impact,en
精准增强 I,Heightened Accuracy I,en
精准增强 II,Heightened Accuracy II,en
精准打击,Strike True,en
精准暴击,Pinpoint Critical,en
精准破坏,Controlled Destruction,en
精准齐射,Precision Salvo,en
精制护腕,Refined Bracers,en
精力充沛,Full of Vigor,en
精华,Essence,en
精华吸取,Essence Drain,en
精华探源,Essence Dowsing,en
精华收割器,Essentia Sanguis,en
精华灌注,Essence Infusion,en
精华转移,Essence Transference,en
精妙手套,Intricate Gloves,en
精妙符印,Intricate Sigils,en
精工护手,Detailed Mitts,en
精工护腕,Fine Bracers,en
精工箭袋,Primed Quiver,en
精巧法印,Intricate Sigils,en
精巧纹章盾,Intricate Crest Shield,en
精标长矛,Striking Spear,en
精準力量,Unerring Power,en
精準匕首,Perfectly Placed Knife,en
精準攻擊,Precise Point,en
精準果斷,Determined Precision,en
精炼乌尔尼多催化剂,Refined Uul-Netol's Catalyst,en
精炼嘶语催化剂,Refined Sibilant Catalyst,en
精炼夏乌拉催化剂,Refined Chayula's Catalyst,en
精炼应变催化剂,Refined Adaptive Catalyst,en
精炼托沃催化剂,Refined Tul's Catalyst,en
精炼握持,Refined Grip,en
精炼甲壳催化剂,Refined Carapace Catalyst,en
精炼神经催化剂,Refined Neural Catalyst,en
精炼索伏催化剂,Refined Xoph's Catalyst,en
精炼组织,Refined Tissue,en
精炼腐化催化剂,Refined Necrotic Catalyst,en
精炼艾许催化剂,Refined Esh's Catalyst,en
精炼血肉催化剂,Refined Flesh Catalyst,en
精炼袭击催化剂,Refined Reaver Catalyst,en
精炼裂隙戒指,Refined Breach Ring,en
精炼飞掠催化剂,Refined Skittering Catalyst,en
精煉之握,Refined Grip,en
精确咒祈,Precise Invocations,en
精确无常,Precise Volatility,en
精确瞄准,Careful Aim,en
精确要点,Precise Point,en
精確射擊,Pinpoint Shot,en
精確易爆,Precise Volatility,en
精確暴擊,Pinpoint Critical,en
精確祈願,Precise Invocations,en
精神錯亂,Derange,en
精算投資,Calculated Investment,en
精算獵者,Calculated Hunter,en
精索连枷,Chain Flail,en
精細長手套,Detailed Mitts,en
精纺护腕,Spined Bracers,en
精美背心,Exquisite Vest,en
精致手套,Intricate Gloves,en
精致腰带,Fine Belt,en
精致设计,Exquisite Design,en
精良对手,Well-equipped Opponents,en
精良腰帶,Fine Belt,en
精良護腕,Fine Bracers,en
精製嘶鳴催化劑,Refined Sibilant Catalyst,en
精製夏烏拉的催化劑,Refined Chayula's Catalyst,en
精製托沃的催化劑,Refined Tul's Catalyst,en
精製掠奪催化劑,Refined Reaver Catalyst,en
精製死靈催化劑,Refined Necrotic Catalyst,en
精製烏爾尼多的催化劑,Refined Uul-Netol's Catalyst,en
精製甲殼催化劑,Refined Carapace Catalyst,en
精製神經催化劑,Refined Neural Catalyst,en
精製索伏的催化劑,Refined Xoph's Catalyst,en
精製艾許的催化劑,Refined Esh's Catalyst,en
精製血肉催化劑,Refined Flesh Catalyst,en
精製裂痕戒指,Refined Breach Ring,en
精製適性催化劑,Refined Adaptive Catalyst,en
精製飛掠催化劑,Refined Skittering Catalyst,en
精进对抗,Escalating Rivalry,en
精锐巨盔,Elite Greathelm,en
精髓,Essence,en
精髓倉庫頁,Essence Stash Tab,en
精髓探測,Essence Dowsing,en
精髓收割,Essence Harvest,en
精髓灌注,Essence Infusion,en
精髓移轉,Essence Transference,en
精魂,Spirit,en
精魂寶石,Uncut Spirit Gem,en
糜爛之觸,Wasting Touch,en
系統改變,System Changes,en
紀律訓練,Disciplined Training,en
紅刃紀律,Redblade Discipline,en
紅寶石,Ruby,en
紅日之冕,Corona of the Red Sun,en
紅焰導體,Redflare Conduit,en
紅玉之遺,Legacy of Ruby,en
紅玉護符,Ruby Charm,en
紋刻之盔,Engraved Helm,en
紋刻十字弓,Engraved Crossbow,en
紋刻小刀,Engraved Knife,en
紋刻法器,Engraved Focus,en
紋刻紋章盾,Engraved Crest Shield,en
紋刻護腕,Engraved Bracers,en
紋章塔盾,Heraldric Tower Shield,en
納維拉之井,Navira's Well,en
納維拉的分裂,Navira's Fracturing,en
納維拉的巨靈之幣,Barya of Navira,en
納維拉的綠洲,Navira's Oasis,en
納齊爾的審判,Nazir's Judgement,en
純淨反叛,Purity Rebel,en
純淨能量,Pure Energy,en
純然天性,All Natural,en
純粹電能,Pure Power,en
紗布裹手,Gauze Wraps,en
索伏之血,Xoph's Blood,en
索伏催化剂,Xoph's Catalyst,en
索伏的催化劑,Xoph's Catalyst,en
索伏的燃焰,Xoph's Pyre,en
索伏的葬火,Xoph's Pyre,en
索魯德的強權,Thrud's Might,en
紧弦战弩,Tense Crossbow,en
紧急呼喊,Urgent Call,en
紧急图腾 I,Urgent Totems I,en
紧急图腾 II,Urgent Totems II,en
紧急图腾 III,Urgent Totems III,en
紧急时刻,Time of Need,en
紧急装填,Emergency Reload,en
紧绷之躯,Taut Flesh,en
紫晶之遺,Legacy of Amethyst,en
紫晶咒符,Amethyst Charm,en
紫晶戒指,Amethyst Ring,en
紫晶護符,Amethyst Charm,en
紫晶遗产,Legacy of Amethyst,en
紫色夏乌拉之焰,Purple Flame of Chayula,en
細心瞄準,Careful Aim,en
細思施法,Considered Casting,en
細杖,Quarterstaves,en
細杖打擊,Quarterstaff Strike,en
終局,Endgame,en
終局混沌試煉,Trial of Chaos,en
終極,Finality,en
終極巨劍,Ultra Greatsword,en
終極彈幕,Final Barrage,en
終極指令,Ultimate Command,en
終止,Cadence,en
終焉烈焰,The Last Flame,en
終結之擊,Finishing Blows,en
結實長手套,Stocky Mitts,en
結晶碎片,Crystalline Shards,en
結晶美德,Essence of Virtue,en
結晶血肉,Crystalline Flesh,en
絕佳機會,Perfect Opportunity,en
絕命十字弓,Construct Crossbow,en
絕壁,Bluff,en
絕對堅毅,Perfected Endurance,en
絕對暴擊,Inevitable Critical Hits,en
絕望保護符文,Warding Rune of Desperation,en
絕望時刻,Desperate Times,en
絕望的同盟,The Desperate Alliance,en
絕滅恨惡,Malice,en
絕緣步伐,Insulated Treads,en
絕緣獸皮,Insulating Hide,en
統御,Dominion,en
統治者增益效果,Archon Buff,en
統領魔符,Alpha Talisman,en
絲克瑪試煉,Trial of the Sekhemas,en
絲絨輕鞋,Velour Shoes,en
絲綢之沙,Sands of Silk,en
綁帶兜帽,Lace Hood,en
綑綁便鞋,Bound Sandals,en
綑綁腕帶,Bound Cuffs,en
綑綁護腿,Bound Leggings,en
綑綁長靴,Bound Boots,en
經久之怒,Prolonged Fury,en
經久技能,Sustained Skills,en
經久耐用,Made to Last,en
經驗嚴重不足,Sever Inexperience,en
綠寶石,Emerald,en
綠寶石戒指,Emerald Ring,en
維生之戒,Vitalic Ring,en
維納利斯之障,Barrier of Venarius,en
維里西姆,Verisium,en
維里西姆守望,Verisium Sentry,en
維里西姆強化,Powered by Verisium,en
維里西姆灌注,Verisium Infusion,en
維里西姆遺物,Verisium Remnant,en
維里西姆顯化,Verisium Manifestations,en
綺夢,Reverie,en
緊急呼喚,Urgent Call,en
緊扼傷口,Grasping Wounds,en
緊縛護腕,Bound Bracers,en
緊縮,Constricting,en
緊繃十字弓,Taut Crossbow,en
緊閉之盔,Closed Helm,en
緋紅之力,Crimson Power,en
緋紅攻擊,Crimson Assault,en
緋紅海岸,Crimson Shores,en
緋紅訂製服,Couture of Crimson,en
編織便帽,Woven Cap,en
編織法器,Woven Focus,en
編織者護腿,Weaver Leggings,en
編織腕帶,Braided Cuffs,en
緩和防禦,Tempered Defences,en
緩慢燃燒,Slow Burn,en
緩行之域,Temporal Bubble,en
緩速,Slow,en
緩速幅度詞綴,Slow Magnitude Modifier,en
緩速強度,Slow Potency,en
緩速抵抗,Slow Resistant,en
縛舌,Tangletongue,en
縫紉之光,Threaded Light,en
縫紉輕鞋,Threaded Shoes,en
縫魔,Demon Stitcher,en
縮短持續時間 I,Compressed Duration I,en
縮短持續時間 II,Compressed Duration II,en
縱橫劈斬,Cross Slash,en
縱火者,Arsonist,en
總督碑牌,Overseer Tablet,en
總督胸甲,Warlord Cuirass,en
總督軍暴徒,Warlord Berserker,en
總督軍領袖,Warlord Leader,en
繁榮之水,Thriving Waters,en
繁育计划,Breeding Program,en
繁茂溫室,Greenhouse,en
繁荣水域,Thriving Waters,en
繃緊肌肉,Taut Flesh,en
繩索腕帶,Rope Cuffs,en
繪就財寶,Drawn to Riches,en
繫帶長靴,Cinched Boots,en
纏繞,Entangle,en
纏繞便帽,Wrapped Cap,en
纏繞巨盔,Wrapped Greathelm,en
纏繞箭袋,Wrapped Quiver,en
纏繞細杖,Wrapped Quarterstaff,en
纖細之錘,Slim Mace,en
纖細鏈錘,Slender Flail,en
纠缠,Entangle,en
纠缠之舌,Tangletongue,en
纠缠实相,Entwined Realities,en
红刃旗帜,Redblade Banner,en
红玉,Ruby,en
红玉咒符,Ruby Charm,en
红玉戒指,Ruby Ring,en
红玉遗产,Legacy of Ruby,en
红色夏乌拉之焰,Red Flames of Chayula,en
纪律,Discipline,en
纪念庭园,Epitaph,en
纪念碑,The Monument,en
纯净乐园,Untainted Paradise,en
纯粹力量,Pure Power,en
纯粹情感,Pure Emotions,en
纯粹残暴,Unfiltered Brutality,en
纯粹混沌,Pure Chaos,en
纯粹能量,Pure Energy,en
纯粹自然,All Natural,en
纳吉尔的审判,Nazir's Judgement,en
纳薇拉之井,Navira's Well,en
纳薇拉之巴雅,Barya of Navira,en
纳薇拉之绿洲,Navira's Oasis,en
纳薇拉之裂,Navira's Fracturing,en
纳薇拉，终末幻影,"Navira, the Last Mirage",en
纵火犯,Pyromancer,en
纵火狂,Arsonist,en
纷争之镐,Strife Pick,en
纹章,Medallions,en
线缝便鞋,Threaded Shoes,en
细枝头冠,Twig Circlet,en
细柄钉锤,Slim Mace,en
细细品味,Savouring,en
细麻布裹手,Cambric Wraps,en
织履绑腿,Weaver Leggings,en
织造法器,Woven Focus,en
终末之火,The Last Flame,en
终末行军,Deathmarch,en
终极生命药剂,Ultimate Life Flask,en
终极魔力药剂,Ultimate Mana Flask,en
终生的好友,Lifelong Friend,en
终结,Culling Strike,en
终结 I,Culling Strike I,en
终结 II,Culling Strike II,en
终结弱者,Cull The Weak,en
终结弹幕,Final Barrage,en
终结掌,Killing Palm,en
经久不衰,Made to Last,en
绑定词缀,Bonded Modifiers,en
绒皮护腕,Suede Bracers,en
结晶之躯,Crystalline Flesh,en
结晶抗性,Crystalline Resistance,en
结晶护命匣,Crystalline Phylactery,en
结晶腐化,Crystallised Corruption,en
结界仆从,Wardbound Minions,en
结界符文,Ward Rune,en
结魂之环,Heartbound Loop,en
给我学着点,Watch How I Do It,en
绝命之噬,Her Final Bite,en
绝命追击,Finishing Blows,en
绝境同盟,The Desperate Alliance,en
绝处逢生,Desperate Times,en
绝妙之刃,Perfectly Placed Knife,en
绝对抗性,Uncapped Resistance,en
绝无慈悲,No Mercy,en
绝望,Despair,en
绝望中的希望,Hope in Despair,en
绝望深渊,Abyssal Depths,en
绝杀打击,Final Strike,en
绝热防护,Heatproofing,en
绝缘精华,Essence of Insulation,en
绝能步伐,Insulated Treads,en
统帅利剑,Commander Sword,en
统御万象,Encompassing Domain,en
统御兽群,Among the Hordes,en
统御指令,Domineering Commands,en
继承力量,Inherited Strength,en
绳索袖带,Rope Cuffs,en
维度弱点,Dimensional Weakspot,en
维纳尔，霜祸,"Veynar, the Frostbane",en
维纳留斯壁垒,Barrier of Venarius,en
维里迪的牺牲,Viridi's Sacrifice,en
维金,Verisium,en
维金供能,Powered by Verisium,en
维金化形,Verisium Manifestations,en
维金残片,Verisium Remnant,en
维金灌注,Verisium Infusion,en
绵延不绝,Forthcoming,en
绵延吟唱,Ongoing Chants,en
绷带裹手,Bandage Wraps,en
绷紧战弩,Taut Crossbow,en
绽放符文,Rune of the Blossom,en
缓慢灼烧,Slow Burn,en
缓速,Hinder,en
缓速光环,Hinder Aura,en
缓速藤蔓,Grasping Vines,en
编织帽,Woven Cap,en
编织袖带,Braided Cuffs,en
缚链之针,Chainsting,en
缚革护腕,Bound Bracers,en
缚革绑腿,Bound Leggings,en
缚革袖带,Bound Cuffs,en
缚革长靴,Bound Boots,en
缚革鞋履,Bound Sandals,en
缝合恶魔面罩,Mask of the Stitched Demon,en
缝合手套,Stitched Gloves,en
缠丝帽,Swathed Cap,en
缴械,Disarmed,en
缺血,Anaemia,en
罕见联盟,Uncommon Alliances,en
罗瑞塔的破片,Splinter of Lorrata,en
罗米拉的报复,Romira's Requital,en
罪孽权杖,Rattling Sceptre,en
罪恶枷锁词缀,Archnemesis Mods,en
罪恶的偏执,Intolerance of Sin,en
罪灰裂隙,Sinter Rift,en
罪罚拖绳,Keelhaul,en
羁绊,Link,en
羁绊技能,Link Skills,en
羁绊精准,Bonded Precision,en
羈絆符文,Bond Rune,en
羊毛便帽,Wool Cap,en
羊毛帽,Wool Cap,en
美德壁垒,Virtuous Barrier,en
美德手术,Virtue Gem Surgery,en
美德精华,Essence of Virtue,en
群体亢奋,Mass Hysteria,en
群凶毕至,Deadly Swarm,en
群山之息,Breath of the Mountains,en
群山的精华,Essence of the Mountain,en
群星召唤,The Stars Answer,en
群星回應,The Stars Answer,en
群星罗列,Stars Aligned,en
群落,Pack,en
群集復甦,Replenishing Horde,en
群集聚落,Swarm,en
群體癲狂,Mass Hysteria,en
群魔殿,The Pandemonius,en
義許塔魔偶,Idol of Eeshta,en
羽毛便鞋,Feathered Sandals,en
羽毛圓盾,Feathered Targe,en
羽毛堡壘,Feathered Fortress,en
羽毛瘟疫．切札,"Chetza, the Feathered Plague",en
羽毛箭羽,Feathered Fletching,en
羽毛長手套,Feathered Mitts,en
羽毛長袍,Feathered Robe,en
羽毛頭冠,Feathered Tiara,en
羽絨之衣,Feathered Raiment,en
羽翅長矛,Winged Spear,en
羽蛇之带,Quatl's Molt,en
羽飾法器,Plumed Focus,en
羽饰之衣,Feathered Raiment,en
羽饰冠冕,Feathered Tiara,en
羽饰圆盾,Feathered Targe,en
羽饰护手,Feathered Mitts,en
羽饰长袍,Feathered Robe,en
羽饰鞋履,Feathered Sandals,en
翅翼猛襲,Wing Blast,en
翔天敕令,Decree of Flight,en
翔鷹魔偶,Hawk Idol,en
翠玉,Jade,en
翠玉之遺,Legacy of Jade,en
翠玉冠冕,Jade Tiara,en
翠玉战棒,Jade Club,en
翠玉护身符,Jade Amulet,en
翠玉群島,The Jade Isles,en
翠玉頭冠,Jade Tiara,en
翠玉魔符,Jade Talisman,en
翠绿生长,Verdant Growth,en
翠绿荒林,The Viridian Wildwood,en
翡翠,Emerald,en
翡翠戒指,Emerald Ring,en
翡翠魔符,Jade Talisman,en
翱翔之面,Soaring Mask,en
翱翔圆盾,Soaring Targe,en
翱翔战矛,Soaring Spear,en
翱翔長矛,Flying Spear,en
翱翔面具,Soaring Mask,en
翻滾,Dodge Roll,en
翻滾突擊,Roll and Strike,en
翻騰,Roil,en
翻騰重擊,Rolling Slam,en
耀焰之锤,Flared Mace,en
耀金圆盾,Golden Targe,en
耀金鎖甲,Golden Mail,en
老兵战靴,Veteran Sabatons,en
老兵鎧靴,Veteran Sabatons,en
考古價值,Archaeological Interest,en
考古兴趣,Archaeological Interest,en
耐久,Durability,en
耐久度,Durability,en
耐久药剂,Enduring Elixirs,en
耐久靈藥,Enduring Elixirs,en
耐力,Endurance,en
耐力信念,Enduring Faith,en
耐力渴求,Thirst for Endurance,en
耐力饥渴,Thirst for Endurance,en
耐心奉獻,Patient Devotion,en
耐心的奉献,Patient Devotion,en
耐火长杖,Pyrophyte Staff,en
耗盡全能,Exhaust All Power,en
耸立坚盾,Towering Shield,en
联排之弓,Adherent Bow,en
联排绑腿,Adherent Leggings,en
聖光哀痛,Radiant Grief,en
聖化,Become Hollow,en
聖化之兆,Omen of Sanctification,en
聖徒之冠,Saintly Crown,en
聖徽,Medallions,en
聖所,Sanctuary,en
聖母殿,The Matriarch Halls,en
聖潔,Hallowed,en
聖潔一統,Sacred Unity,en
聖潔之冠,Hallowed Crown,en
聖潔樹液,Sacred Sap,en
聖潔法器,Hallowed Focus,en
聖潔面具,The Hollow Mask,en
聖物,Relics,en
聖祖殿,The Patriarch Halls,en
聖禮箭袋,Sacral Quiver,en
聖禮長袍,Sacramental Robe,en
聖經聖物,Tapestry Relic,en
聖綻之花,Sacred Bloom,en
聖賢智慧,Wisdom of the Maji,en
聖賢魔符,Maji Talisman,en
聖騎士,Templar,en
聖騎士法衣,Templar Vestments,en
聚光之石,Grand Spectrum,en
聚焦诅咒,Focused Curse,en
聚能之界,Instability,en
聚集群眾,Gathered Masses,en
聚靈之杖,Fusillade,en
聚风,Gathering Winds,en
聚风雨,Gathering Storm,en
聚魂,Union of Souls,en
聪明的建设,Clever Construction,en
聯合 I,Alignment I,en
聯合 II,Alignment II,en
聯合 III,Alignment III,en
聲音賦予,Vocal Empowerment,en
肃穆巨锤,Solemn Maul,en
肃穆手套,Sombre Gloves,en
肅穆之地,Grimhaven,en
肉塊回收,Meat Recycling,en
肉盾 I,Meat Shield I,en
肉盾 II,Meat Shield II,en
肉身之外,Beyond the Body,en
肉體崇拜,Flesh Worship,en
肉體承受,Flesh Withstands,en
肉體灌注,Imbue the Body,en
肉體符文,Body Rune,en
肉體精髓,Essence of the Body,en
肌力腰带,Sinew Belt,en
肌肉聚合,Muscular Amalgamation,en
肌肉融合,Muscular Amalgamation,en
肖佩克的力量灵核,Xopec's Soul Core of Power,en
肖佩克的灵核,Soul Core of Xopec,en
肖佩克的纹章,Xopec's Medallion,en
肠刺轻盾,Gutspike Buckler,en
肢体改造,Limb Modification,en
育種計畫,Breeding Program,en
肺部破壞,Punctured Lung,en
肺部穿刺,Punctured Lung,en
肿胀,Engorged,en
肿胀虫巢,Swelling Hives,en
胆魄,Valour,en
背信弃义,Perfidy,en
背信忘義,Perfidy,en
背刺,Backstabbing,en
背水一战,Last Stand,en
胎贈,Wombgifts,en
胜利的命运,Victorious Fate,en
胜者桂冠,Crown of the Victor,en
胶粘榴弹 I,Adhesive Grenades I,en
胶粘榴弹 II,Adhesive Grenades II,en
胶粘榴弹 III,Adhesive Grenades III,en
胸甲,Body Armours,en
能力,Attributes,en
能力總量,Stat Totals,en
能力轉換,Stat Conversion,en
能流研究,Energy Flow Studies,en
能量之学,Energy Flow Studies,en
能量保存,Energy Retention,en
能量保留,Energy Retention,en
能量傳導,Power Conduction,en
能量充沛,Energise,en
能量屏障,Energy Barrier,en
能量投入,Investing Energies,en
能量护盾,Energy Shield,en
能量护盾偷取,Energy Shield Leech,en
能量护盾充能,Energy Shield Recharge,en
能量护盾充能启动速度加快,Faster Start of Energy Shield Recharge,en
能量护盾充能速度,Energy Shield Recharge Rate,en
能量护盾光环,Energy Shield Aura,en
能量爆发,Burst of Energy,en
能量爆湧,Burst of Energy,en
能量球,Charges,en
能量球增強,Heightened Charges,en
能量球激增 I,Charge Profusion I,en
能量球激增 II,Charge Profusion II,en
能量球调节,Charge Regulation,en
能量电容,Energy Capacitor,en
能量護盾保護魔力,Energy Shield Protecting Mana,en
能量護盾充能率,Energy Shield Recharge Rate,en
能量護盾更快開始充能,Faster Start of Energy Shield Recharge,en
能量辐照,Irradiated,en
能量辐照石板,Irradiated Tablet,en
能量连接,Conduit,en
能量連結,Conduit,en
能量重聚,Refocus,en
脆弱,Vulnerability,en
脆弱护甲,Brittle Armour,en
脆弱的珍宝,Feeling Lucky?,en
脆弱的诗文,Rondel of Fragility,en
脆弱瞬间,Moment of Vulnerability,en
脈絡針刺,Venopuncture,en
脊狀輕盾,Ridged Buckler,en
脑乱者,Brain Rattler,en
脑乱者之遗产,Legacy of Brain Rattler,en
脑部冻结,Brain Freeze,en
脫離戰鬥,Disengage,en
脱敏,Desensitisation,en
脱落沟壑,Sloughed Gully,en
脱骨者,Boneshedder,en
腎上腺素,Adrenaline Rush,en
腐化,Corruption,en
腐化之兆,Omen of Corruption,en
腐化之心,Heart of Corruption,en
腐化之血,Corrupted Blood,en
腐化之魂,Corrupted Soul,en
腐化催化剂,Necrotic Catalyst,en
腐化变异,Corrupted Mutations,en
腐化地面,Desecrated Ground,en
腐化尖碑,Obelisk of Corruption,en
腐化幻象,Corrupted Vision,en
腐化怪物,Corrupted Monsters,en
腐化战吼 I,Corrupting Cry I,en
腐化战吼 II,Corrupting Cry II,en
腐化执行者,Affliction Enforcer,en
腐化晶格,Corrupted Lattices,en
腐化枢纽,Corrupted Nexus,en
腐化永存,Corruption Endures,en
腐化物品,Corrupted Items,en
腐化生命力,Corrupted Lifeforce,en
腐化的灵魂,Corrupted Soul,en
腐化石碑,Obelisk of Corruption,en
腐化突變,Corrupted Mutations,en
腐化耐力,Corruption Endures,en
腐化聖域,Corrupted Nexus,en
腐化融合體,Coalesced Corruption,en
腐化視界,Corrupted Vision,en
腐化解脫,Freed From Corruption,en
腐化頭目,Corrupted Boss,en
腐化预兆,Omen of Corruption,en
腐化首领,Corrupted Boss,en
腐尸恶臭,Stench of Carrion,en
腐屍之臭,Stench of Carrion,en
腐敗之兆,Omen of Putrefaction,en
腐敗巨狼．吉恩諾,"Geonor, the Putrid Wolf",en
腐敗枯骨,Rotting Bones,en
腐敗獸群．貝伊拉,Beira of the Rotten Pack,en
腐敗的德魯伊,The Rotten Druid,en
腐朽之远古符文,Ancient Rune of Decay,en
腐朽咒術,Decaying Hex,en
腐朽死地,Decay,en
腐朽迸发,Bursting Decay,en
腐烂兜帽,Rotted Hood,en
腐烂的德鲁伊,The Rotten Druid,en
腐烂肉身,Necrotised Flesh,en
腐烂预兆,Omen of Putrefaction,en
腐烂骸骨,Rotting Bones,en
腐肉呼喚,Carrion Call,en
腐蚀,Corrosion,en
腐蚀巨盔,Corroded Greathelm,en
腐蚀锁链,Eroding Chains,en
腐蝕,Decay,en
腐蝕長劍,Corroded Longsword,en
腐败兽群的贝拉,Beira of the Rotten Pack,en
腥紅堅毅,Sanguine Tolerance,en
腥紅外衣,Coat of Red,en
腥紅狂歡,Sanguine Revelry,en
腥红之力,Crimson Power,en
腫脹巢穴,Swelling Hives,en
腰带,Belts,en
腰带孕育槽位,Belt Womb,en
腰帶母胎,Belt Womb,en
腰閥,Waistgate,en
腰际之门,Waistgate,en
腳踏實地,Grounded in the Earth,en
腾蛇之怒,Wind Serpent's Fury,en
腾飞之地,Soaring Ground,en
腾龙节杖,Wyrm Quarterstaff,en
膜拜神殿,Shrine Worship,en
膨脹者．默塔格,"Murtagh, the Engorged",en
膽量,Guts,en
臨時十字弓,Makeshift Crossbow,en
臨界纏繞,Liminal Coil,en
臨界點,Breaking Point,en
臨終恐息,Last Gasp,en
臨終悲歌,The Last Lament,en
自制禁欲,Self Mortification,en
自动装填,Auto Reload,en
自我犧牲,Self Sacrificing,en
自我献祭,Self Immolation,en
自我苦行,Self Mortification,en
自焚,Self Immolation,en
自然之力,Forces of Nature,en
自然之咬,Nature's Bite,en
自然之噬,Nature's Bite,en
自然免疫,Natural Immunity,en
自然执政官,Nature's Archon,en
自然生成的怪物,Naturally Spawning Monsters,en
自然秩序,The Natural Order,en
自然精力,Natural Energies,en
自然統治者,Nature's Archon,en
自然编织,Natural Weaving,en
自然能量,Natural Energies,en
自由代價,Price of Freedom,en
自由的价码,Price of Freedom,en
至誠保衛者,Devoted Protector,en
至高代價,The Greatest Cost,en
至高奉献,Utmost Offering,en
至高预兆,Omen of the Sovereign,en
至高．炫耀,Supreme Ostentation,en
至高．自我,Supreme Ego,en
至高．譁眾,Supreme Grandstanding,en
至高．頹廢,Supreme Decadence,en
致命一擊,Deathblow,en
致命之息,Volatile Dead,en
致命之捷,Deadly Herald,en
致命之運,Deadly Fate,en
致命先驅,Deadly Herald,en
致命决心,Deadly Resolve,en
致命利用,Critical Exploit,en
致命剑花,Deadly Flourish,en
致命变体,Lethal Variants,en
致命咒祈,Deadly Invocations,en
致命地圖頭目,Deadly Map Boss,en
致命抽取,The Lethal Draw,en
致命武力,Deadly Force,en
致命毒素 I,Deadly Poison I,en
致命毒素 II,Deadly Poison II,en
致命毒藥 I,Deadly Poison I,en
致命毒藥 II,Deadly Poison II,en
致命祈願,Deadly Invocations,en
致命群襲,Deadly Swarm,en
致命荆棘,Deadly Thorns,en
致命華舞,Deadly Flourish,en
致命超载,Critical Overload,en
致死決意,Deadly Resolve,en
致残毒素,Crippling Toxins,en
致盲,Blind,en
致盲 I,Blind I,en
致盲 II,Blind II,en
致盲打击,Blinding Strike,en
致盲閃光,Blinding Flash,en
興奮劑,Stimulants,en
舍己为人,Self Sacrificing,en
舍弃血肉,Forgo the Flesh,en
舒尔达纳之雕像,Idol of Thruldana,en
舔舐伤口,Licking Wounds,en
舞動幻影,The Dancing Mirage,en
船拖刑,Keelhaul,en
良质生命药剂,Greater Life Flask,en
良质魔力药剂,Greater Mana Flask,en
艰难之战,No Simple Battles,en
艱辛戰役,No Simple Battles,en
艾丁的獠牙,Edyrn's Tusks,en
艾佐的诗篇,Rondel de Ezo,en
艾佐的诗篇之遗产,Legacy of Rondel de Ezo,en
艾兒薇絲女士,Lady Elswyth,en
艾兹麦历史,History of the Ezomytes,en
艾兹麦回忆,Memories of the Ezomytes,en
艾兹麦巨石碑,The Ezomyte Megaliths,en
艾兹麦的荣光,Ezomyte Peak,en
艾兹麦的荣光之遗产,Legacy of Ezomyte Peak,en
艾利丝钟琴,Ailith's Chimes,en
艾古亞棍棒,Akoyan Club,en
艾古亞長矛,Akoyan Spear,en
艾多尼亞的自負,Adonia's Ego,en
艾尔弗雷,Elevore,en
艾尔弗雷之遗产,Legacy of Elevore,en
艾尔斯威丝女士,Lady Elswyth,en
艾尔瓦拉，狂焰,"Elvara, the Savage Flame",en
艾尼尊的衝鋒,Enezun's Charge,en
艾斯卡巴靈魂核心,Soul Core of Azcapa,en
艾斯祖太之偶,Idol of Estazunti,en
艾斯祖太的康復靈魂核心,Estazunti's Soul Core of Convalescence,en
艾斯祖太聖徽,Estazunti's Medallion,en
艾普的霸权,Apep's Supremacy,en
艾普霸權,Apep's Supremacy,en
艾格林之雕像,Idol of Egrin,en
艾爾卡莉之慾,Arakaali's Lust,en
艾爾卡莉的贈禮,Arakaali's Gift,en
艾特瑪哈的撤退靈魂核心,Atmohua's Soul Core of Retreat,en
艾特瑪哈靈魂核心,Soul Core of Atmohua,en
艾瑞斯凡恩之翼,Aerisvane's Wings,en
艾瑞斯维恩之翼,Aerisvane's Wings,en
艾米兰的兜裙,Apron of Emiran,en
艾米尔之雕像,Idol of Eramir,en
艾米爾魔偶,Idol of Eramir,en
艾芙琳，凋零玫瑰,"Avelyne, the Withered Rose",en
艾茲麥巨石,The Ezomyte Megaliths,en
艾茲麥的歷史,History of the Ezomytes,en
艾茲麥記憶,Memories of the Ezomytes,en
艾許特拉之路,Eshtera's Path,en
艾許的催化劑,Esh's Catalyst,en
艾許的光芒,Esh's Radiance,en
艾許的威能,Esh's Prowess,en
艾许催化剂,Esh's Catalyst,en
艾许的光辉,Esh's Radiance,en
艾许的骁勇,Esh's Prowess,en
艾里絲的管鐘,Ailith's Chimes,en
艾雅面紗,Visage of Ayah,en
节律,Cadence,en
节杖,Quarterstaves,en
节杖打击,Quarterstaff Strike,en
节省弹药 I,Ammo Conservation I,en
节省弹药 II,Ammo Conservation II,en
节省弹药 III,Ammo Conservation III,en
节能施法,Conservative Casting,en
芬多的奇异箱,Ventor's Contraption,en
芬多的裝置,Ventor's Contraption,en
芭卡拉，凋零老妪,"Brakka, the Withered Crone",en
芮勒蓋許魔偶,Idol of Ralakesh,en
花式射擊,Trick Shot,en
花环法器,Wreath Focus,en
花瓶遗物,Vase Relic,en
花豹魔偶,Panther Idol,en
花边兜帽,Lace Hood,en
花边靴,Laced Boots,en
花边鞋履,Laced Sandals,en
花魁蔓南的殘酷符文,Courtesan Mannan's Rune of Cruelty,en
苍凉战弩,Desolate Crossbow,en
苍白幽影之伊索德,Isolde of the White Shroud,en
苍穹裂片,Skysliver,en
苍髯皓首,Greymake,en
苍髯皓首之遗产,Legacy of Greymake,en
苏醒也无法逃离这梦魇。,You can't just wake up from this one.,en
若即若离,Pin and Run,en
苦修束衣,Ascetic Garb,en
苦咸之凶,Brinerot Ferocity,en
苦寒之意,Embitter,en
苦心花,Bitterbloom,en
苦涩之花,Bitterbloom,en
苦涩死亡,Bitter Dead,en
苦澀衰亡,Bitter Dead,en
苦痛,Afflictions,en
苦痛奉献,Pain Offering,en
苦痛灵曲,Pain Attunement,en
苦痛狂乱,Gruelling Madness,en
苦痛血祸,Agonising Calamity,en
苦行之履,Wanderlust,en
苦行之履之遗产,Legacy of Wanderlust,en
苦行者裝束,Ascetic Garb,en
苦难羁绊,Yoke of Suffering,en
苦難之靈．康納爾,"Connal, the Tormented",en
英勇之远古符文,Ancient Rune of Prowess,en
英姿勃发,Personal Touch,en
英武护甲,Heroic Armour,en
英烈之冠,Martyr Crown,en
英雄悲劇,Heroic Tragedy,en
英雄的悲歌,Heroic Tragedy,en
英雄血液,Sanguis Heroum,en
英雄護甲,Heroic Armour,en
范围扩大 I,Magnified Area I,en
范围扩大 II,Magnified Area II,en
范围集中,Concentrated Area,en
范尼達的奮進,Vilenta's Propulsion,en
范德洛思，黑血奴主,"Vandroth, Blackblooded Enslaver",en
茫然无措,Stupefy,en
荆刺之缚,Briarpatch,en
荆刺魔符,Spiny Talisman,en
荆棘,Thorns,en
荆棘之肤,Thornhide,en
荆棘倒刺 I,Barbs I,en
荆棘倒刺 II,Barbs II,en
荆棘倒刺 III,Barbs III,en
荆棘地面,Thorny Ground,en
荆棘皮肤 I,Thornskin I,en
荆棘皮肤 II,Thornskin II,en
荆皮护靴之遗产,Legacy of Briarpatch,en
草原专精,Grass Mastery,en
草原精通,Grass Mastery,en
草根指揮官,Profane Commander,en
草民之擁,Pariah's Embrace,en
草紙聖物,Seal Relic,en
荊棘之皮,Thornhide,en
荊棘之皮 I,Thornskin I,en
荊棘之皮 II,Thornskin II,en
荊棘反擊,Retaliate with Thorns,en
荊棘叢,Briarpatch,en
荊棘懼怪,The Brambleghast,en
荊棘猛擊,Brambleslam,en
荒凉原野法器,Leyline Focus,en
荒凉废土,Deserted,en
荒坟寄主,The Barrow Dweller,en
荒林之赐,Wildwood's Gifts,en
荒林堅毅,Wildwood Persistence,en
荒林妖精,Wildwood Wisp,en
荒林的韧性,Wildwood Persistence,en
荒林禮贈,Wildwood's Gifts,en
荒林鬼灵,Wildwood Wisp,en
荒林魔符,Wildwood Talisman,en
荒漠绿洲,Oasis,en
荒芜之捷,Herald of Plague,en
荒途,Briskwrap,en
荒途之遗产,Legacy of Briskwrap,en
荒野之主,Lord of the Wilds,en
荒野之握,Grip of the Wilds,en
荒野之擁,Embrace of the Wild,en
荒野之豹,The Wild Cat,en
荒野化身,Primal Avatar,en
荒野守護,Wild Protector,en
荒野湧浪咒,Wildsurge Incantation,en
荒野险境,Danger in the Wilds,en
荒野領主,Lord of the Wilds,en
荡魂横扫,Dizzying Sweep,en
荣耀,Glory,en
荣耀期待,Glorious Anticipation,en
荣誉,Honour,en
荣誉抗性,Honour Resistance,en
荨麻魔符,Nettle Talisman,en
药剂,Flasks,en
药草学 I,Herbalism I,en
药草学 II,Herbalism II,en
荷霖蔡的轟鳴,Hayoxi's Fulmination,en
荷霖蔡的隔熱靈魂核心,Hayoxi's Soul Core of Heatproofing,en
荷霖蔡聖徽,Hayoxi's Medallion,en
莉奥娜，凛冬笑语,"Riona, Winter's Cackle",en
莊嚴重錘,Solemn Maul,en
莫丽根的指引,The Mórrigan's Guidance,en
莫丽根的洞察,Mórrigan's Insight,en
莫测产出,Unpredictable Production,en
莫瓦克，炼狱之怒,"Morvak, the Infernal",en
莫甘娜的暴风,Morgana's Tempest,en
莫甘娜，风暴先知,"Morgana, the Storm Seer",en
莫里根的指引,The Mórrigan's Guidance,en
莫里根的洞察,Mórrigan's Insight,en
获得 X 的额外伤害,Damage Gained as extra X,en
获得相当于其他属性的属性,Gaining Stats from other Stats,en
菁英巨盔,Elite Greathelm,en
菈妲的強襲,Ratha's Assault,en
華美密室,Ornate Chambers,en
華貴環甲,Ornate Ringmail,en
華麗之胎贈,Ornate Wombgift,en
華麗之錘,Plated Mace,en
華麗招架,Flashy Parrying,en
華麗腕帶,Ornate Cuffs,en
華麗護手,Ornate Gauntlets,en
華麗鎧甲,Ornate Plate,en
華麗長手套,Ornate Mitts,en
菱纹背心,Quilted Vest,en
菲亚，摇篮哨兵,"Phya, Sentinel of the Cradle",en
菲克斯，火花哨兵,"Phyx, Sentinel of the Spark",en
菲恩絲的流失符文,Fenumus' Rune of Draining,en
菲恩絲的苦痛符文,Fenumus' Rune of Agony,en
菲恩絲的轉動符文,Fenumus' Rune of Spinning,en
萃取,Extraction,en
萃取元素,Extract the Elements,en
萃取石,Orb of Extraction,en
萊基亞塔的流動,Rakiata's Flow,en
萌發 I,Burgeon I,en
萌發 II,Burgeon II,en
萌芽希望,Nascent Hope,en
萎败细柳,The Withered Willow,en
萨奇沃之爪,Saqawal's Talon,en
萨奇沃之皮,Saqawal's Hide,en
萨奇沃的回忆符文,Saqawal's Rune of Memory,en
萨奇沃的指引,Saqawal's Guidance,en
萨奇沃的碎砾符文,Saqawal's Rune of Erosion,en
萨奇沃的苍空符文,Saqawal's Rune of the Sky,en
萨满,Shaman,en
萨满斗篷,Shaman Mantle,en
萨满绑腿,Shamanistic Leggings,en
萨芙琳的决心,Safrin's Resolve,en
萨菲拉，惊魂王妃,"Saphira, The Dread Consort",en
萨费尔的智慧,Saffell's Frame,en
萨里埃尔，冥影幽魂,"Thariel, the Umbral Wraith",en
萬眾歸一,All For One,en
萬眾歸一．烈許,"Xesht, We That Are One",en
萬能雙手,Versatile Arms,en
落刃时刻,The Fall of the Axe,en
葉片沙沙,Rustle of the Leaves,en
著名乡愿,Famous Locals,en
葬歌之声戴娅摩菈,"Diamora, Song of Death",en
葱郁林荫,Woodland,en
蒙福大剑,Blessed Claymore,en
蒙纱之面,Veiled Mask,en
蒙面巨盔,Masked Greathelm,en
蒸氣之泉,Steaming Springs,en
蒸腾清泉,Steaming Springs,en
蒺藜,Caltrops,en
蒺藜之徑,Trail of Caltrops,en
蒼涼十字弓,Desolate Crossbow,en
蒼空,Clear Skies,en
蒼翠生長,Verdant Growth,en
蒼藍項鍊,Azure Amulet,en
蒼雷看守者,Stormkeeper,en
蓄势待发,Hunker Down,en
蓄威神锤,Supercharged Slam,en
蓄潮水潭,Rockpools,en
蓄積毒素,Building Toxins,en
蓄能聚力,Investing Energies,en
蓄電印記,Charged Mark,en
蓊鬱群島,Lush Isle,en
蓝图,Blueprints,en
蓝焰护腕,Blueflame Bracers,en
蓝玉,Sapphire,en
蓝玉咒符,Sapphire Charm,en
蓝玉戒指,Sapphire Ring,en
蓝玉遗产,Legacy of Sapphire,en
蓝礼的锤炼,Renly's Training,en
蓝色夏乌拉之焰,Blue Flames of Chayula,en
蓬勃痕跡,Vigorous Remnants,en
蔓延叢林,Sprawling Jungle,en
蔓延裂縫,Sprawling Rupture,en
蔓延霜寒,Creeping Chill,en
蔓林遗迹,Overgrown,en
蔓生丛林,Sprawling Jungle,en
蔓生晶体,Crystalline Overgrowth,en
蔓生裂隙,Sprawling Rupture,en
蔓生贪婪,Overgrown Greed,en
蔥鬱之域,Overgrown,en
蔽影背心,Shrouded Vest,en
蔽影藏品,Hidden Things in Shaded Places,en
蔽影锁甲,Shrouded Mail,en
薄暮罩袍,Gloamgown,en
薄暮项链,Gloam Amulet,en
薄纱裹手,Gauze Wraps,en
薇伦塔之推进,Vilenta's Propulsion,en
薛斯的圣物厅钥匙,Xesht's Reliquary Key,en
薛斯的狂热,Xesht's Fervour,en
薛斯，万魔一体,"Xesht, We That Are One",en
薛朗的背包,Shavronne's Satchel,en
薩卡沃的指引,Saqawal's Guidance,en
薩弗林的決心,Safrin's Resolve,en
薩摩特的狂暴靈魂核心,Tzamoto's Soul Core of Ferocity,en
薩摩特靈魂核心,Soul Core of Tzamoto,en
薩滿披肩,Shaman Mantle,en
薩滿護腿,Shamanistic Leggings,en
薩雷許的折磨,Ixchel's Torment,en
藍寶石,Sapphire,en
藍玉之遺,Legacy of Sapphire,en
藍玉護符,Sapphire Charm,en
藏寶峽灣,Treasure Coves,en
藏身处,Hideout,en
藏身处：伐木场,Felled Hideout,en
藏身处：农田,Farmlands Hideout,en
藏身处：堂皇大殿,Shrine Hideout,en
藏身处：灰岩洞窟,Limestone Hideout,en
藏身处：监狱,Prison Hideout,en
藏身处：运河,Canal Hideout,en
藏身處：殞落,Felled Hideout,en
藏身處：石灰岩,Limestone Hideout,en
藏身處：神殿,Shrine Hideout,en
藏身處：農地,Farmlands Hideout,en
藏锋,Shankgonne,en
藤缠箭,Vine Arrow,en
藤蔓痛打,Thrashing Vines,en
藤蔓箭矢,Vine Arrow,en
蘿拉塔裂片,Splinter of Lorrata,en
處刑 I,Execute I,en
處刑 II,Execute II,en
處刑 III,Execute III,en
處刑者巨斧,Executioner Greataxe,en
虚化之结界符文,Warding Rune of Hollowing,en
虚无之症,Crux of Nothingness,en
虚空,Void,en
虚空之壳,Hollow Shell,en
虚空之握,Grasp of the Void,en
虚空和鸣,Hollow Resonance,en
虚空哀嚎,Hollow Wailing,en
虚空守护者,The Hollowkeeper,en
虚空幻影,Void Illusion,en
虚空溶剂,Void Flux,en
虚空第一原理,First Principle of the Hollow,en
虚空钟灵,Hollow Focus,en
虚空魅影,Hollow Form,en
虛實交織,Entwined Realities,en
虛幻潛力,Unreal Potential,en
虛弱,Debilitate,en
虛無護身符,Absent Amulet,en
虛空熔劑,Void Flux,en
虛空的第一準則,First Principle of the Hollow,en
虛耗,Wasting,en
號令怒火,Commanding Rage,en
虫巢之血,Hiveblood,en
虹吸,Siphon,en
虹吸元素,Siphon Elements,en
虹吸印记,Mark of Siphoning,en
虹吸印记II,Mark of Siphoning II,en
虹吸打擊,Siphoning Strike,en
虹吸法杖,Siphoning Wand,en
蚀骨寒冰,Flesh to Frost,en
蚀骨烈焰,Flesh to Flames,en
蚀骨闪电,Flesh to Lightning,en
蛇之灵,Spirit Of The Serpent,en
蛇巢,Snakepit,en
蛇木巨錘,Snakewood Greathammer,en
蛇木短弓,Snakewood Shortbow,en
蛇穴,Snakepit,en
蛇纹大锤,Snakewood Greathammer,en
蛇纹短弓,Snakewood Shortbow,en
蛇鳞外套,Serpentscale Coat,en
蛇鳞长靴,Serpentscale Boots,en
蛮力,Brute Strength,en
蛮勇打击 I,Direstrike I,en
蛮勇打击 II,Direstrike II,en
蛮族之力,Barbaric Strength,en
蛮族节杖,Barbarous Quarterstaff,en
蛮牛之灵,Spirit Of The Ox,en
蜃影神射,Mirage Deadeye,en
蜕变石,Orb of Transmutation,en
蜕变石碎片,Transmutation Shard,en
蜕落外皮,Shedding Skin,en
蜘蛛之林,Spider Woods,en
蜘蛛林地,Spider Woods,en
蜘蛛的训诫,Spider's Lesson,en
蜡饰节杖,Waxing Quarterstaff,en
蜥蜴鱗外套,Lizardscale Coat,en
蜥蜴鱗長靴,Lizardscale Boots,en
蜥鳞外套,Lizardscale Coat,en
蜥鳞靴,Lizardscale Boots,en
蝮吻,Snakebite,en
蝮蛇之魂,Spirit Of The Serpent,en
蝮蛇魔偶,Snake Idol,en
蝰蛇娜帕齐,Viper Napuatzi,en
融冰咒符,Thawing Charm,en
融化烈焰,Melting Flames,en
融合,Merging,en
融解漩渦,Melting Maelstrom,en
螺旋之弦,Spiral Volley,en
螺旋巨盔,Spired Greathelm,en
螺旋法器,Whorl Focus,en
螺旋裹手,Spiral Wraps,en
螺旋长矛,Helix Spear,en
螺旋齐射,Spiral Volley,en
蟒蛇女王．卡巴拉,"Kabala, Constrictor Queen",en
蟲群,Swarm,en
蠕蟲細杖,Wyrm Quarterstaff,en
血之力量,Strength of Blood,en
血之回味,Savoured Blood,en
血之气息,Scent of Blood,en
血亲魔符,Familial Talisman,en
血债,Blood Price,en
血儀法衣,Bloodrite Vestments,en
血償,Blood Price,en
血味,Taste for Blood,en
血咒儀式,Sanguimantic Rituals,en
血咒师面罩,Mask of the Sanguimancer,en
血垒障壁,Bloodbarrier,en
血岩项链,Bloodstone Amulet,en
血怒,Bloodlust,en
血晶,Haemocrystals,en
血林,Bloodwood,en
血棘,The Blood Thorn,en
血棘之遗产,Legacy of The Blood Thorn,en
血沸,Blood Boil,en
血法師,Blood Mage,en
血淬壁垒,Blood-Quenched Bulwark,en
血漬,Bloodstained,en
血犬印记,Bloodhound's Mark,en
血痕,Bloodstained,en
血石項鍊,Bloodstone Amulet,en
血祭法衣,Bloodrite Vestments,en
血紅之潮,Sanguine Tides,en
血统,Lineage,en
血肉之花,Flesh Flower,en
血肉低語,Whispers of the Flesh,en
血肉傀儡,The Flesh Poppet,en
血肉催化剂,Flesh Catalyst,en
血肉儀式,Ritual of Flesh,en
血肉回收,Meat Recycling,en
血肉坩堝,Flesh Crucible,en
血肉塑造,Fleshcrafting,en
血肉塑造者．馬茲里,"Maztli, Flesh-Shaper",en
血肉崇拜,Flesh Worship,en
血肉承压,Flesh Withstands,en
血肉束腰,Goregirdle,en
血肉牺牲,Sacrifice of Flesh,en
血肉獻祭,Sacrifice of Flesh,en
血肉玄炉,Flesh Crucible,en
血肉盛宴,Feast of Flesh,en
血肉祭仪,Ritual of Flesh,en
血肉私语,Whispers of the Flesh,en
血脉源泉,Font of Blood,en
血脉贲张,Blood Rush,en
血脉辅助,Lineage Support Gems,en
血腥味,Scent of Blood,en
血腥殘暴,Bloody Savagery,en
血腥潮汐,Sanguine Tides,en
血色聖者,Sanguine Diviner,en
血誓,The Covenant,en
行云流水,Flow State,en
行军之锤,Marching Mace,en
行列眾星,Stars Aligned,en
行动自如,Freedom of Movement,en
行家符文,Adept Rune,en
行屍走肉,Living Death,en
行者,Monk,en
行走災厄,Walking Calamity,en
行雲流水,Flow Like Water,en
術者之痕,Sorcerer's Scar,en
街头暗影,Shadowy Streets,en
街头顽童,Street Urchin,en
街邊頑童,Street Urchin,en
衛士之盔,Gladiatorial Helm,en
衛者長矛,Guardian Spear,en
衛道之符,Symbol of Defiance,en
衝刺,Sprint,en
衝刺突擊,Running Assault,en
衝擊範圍,Impact Area,en
衣著華麗,Dressed in Fineries,en
衬垫绑腿,Padded Leggings,en
衰弱,Enfeeble,en
衰敗,Corrosion,en
衰老詛咒,Decrepifying Curse,en
衰落妨碍,Waning Hindrances,en
衰退,Enervation,en
衰退阻礙,Waning Hindrances,en
衰颓新星,Enervating Nova,en
衰颓魔蛊,Decaying Hex,en
袋藏飞沙,Pocket Sand,en
被其他数值抵抗,Resisted by Other Value,en
被击中时施放多个闪电幻象,Lightning Mirages When Hit,en
被击中时施放闪电幻象,Lightning Mirage When Hit,en
被击败时施放,Cast on Death,en
被力量吞噬,Overtaken by Power,en
被包围,Surrounded,en
被囚巨兽,Imprisoned Monstrosities,en
被困下属,Trapped Subordinate,en
被圍攻的瓦爾克拉斯,Wraeclast Besieged,en
被惊扰的长眠,Double or Nothing,en
被招架,Parried,en
被擊中時閃電幻影,Lightning Mirages When Hit,en
被晕眩时施放,Cast when Stunned,en
被束缚的恐惧,The Shackled Horror,en
被油纏身,Covered in Oil,en
被移除的技能,Removed Skill,en
被腐化的命能,Corrupted Lifeforce,en
被追杀的康纳尔,Conall the Hunted,en
被遺忘的囚犯．帕拉薩,"Pirasha, the Forgotten Prisoner",en
被釋放的阿茲莫里魂靈,Released Azmeri Spirits,en
被釘身,Pinned,en
袭击催化剂,Reaver Catalyst,en
裂伤之刃,Ripping Blade,en
裂刃大斧,Splitting Greataxe,en
裂化,Split,en
裂口,Chasm,en
裂地之灵,Earthbreaker,en
裂地戰吼,Seismic Cry,en
裂心,Splinterheart,en
裂心之弦,Splinterheart,en
裂片箭,Splinter Arrows,en
裂环神器,Broken Circle Artifact,en
裂甲,Splinters,en
裂痕,Breach,en
裂痕倉庫頁,Breach Stash Tab,en
裂痕戒指,Breach Ring,en
裂痕斷片,Breach Splinter,en
裂痕石,Breachstones,en
裂痕石母胎,Breachstone Womb,en
裂痕碑牌,Breach Tablet,en
裂痕精髓,Essence of the Breach,en
裂痕領主囊腫,Breachlord Sac,en
裂痕領主的融合,Breachlord's Amalgam,en
裂痕領主的裂隙,Breachlord's Rift,en
裂碎,Shred,en
裂紋怪客,Cracklecreep,en
裂紋細杖,Crackling Quarterstaff,en
裂肉戟斧,Rending Halberd,en
裂舌,Slivertongue,en
裂鏡碎片,Fracturing Mirror Shards,en
裂隙,Breach,en
裂隙之石,Misc Map Items,en
裂隙戒指,Breach Ring,en
裂隙据点,Hive Colony,en
裂隙石,Breachstones,en
裂隙石孕育槽位,Breachstone Womb,en
裂隙石板,Breach Tablet,en
裂隙碎片,Breach Splinter,en
裂隙精华,Essence of the Breach,en
裂隙要塞,Hive Fortress,en
裂隙领主圣器,Breachlord Sac,en
裂隙领主的分歧,Breachlord's Rift,en
裂隙领主的融合体,Breachlord's Amalgam,en
裂颅强击,Cranial Impact,en
裂魂术,Soulrend,en
装备,Equipment,en
装甲回收,Scavenged Plating,en
装甲奉献,Bone Offering,en
補償,Recoup,en
補滿,Refills,en
裝備精良的對手,Well-equipped Opponents,en
裝甲便帽,Armoured Cap,en
裝甲的,Armoured,en
裝甲背心,Armoured Vest,en
裝甲護盾,Armoured Shields,en
裝飾之盔,Decorated Helm,en
裝飾裹手,Adorned Wraps,en
裹布巨盔,Wrapped Greathelm,en
裹布节杖,Wrapped Quarterstaff,en
裹布鞋履,Wrapped Sandals,en
裹挟气场,Enveloping Presence,en
裹腳便鞋,Wrapped Sandals,en
裹頭便帽,Swathed Cap,en
製圖師,The Cartographer,en
製燭者,Candlemaker,en
褪色危机碎片,Faded Crisis Fragment,en
褪色浅滩,Bleached Shoals,en
褻瀆 I,Profanity I,en
褻瀆 II,Profanity II,en
褻瀆詞綴,Desecrated Modifiers,en
襯墊背心,Quilted Vest,en
襯墊護腿,Padded Leggings,en
西側謎團密室,Western Enigma Chamber,en
西側閘門,Western Gateway,en
西奥妮的怒火,Sione's Temper,en
西奥拉，迷雾之刃,"Siora, Blade of the Mists",en
西奧妮的鍛鍊,Sione's Temper,en
西方谜题大厅,Western Enigma Chamber,en
西方通道,Western Gateway,en
西瑞爾的耕植,Cirel's Cultivation,en
西芙拉，深渊之女,"Syvora, Daughter of the Deep",en
西赛格之爪,Hysseg's Claw,en
西里乌斯之雕像,Idol of Sirrius,en
西里的战衣,Hyrri's Ire,en
西雷尔的教化,Cirel's Cultivation,en
要塞,Stronghold,en
要塞塔盾,Fortress Tower Shield,en
要塞战靴,Fortress Sabatons,en
要塞的猛禽,Rampart Raptor,en
要塞鎧靴,Fortress Sabatons,en
覆灭之兆,Wake of Destruction,en
覆甲帽,Armoured Cap,en
覆皮之铠,Fur Plate,en
覆颜面具,Face Mask,en
覆鱗者．澤拉斯,"Serath, the Scaled One",en
見證群星,Seeing Stars,en
視野脈輪,Chakra of Sight,en
覲見國王,An Audience With The King,en
觀鳥者,The Auspex,en
规训宠物,Disciplined Pets,en
规避偏转,Avoiding Deflection,en
视若无睹,Unsight,en
视觉牺牲,Sacrifice of Sight,en
角力,Spar,en
角斗士头盔,Gladiatorial Helm,en
解凍精髓,Essence of Thawing,en
解凍護符,Thawing Charm,en
解放行動,Freedom of Movement,en
解析,Unravelling,en
解毒護符,Antidote Charm,en
解脫,Untether,en
解脫纏帶,Tethering Bands,en
触发,Trigger,en
触发技能,Triggered Skills,en
触染秘能,Touch the Arcane,en
触电,Electrocution,en
触电阈值,Electrocute Threshold,en
觸電曝曬,Electrocuting Exposure,en
觸電符文,Electrocuting Rune,en
觸電門檻,Electrocute Threshold,en
言出力随,Vocal Empowerment,en
言出箭随,Called Shots,en
計謀的測試代幣,Test of Cunning Barya,en
訓練和準備,Training and Preparation,en
訓練有素的寵物,Disciplined Pets,en
訓鷹者外衣,Falconer's Jacket,en
記憶,Memories,en
記憶儀式,Ritual of Memory,en
詛咒之錘,Execratus Hammer,en
詛咒地面,Cursed Ground,en
詛咒大師,Master of Hexes,en
詛咒語者長袍,Cursespeaker's Robe,en
詠唱不絕,Ongoing Chants,en
試煉代幣,Trial Coins,en
試煉大師,The Trialmaster,en
試煉大師的寶庫鑰匙,The Trialmaster's Reliquary Key,en
詭譎嫌忌,Strange Aversions,en
誓忠於王,Devotion to the King,en
誓言符文,Oath Rune,en
誘人提案,Tempting Offers,en
誡命,Commandment,en
調和法杖,Attuned Wand,en
調製 I,Concoct I,en
調製 II,Concoct II,en
諸侯之兆,Omen of the Liege,en
謹慎施法,Conservative Casting,en
謹慎調製物,Cautious Concoctions,en
警惕之盔,Guarded Helm,en
警惕鏈錘,Guarded Flail,en
警戒,Vigilance,en
警戒之視,Vigilant View,en
警戒凝视,Vigilant View,en
警覺,Vigilance,en
警覺躲避,Wary Dodging,en
譫妄,Delirium,en
譫妄倉庫頁,Delirium Stash Tab,en
譫妄的玩家,Delirious Players,en
譫妄碑牌,Delirium Tablet,en
譫妄精髓,Essence of Delirium,en
議會之心,Mind of the Council,en
護佑保護符文,Warding Rune of Protection,en
護佑湧現,Emergent Protection,en
護甲破壞,Armour Break,en
護甲破壞 I,Armour Break I,en
護甲破壞 II,Armour Break II,en
護甲破壞 III,Armour Break III,en
護甲碎擊,Armour Breaker,en
護符,Charms,en
護符恩惠,Charm Bounty,en
護符輕鞋,Charmed Shoes,en
護臉之面,Face Mask,en
護衛,Sentinels,en
護衛保護符文,Warding Rune of Bodyguards,en
護體神盾,Fortified Aegis,en
變形肉體,Altered Flesh,en
變形魔符,Changeling Talisman,en
變革浪潮,Tides of Change,en
训练与准备,Training and Preparation,en
训练炮台,Trained Turrets,en
训诫,Admonisher,en
记录点,Checkpoints,en
记忆戒指,Mnemonic Ring,en
诅咒,Curses,en
诅咒之地,Cursed Ground,en
诅咒免疫,Hexproof,en
诅咒术士长袍,Cursespeaker's Robe,en
诅咒烙印,Branded With Hexes,en
试炼使者,The Trialmaster,en
试炼使者的圣物厅钥匙,The Trialmaster's Reliquary Key,en
试炼硬币,Trial Coins,en
诡射,Trick Shot,en
诡计面纱,Subterfuge Mask,en
详细记载,The Quest Continues,en
诱人设计,Intriguing Designs,en
诱惑供奉,Tempting Offers,en
请愿碎片,Petition Splinter,en
诸天之锤,Hammer of the Gods,en
调和术 I,Concoct I,en
调和术 II,Concoct II,en
调谐法杖,Attuned Wand,en
调遣,Commandment,en
谄媚者之雕像,Idol of the Sycophant,en
谋定猎手,Calculated Hunter,en
谐波发生器,Harmonic Generator,en
谒王之约,An Audience With The King,en
谜容,The Vertex,en
谜影舞步,Shadow Dancing,en
谨慎的刺客,Careful Assassin,en
谨慎调和物,Cautious Concoctions,en
谨慎闪躲,Wary Dodging,en
谵妄精华,Essence of Delirium,en
谷地庇護,Vale Shelter,en
谷地棲息者,Vale Dweller,en
豐碑巨斧,Monument Greataxe,en
豐裕精髓,Essence of Opulence,en
豐金巫符,Ligurium Talisman,en
豔紅女王．阿茲里,"Atziri, the Red Queen",en
豔陽文物,Sun Artifact,en
豔陽神聖主教．凱亞祖利,"Ketzuli, High Priest of the Sun",en
豢養狂熱 I,Feeding Frenzy I,en
豢養狂熱 II,Feeding Frenzy II,en
豪侠骑士,The Knight-errant,en
豪侠骑士之遗产,Legacy of The Knight-errant,en
豪賭,Gamblesprint,en
豹之灵,Spirit Of The Cat,en
貓之魂,Spirit Of The Cat,en
貓頭鷹之魂,Spirit Of The Owl,en
貝伊拉的悲痛,Beira's Anguish,en
貝達意志,Beidat's Will,en
貝達特之視,Beidat's Gaze,en
貧民君主,Slum Lord,en
貧能量護盾狀態,Low Energy Shield,en
貧血狀態,Low Life,en
貧魔狀態,Low Mana,en
貪婪,Voracious,en
貪婪利牙,The Ravenous Fang,en
貪婪加劇,Mounting Greed,en
貪婪思想,Ravenous Mind,en
貪婪神殿,Greed Shrine,en
貪婪蟲群,Ravenous Swarm,en
貪婪鎧甲,Grasping Mail,en
貪婪長杖,Ravenous Staff,en
貪慾,Avidity,en
貴重刀刃,Treasured Blade,en
貶抑,Abasement,en
貶損凝視,Derogatory Gaze,en
買一送一,For the Price of One,en
費爾羅的優雅符文,Farrul's Rune of Grace,en
費爾羅的狩獵符文,Farrul's Rune of the Hunt,en
費爾羅的追擊符文,Farrul's Rune of the Chase,en
賈多的營地,Jado's Campsite,en
賓登之角,Horns of Bynden,en
賜福教徒,Favoured Disciple,en
賦能,Energise,en
賦能遺軍,Empowering Remains,en
賽匹卡托的支配靈魂核心,Xipocado's Soul Core of Dominion,en
賽匹卡托的機謀,Xipocado's Machinations,en
賽塔的長矛,Saitha's Spear,en
賽巴昆的撕裂,Xibaqua's Rending,en
贝拉的苦楚,Beira's Anguish,en
贝达特之手,Beidat's Hand,en
贝达特的凝视,Beidat's Gaze,en
贝达特的意志,Beidat's Will,en
贝雷克的冰与火之歌,Berek's Pass,en
贝雷克的冰与雷之曲,Berek's Grip,en
贝雷克的火与雷之乐,Berek's Respite,en
败兴灾星,Killjoy,en
账户绑定,Account Bound,en
贪婪之拥,Greed's Embrace,en
贪婪心智,Ravenous Mind,en
贪婪戒指,Grasping Ring,en
贪婪战书,Inscribed Ultimatum,en
贪婪神龛,Greed Shrine,en
贪婪积聚,Mounting Greed,en
贪婪箭,Covetous Arrows,en
贪欲之记,Andvarius,en
贪食之姿,Gluttonous Presence,en
贫民之王,Slum Lord,en
贫瘠环礁,Barren Atoll,en
贫血,Anaemia,en
贯心箭袋,Visceral Quiver,en
贯心而过,Pierce the Heart,en
贯甲弹药,Armour Piercing Rounds,en
贱民之拥,Pariah's Embrace,en
贱民面具,Pariah Mask,en
贴心的守护者,Nurturing Guardian,en
贵族塔盾,Noble Tower Shield,en
贵族巨盔,Noble Greathelm,en
贵族战靴,Noble Sabatons,en
费努姆斯的流失符文,Fenumus' Rune of Draining,en
费努姆斯的痛苦符文,Fenumus' Rune of Agony,en
费努姆斯的飞旋符文,Fenumus' Rune of Spinning,en
费尔的诅咒,Fairgraves' Curse,en
贾多营地,Jado's Campsite,en
赌神芬多,Ventor's Gamble,en
赏金猎人,Bounty Hunter,en
赏金猎人印记,Rogue's Marker,en
赏金猎人工具,Heist Tools,en
赏金猎人披风,Heist Cloaks,en
赏金猎人胸针,Heist Brooches,en
赏金猎人装备,Heist Gear,en
赏金目标,Heist Targets,en
赛尔塔斯,Caer Tarth,en
赛萨之矛,Saitha's Spear,en
赞提佩的灵核,Soul Core of Zantipi,en
赞提佩的纹章,Zantipi's Medallion,en
赤刃之训,Redblade Discipline,en
赤木之弓,Heartwood Shortbow,en
赤染危林,Bloodwood,en
赤炎利劍．魯兹安,"Ruzhan, the Blazing Sword",en
赤炼,Lifetap,en
赤炼收割,Reap,en
赤炼水晶,Haemocrystals,en
赤炼魔光,Exsanguinate,en
赤紅目光,See Red,en
赤红仪式,Sanguimantic Rituals,en
赤红刀锋,Blood Barbs,en
赤红占卜师,Sanguine Diviner,en
赤红外套,Coat of Red,en
赤红山地,Mesa,en
赤红礼装,Couture of Crimson,en
赤红艳阳之冠,Corona of the Red Sun,en
赤红项链,Crimson Amulet,en
赤红鼓动,See Red,en
赤色之味,Taste for Blood,en
赤血之捷,Herald of Blood,en
赤血耐受,Sanguine Tolerance,en
赫丝特拉女士的寒冬符文,Lady Hestra's Rune of Winter,en
赫尔布林的沉着,Helbrym's Composure,en
赫尔布林的隐瞒,Helbrym's Hide,en
赫絲緹菈女士的寒冬符文,Lady Hestra's Rune of Winter,en
赫耀导体,Redflare Conduit,en
走火入魔,Demon Form,en
走私者外套,Smuggler Coat,en
赶尽杀绝,The Hunter,en
起手式,Opening Move,en
起源之塔,The Origin Tower,en
起源摇篮,Origin Cradle,en
起源核心,Origin Core,en
起源火花,Origin Spark,en
起源高塔,The Origin Tower,en
起起落落,Highs and Lows,en
超凡之腿,Transcendent Leg,en
超凡之臂,Transcendent Arm,en
超凡合金,Transcendent Alloy,en
超凡巨剑,Ultra Greatsword,en
超凡潜能,Unreal Potential,en
超凡肢幹,Transcendent Limb,en
超凡脫俗,Transcendence,en
超凡进展,Transcendent Progress,en
超暴擊,Supercritical,en
超温打击,Overheating Blow,en
超然韌性,Unnatural Resilience,en
超然飞升,Transcendence,en
超知形體,Forms Beyond Understanding,en
超能新星,Enervating Nova,en
超脱实体,Immaterial,en
超自然坚韧,Unnatural Resilience,en
超自然本能,Unnatural Instinct,en
超越死亡,Beyond Death,en
超越肉体,Beyond the Body,en
超載重擊,Supercharged Slam,en
超载,Overload,en
超过 100% 的几率,Chances in excess of 100%,en
超重,Overencumbered,en
超量抗性,Overcapped Resistance,en
超量格挡几率,Overcapped Block Chance,en
超限抗性,Overcapped Resistance,en
超限格擋率,Overcapped Block Chance,en
跃击,Leap Slam,en
跃舞蜃影,The Dancing Mirage,en
跋扈命令,Domineering Commands,en
跋涉的旅人,One for the Road,en
跑者背心,Runner Vest,en
跑轰战术,Run and Gun,en
跛行,Hobble,en
跳帮手斧,Boarding Hatchet,en
跳跃撞击,Vaulting Impact,en
跳躍伏擊,Leaping Ambush,en
跳躍衝擊,Vaulting Impact,en
踏林长靴,Bushwhack,en
踏林长靴之遗产,Legacy of Bushwhack,en
踏趾靴,Trampletoe,en
踏趾靴之遗产,Legacy of Trampletoe,en
踐踏,Stampede,en
踐踏之鞋,Trampletoe,en
蹂躪,Devastate,en
蹒跚魔符,Lumbering Talisman,en
蹲守,Hunker Down,en
身着华服,Dressed in Fineries,en
身躯符文,Body Rune,en
身躯精华,Essence of the Body,en
身随狂岚,One with the Storm,en
躲避风暴,Elude the Storm,en
躲闪时施放,Cast on Dodge,en
軀殼,Husk,en
軍旅鎧靴,Soldiering Sabatons,en
軍用武器,Martial Weapons,en
軍用長刃,Cutlass,en
軍閥的復仇,Warlord's Vendetta,en
輕巧斧槍,Light Halberd,en
輕微暈眩,Light Stun,en
輕快精髓,Essence of Alacrity,en
輕快腳步,Light on your Feet,en
輕易擺脫,Brush Off,en
輕蔑之面,Pariah Mask,en
輝光腕帶,Gleaming Cuffs,en
輻照碑牌,Irradiated Tablet,en
輾壓痛擊,Crushing Impacts,en
輿圖,Atlas,en
輿圖倉庫頁,Map Stash Tab,en
輿圖升級道具,Atlas Upgrade Items,en
輿圖大師,Masters of the Atlas,en
輿圖天賦,Atlas Passive,en
轟擊十字弓,Bombard Crossbow,en
轟碎重擊,Smash to Smithereens,en
轰击弓,Artillery Bow,en
轰动猛击,Rolling Slam,en
轰天雷,Thunderfist,en
轰炸战弩,Bombard Crossbow,en
轰雷弩箭,Stormblast Bolts,en
轰鸣战弩,Cannonade Crossbow,en
轰鸣烈焰,Fulmination,en
轻度晕眩,Light Stun,en
轻盈步伐,Light on your Feet,en
轻盾,Bucklers,en
轻装与掩蔽,"Stay Light, Use Cover",en
轻装戟斧,Light Halberd,en
辅助,Support,en
辅助宝石,Support Gems,en
辅助宝石类别,Support Gem Categories,en
辅助宝石需求,Support Gem Requirements,en
辉光之钢,Polished Iron,en
辉煌军团,Gleaming Legion,en
辉煌遗恨,Radiant Grief,en
辛格拉的凝视,Hinekora's Sight,en
辛格拉的发辫,Hinekora's Lock,en
边缘,Periphery,en
达拉的渴望,Dialla's Desire,en
达拉的聪慧,Dialla's Wit,en
迅如闪电,Lightning Quick,en
迅捷,Hasted,en
迅捷之爪,Swift Claw,en
迅捷光环,Haste Aura,en
迅捷合金,Swift Alloy,en
迅捷战矛,Swift Spear,en
迅捷手指,Quick Fingers,en
迅捷打擊,Rapid Strike,en
迅捷打断,Swift Interruption,en
迅捷护腕,Swift Bracers,en
迅捷施法,Spell Haste,en
迅捷格挡,Swift Blocking,en
迅捷潜行者外套,Swiftstalker Coat,en
迅捷灵狐,The Quick Fox,en
迅捷精华,Essence of Alacrity,en
迅捷精髓,Essence of Haste,en
迅捷飛狐,The Quick Fox,en
迅捷飞掠,Swift Flight,en
迅时沙漏,Quicksand Hourglass,en
迅猛增幅 I,Burgeon I,en
迅猛增幅 II,Burgeon II,en
迅猛绽放,Accelerated Growth,en
迅猛绽放II,Accelerated Growth II,en
迅疾潛獵者外套,Swiftstalker Coat,en
迅疾護腕,Swift Bracers,en
迅疾長矛,Swift Spear,en
迅速充能,Rapid Recharge,en
迅速打斷,Swift Interruption,en
迅闪雷暴,Flash Storm,en
迅雷,Lightning Quick,en
迅风爆,Wind Blast,en
过度延伸,Overreach,en
过热,Heat,en
过载,Overcharge,en
过量曝露,Overexposure,en
迈里斯之妇,Myris Uxor,en
迎头痛击,Skullcrusher,en
迎砧击打,Against the Anvil,en
迎面浩渺,Exposed to the Cosmos,en
迎面烈火,Exposed to the Inferno,en
迎面风暴,Exposed to the Storm,en
运势,Fluke,en
近卫,Sentinels,en
近在咫尺,Near at Hand,en
近战,Melee,en
近战 I,Close Combat I,en
近战 II,Close Combat II,en
近战击晕时施放,Cast on Melee Stun,en
近战击败时施放,Cast on Melee Kill,en
近戰擊殺時施放,Cast on Melee Kill,en
近接感觸,Proximal Tangibility,en
近期,Recently,en
近距实体,Proximal Tangibility,en
近距离,Close Range,en
近距離射手,Near Sighted,en
近身射击,Short Shot,en
近身戰 I,Close Combat I,en
近身戰 II,Close Combat II,en
这些恶魔，全都是你自己的……,These demons are all your own...,en
这关于我……还是你？,Is this about me... or you?,en
进化具象,Avatar of Evolution,en
进化兽皮,Evolved Hide,en
进化压力,Evolutionary Pressures,en
进步预兆,Omen of Amelioration,en
远古之花,Ancient Blooms,en
远古仇怨,Ancient Enmities,en
远古危机碎片,Ancient Crisis Fragment,en
远古增幅器,Ancient Augment,en
远古巨蛇,The Ancient Serpent,en
远古强效的液化凶残,Ancient Potent Liquid Ferocity,en
远古强效的液化悲哀,Ancient Potent Liquid Melancholy,en
远古强效的液化轻蔑,Ancient Potent Liquid Contempt,en
远古护手,Ancient Mitts,en
远古护腿,Ancient Leggings,en
远古注能装置,Ancient Infuser,en
远古浓缩的液化孤独,Ancient Concentrated Liquid Isolation,en
远古浓缩的液化恐惧,Ancient Concentrated Liquid Fear,en
远古浓缩的液化痛苦,Ancient Concentrated Liquid Suffering,en
远古液化偏执,Ancient Liquid Paranoia,en
远古液化嫉妒,Ancient Liquid Envy,en
远古液化情感,Ancient Liquid Emotions,en
远古液化憎恶,Ancient Liquid Disgust,en
远古液化绝望,Ancient Liquid Despair,en
远古秘密,Secrets of the Ancients,en
远古稀释的液化内疚,Ancient Diluted Liquid Guilt,en
远古稀释的液化愤怒,Ancient Diluted Liquid Ire,en
远古稀释的液化贪婪,Ancient Diluted Liquid Greed,en
远古肋骨,Ancient Rib,en
远古袖带,Ancient Cuffs,en
远古要塞,Ancient Bastion,en
远古词缀,Ancient Modifiers,en
远古轻盾,Ancient Buckler,en
远古通道,Ancient Gateway,en
远古链甲,Ancient Mail,en
远古锁骨,Ancient Collarbone,en
远古面甲,Ancient Visor,en
远古预兆,Omen of the Ancients,en
远古颚骨,Ancient Jawbone,en
远射 I,Longshot I,en
远射 II,Longshot II,en
远方的幻梦者,Distant Dreamer,en
远方的死神,Death from Afar,en
远眺之目,Far Sighted,en
远行者便鞋,Wayfarer Shoes,en
远行者外衣,Wayfarer Jacket,en
远距技能,Remote Skills,en
连击,Combo,en
连击终结 I,Combo Finisher I,en
连击终结 II,Combo Finisher II,en
连打带跑,Hit and Run,en
连枷,Flails,en
连枷打击,Flail Strike,en
连环炸药,Repeating Explosives,en
连环震击箭,Shockchain Arrow,en
连环飞矢,Fusillade,en
连续攻击,Concussive Attack,en
连贯符文,Rune of Consistency,en
连身铠甲,Full Plate,en
连锁,Chain,en
连锁 I,Chain I,en
连锁 II,Chain II,en
连锁 III,Chain III,en
迪虛瑞特之光,Light of the Draíocht,en
迫击大炮,Mortar Cannon,en
迫急之结界符文,Warding Rune of Desperation,en
迫擊砲,Mortar Cannon,en
迫近追逐 I,Pursuit I,en
迫近追逐 II,Pursuit II,en
迫近追逐 III,Pursuit III,en
迴旋,Returning,en
迴旋擊,Whirling Assault,en
迴旋斬,Whirling Slash,en
迴旋猛攻,Whirling Onslaught,en
迴盪寒霜,Echoing Frost,en
迴盪脈衝,Echoing Pulse,en
迴盪雷電,Echoing Thunder,en
迴盪餘焰,Echoing Flames,en
迴響戰吼,Echoing Cry,en
迴響衝擊,Reverberating Impact,en
迷人陪伴,Captivating Companionship,en
迷失長矛．萊塔拉,"Lythara, the Wayward Spear",en
迷踪,Phasing,en
迷踪步履,Step Like Mist,en
迷蹤型態,Phased Form,en
迷雾,Smoke Clouds,en
迷雾之体,Shroud Walker,en
迷雾之嗣,From the Mists,en
迷雾之王,The King in the Mists,en
迷雾低语者,Mist Whisper,en
迷霧之刃．希奧拉,"Siora, Blade of the Mists",en
迷霧之遺,Legacy of Stibnite,en
迷霧渡鴉,Mist Raven,en
迸发之疫,Bursting Plague,en
迸裂,Snap,en
追击战矛,Coursing Spear,en
追尋神殿,Seeking Shrine,en
追擊 I,Pursuit I,en
追擊 II,Pursuit II,en
追擊 III,Pursuit III,en
追猎者,Pathfinder,en
追獵者外套,Pathfinder Coat,en
追獵長矛,Coursing Spear,en
追踪腰带,Stalking Belt,en
追隨者腕帶,Adherent Cuffs,en
追风筝的人,Kite Runner,en
退化,Deterioration,en
退避三舍,Disengage,en
适宜宝库,An Appropriate Vault,en
适应生物学,Adaptive Biology,en
适性合金,Adaptive Alloy,en
适者生存,Adaptation,en
逃脫之矢,Escape Shot,en
逃脱射击,Escape Shot,en
逃脱战术,Escape Strategy,en
逃逸策略,Escape Strategy,en
逃逸速度,Escape Velocity,en
逆向增生,Adverse Growth,en
逆向增長,Adverse Growth,en
逆向轉錄,Reverse Transcription,en
逆流水道,Backwash,en
逆转录,Reverse Transcription,en
选中之路,The Chosen Path,en
选召之地,Site of the Chosen,en
选择信念,Faith is a Choice,en
选择性滋养,Selective Sustenance,en
透勁拳,Punch Through,en
透骨之劲,Cut to the Bone,en
逐漸增強 I,Crescendo I,en
逐漸增強 II,Crescendo II,en
逐漸增強 III,Crescendo III,en
這些惡魔是你的了...,These demons are all your own...,en
這就是你的能耐嗎？！,Is that the best you've got?!,en
這是關於我……還是你？,Is this about me... or you?,en
通往天堂之窗,Window to Paradise,en
通水渠道,Channel,en
通灵之触,Necrotic Touch,en
通灵导体,Necromantic Conduit,en
通灵披风,Necromantle,en
通灵魔符,Necromantic Talisman,en
通用电击,General Electric,en
通用電,General Electric,en
通貨倉庫頁,Currency Stash Tab,en
通貨母胎,Currency Womb,en
通货,Currency,en
通货孕育槽位,Currency Womb,en
通道,Channel,en
逝亡呢喃,Deathrattle,en
逞勇之姿,Bravado,en
速射箭袋,Volant Quiver,en
速效毒素,Fast Acting Toxins,en
速行輕鞋,Quickslip Shoes,en
連擊終結輔助 I,Combo Finisher I,en
連擊終結輔助 II,Combo Finisher II,en
連結,Link,en
連結技能,Link Skills,en
連結的輔助技能,Connected Support Gems,en
連續施法,Casting Cascade,en
連續爆炸,Repeating Explosives,en
進化皮鎧,Evolved Hide,en
進逼地面,Encroaching Ground,en
進階奇術,Advanced Thaumaturgy,en
進階獎勵,Greater Gifts,en
遁世小岛,Wayward Isle,en
遁世束衣,Marabout Garb,en
遁入裂痕,Into the Breach,en
遊手好閒,Idle Hands,en
遊歷者外衣,Itinerant Jacket,en
遍地荆棘,Brambleslam,en
遍洒晨辉,Enfolding Dawn,en
過分擴張,Overextend,en
過剩 I,Overabundance I,en
過剩 II,Overabundance II,en
過剩 III,Overabundance III,en
過度曝曬,Overexposure,en
過度狂熱,Overzealous,en
過熱一擊,Overheating Blow,en
過載,Overload,en
遏制,Kept at Bay,en
道路探求者,Path Seeker,en
道途守护,Pathkeepers,en
達拉的智慧,Dialla's Wit,en
違抗 I,Defy I,en
違抗 II,Defy II,en
遗世的黑颚,"Blackjaw, the Remnant",en
遗孀之雹,Widowhail,en
遗存头骨,Preserved Cranium,en
遗存椎骨,Preserved Vertebrae,en
遗存肋骨,Preserved Rib,en
遗存锁骨,Preserved Collarbone,en
遗存颚骨,Preserved Jawbone,en
遗弃宅邸,Derelict Mansion,en
遗弃手镯,Forsaken Bangle,en
遗忘守卫,Forgotten Warden,en
遗忘高地,Forgotten Heights,en
遗物,Relics,en
遙聲未語,From Distances Untold,en
遙遠幻夢者,Distant Dreamer,en
遙遠起源,Distant Origins,en
遞增之毒,Escalating Poison,en
遞增毒素,Escalating Toxins,en
遠古之兆,Omen of the Ancients,en
遠古之綻,Ancient Blooms,en
遠古之蹄．埃克巴勃,"Ekbab, Ancient Steed",en
遠古分裂符文,Ancient Rune of Splinters,en
遠古卓越符文,Ancient Rune of Prowess,en
遠古堅堡,Ancient Bastion,en
遠古增幅,Ancient Augment,en
遠古增幅液態怨恨,Ancient Potent Liquid Contempt,en
遠古增幅液態憂鬱,Ancient Potent Liquid Melancholy,en
遠古增幅液態蔑視,Ancient Potent Liquid Ferocity,en
遠古宿怨,Ancient Enmities,en
遠古巨刃,Ancient Greatblade,en
遠古巫術符文,Ancient Rune of Witchcraft,en
遠古引爆符文,Ancient Rune of Detonation,en
遠古復仇符文,Ancient Rune of Retaliation,en
遠古探索符文,Ancient Rune of Discovery,en
遠古控制符文,Ancient Rune of Control,en
遠古敵意符文,Ancient Rune of Animosity,en
遠古決鬥符文,Ancient Rune of Dueling,en
遠古泰坦符文,Ancient Rune of the Titan,en
遠古液態偏執,Ancient Liquid Paranoia,en
遠古液態厭惡,Ancient Liquid Disgust,en
遠古液態忌妒,Ancient Liquid Envy,en
遠古液態情感,Ancient Liquid Emotions,en
遠古液態絕望,Ancient Liquid Despair,en
遠古濃縮液態孤立,Ancient Concentrated Liquid Isolation,en
遠古濃縮液態恐懼,Ancient Concentrated Liquid Fear,en
遠古濃縮液態苦難,Ancient Concentrated Liquid Suffering,en
遠古灌注器,Ancient Infuser,en
遠古神盾,Ancient Aegis,en
遠古稀釋的液態憤怒,Ancient Diluted Liquid Ire,en
遠古稀釋的液態罪惡,Ancient Diluted Liquid Guilt,en
遠古稀釋的液態貪婪,Ancient Diluted Liquid Greed,en
遠古粉碎符文,Ancient Rune of Shattering,en
遠古腐朽符文,Ancient Rune of Decay,en
遠古腕帶,Ancient Cuffs,en
遠古蝮蛇,The Ancient Serpent,en
遠古護面盔,Ancient Visor,en
遠古部族符文,Ancient Rune of the Horde,en
遠古鎖甲,Ancient Mail,en
遠古長手套,Ancient Mitts,en
遠古閘門,Ancient Gateway,en
遠目獻祭,Sacrifice of Sight,en
遠程射擊 I,Longshot I,en
遠程射擊 II,Longshot II,en
遠端技能,Remote Skills,en
遠見符文,Vision Rune,en
遠見紋章盾,Descry Crest Shield,en
遠距關係,Long Distance Relationship,en
遠距離射手,Far Sighted,en
遠迎死劫,Death from Afar,en
遣散,Payoff,en
遣散技能,Payoff Skills,en
適性催化劑,Adaptive Catalyst,en
適應,Adaptation,en
適應合金,Adaptive Alloy,en
適應性生物學,Adaptive Biology,en
適應皮膚,Adaptive Skin,en
適應符文,Adaptive Rune,en
適者生存,Survival of the Fittest,en
遮蓋鎧靴,Covered Sabatons,en
遮蔽鎖甲,Shrouded Mail,en
遮风避雨,Vale Shelter,en
選召者．瑪諾奇,"Manoki, the Chosen",en
選擇性攝取,Selective Sustenance,en
選育,Selectively Bred,en
遺塚居民,The Barrow Dweller,en
遺守使徒,The Reliquarian,en
遺忘之子．阿薩里恩,"Azarian, the Forsaken Son",en
遺忘的黑顎,"Blackjaw, the Remnant",en
遺忘看守,Forgotten Warden,en
遺棄城市,Abandoned City,en
遺落的手鐲,Forsaken Bangle,en
遺鑰,Vault Keys,en
避免偏斜,Avoiding Deflection,en
避開風暴,Elude the Storm,en
避难所,Sanctuary,en
避雨之所,Shelter from the Rain,en
還價之兆,Omen of Bartering,en
還願之衣,Votive Raiment,en
邊緣 I,Brink I,en
邊緣 II,Brink II,en
邊緣之盔,Brimmed Helm,en
邊陲,Periphery,en
邪恶之握,Grip of Evil,en
邪恶之翎,The Wicked Quill,en
邪恶愈合,Vile Mending,en
邪恶束衣,Vile Robe,en
邪恶武装,Armaments of Evil,en
邪恶涌现,His Foul Emergence,en
邪恶节杖,Sinister Quarterstaff,en
邪惡巨斧,Vile Greataxe,en
邪惡焚化,Grinning Immolation,en
邪惡細杖,Sinister Quarterstaff,en
邪惡羽毛,The Wicked Quill,en
邪惡軍備,Armaments of Evil,en
邪法宗师,Hex Master,en
邪眼之冠,Crown of Eyes,en
邪穢影響,Unholy Influence,en
邪術烙印,Branded With Hexes,en
邪魔毒蛇．納普阿茲,Viper Napuatzi,en
邪鴉旋纏,Spiraling Conspiracy,en
部下紋章盾,Dekharan Crest Shield,en
部分翻译,Partial Translation,en
部分轉錄,Partial Translation,en
部族之上,Among the Hordes,en
部族之面,Tribal Mask,en
部族弓,Tribal Bow,en
部落之怒,Tribal Fury,en
部落之远古符文,Ancient Rune of the Horde,en
部落之面,Tribal Mask,en
部落弓,Tribal Bow,en
鄉村生活,Rural Life,en
酋長．塔瓦凱,"Tavakai, the Chieftain",en
酋长胸甲,Chieftain Cuirass,en
配得上的獵人,Worthy Hunter,en
酸性灵药,Acidic Concoction,en
酿造灵药,Brew Concoction,en
醉人的友谊,Captivating Companionship,en
释出,Unleash,en
釋放,Unleash,en
釋放火焰,Unleash Fire,en
釋放者,The Unleashed,en
里歐波德的掌聲,Leopold's Applause,en
重击之锤,Quecholli,en
重刃无锋,Heavy Blade,en
重创致晕,Mauling Stuns,en
重型單位,Hefty Unit,en
重型巨錘,Heavy Greathammer,en
重型战矛,Massive Spear,en
重型战铠,Heavy Plate,en
重型鎧甲,Heavy Plate,en
重塑者．米卡塔,"Micata, the Remade",en
重塑身躯,Altered Flesh,en
重复技能,Repeating Skills,en
重奪子嗣,Reappropriated Offspring,en
重度晕眩,Heavy Stun,en
重度飲用者,Heavy Drinker,en
重弓,Heavy Bow,en
重挫無知,Smite the Ignorant,en
重挫異教,Smite the Heretical,en
重挫邪惡,Smite the Wicked,en
重振活力的獻祭,Invigorated Sacrifices,en
重擊,Slams,en
重擊箭,Blunt Arrows,en
重新佈署 I,Rearm I,en
重新佈署 II,Rearm II,en
重新專注,Refocus,en
重新振作,Reinvigoration,en
重新武装 I,Rearm I,en
重新武装 II,Rearm II,en
重武神兵,Heavy Weaponry,en
重殴,Maul,en
重生,Rebirth,en
重生符文,Rebirth Rune,en
重甲,Armoured,en
重盾冲锋,Shield Charge,en
重磅彈藥,Heavy Ammunition,en
重組之兆,Omen of Recombination,en
重組裝置,Recombinator,en
重组预兆,Omen of Recombination,en
重置暴击率,Rerolling Critical Hit Chance,en
重装弹药,Heavy Ammunition,en
重装强弓,Heavy Bow,en
重裝武器,Heavy Weaponry,en
重裝緩衝,Heavy Buffer,en
重踏地面,Stomping Ground,en
重返战阵,Back in Action,en
重返戰鬥,Back in Action,en
重重围困,Lay Siege,en
重铸,Runeforging,en
重铸三耀之火,The Triskelion Reforged,en
重革腰带,Heavy Belt,en
重骰暴擊率,Rerolling Critical Hit Chance,en
重點引導,Focused Channel,en
野兽恩泽,Boon of the Beast,en
野心天才,Aspiring Genius,en
野性之心,Savagery,en
野性之拥,Embrace of the Wild,en
野性召唤,Feral Invocation,en
野性守护,Wild Protector,en
野性標記,Primal Markings,en
野性残暴 I,Brutality I,en
野性残暴 II,Brutality II,en
野性残暴 III,Brutality III,en
野性涌动咒言,Wildsurge Incantation,en
野性碎片 I,Wildshards I,en
野性碎片 II,Wildshards II,en
野性祈求,Feral Invocation,en
野性魂靈,Wild Spirit,en
野火,Wildfire,en
野狼魔偶,Wolf Idol,en
野猪之灵,Spirit Of The Boar,en
野猪雕像,Boar Idol,en
野獸之賜,Boon of the Beast,en
野獸嚎叫,Howling Beast,en
野獸狂怒,Bestial Rage,en
野獸皮膚,Beastial Skin,en
野蛮人,Marauder,en
野蛮人战铠,Barbarian Plate,en
野蛮生长,Wild Growth,en
野蠻人鎧甲,Barbarian Plate,en
野蠻力量,Barbaric Strength,en
野蠻巨斧,Savage Greataxe,en
野蠻細杖,Barbarous Quarterstaff,en
野豬之魂,Spirit Of The Boar,en
野豬魔偶,Boar Idol,en
野貓,The Wild Cat,en
金光戒指,Gold Ring,en
金刚箭,Diamond Arrows,en
金刺繡鎧靴,Goldwork Sabatons,en
金司馬區廢墟,Ruins of Kingsmarch,en
金字塔避难所,The Ziggurat Refuge,en
金屬塔盾,Metalworked Tower Shield,en
金工塔盾,Goldworked Tower Shield,en
金工战靴,Goldwork Sabatons,en
金幣,Gold,en
金氏領主．克魯托克,"Krutog, Lord of Kin",en
金石手甲,Jarngreipr,en
金索袖带,Goldcast Cuffs,en
金缕帽,Goldrim,en
金色面具,Golden Visage,en
金鑄腕帶,Goldcast Cuffs,en
釘帶跑,Pin and Run,en
釘身 I,Pin I,en
釘身 II,Pin II,en
釘身 III,Pin III,en
鈍斧,Dull Hatchet,en
鈍箭袋,Blunt Quiver,en
鉚接長手套,Riveted Mitts,en
鉤刺斧,Bearded Axe,en
鉤刺護腕,Barbed Bracers,en
鉤刺長矛,Barbed Spear,en
鉭合金,Tantalum Alloy,en
銀扣輕鞋,Silverbuckled Shoes,en
銀河眾星,Nebuloch,en
銀白索恩,Silverthorne,en
銅鬚,Bronzebeard,en
銳利目光,Sharp Sight,en
銳爪魔符,Fang Talisman,en
銹碗,Rustbowl,en
鋒利之爪,Sharpened Claw,en
鋒利巨劍,Keen Greatsword,en
鋸齒刀鋒,Serrated Edges,en
鋸齒巨斧,Jagged Greataxe,en
鋸齒長矛,Jagged Spear,en
鋼尖細杖,Steelpoint Quarterstaff,en
鋼尖輕鞋,Steelpoint Shoes,en
鋼尖長矛,Steelhead Spear,en
鋼板輕盾,Plated Buckler,en
鋼鎖護手,Steelmail Gauntlets,en
鋼鐵堡壘,Steel Bastion,en
鋼鐵守護,Iron Ward,en
鋼鐵拖鞋,Iron Slippers,en
鋼鐵鏈錘,Iron Flail,en
錘,Maces,en
錘之打擊,Mace Strike,en
錢滾錢,Riches Beget Riches,en
錫耶拉的遺產,Sierran Inheritance,en
錯亂精髓,Essence of Insanity,en
錯綜紋章盾,Intricate Crest Shield,en
鍍金法衣,Gilded Vestments,en
鍍金頭環,Vermeil Circlet,en
鍛造,Forge,en
鍛造重錘,Forge Maul,en
鍛造錘,Smithing Hammer,en
鍛鍊武器,Temper Weapon,en
鍛鐵之冠,Iron Crown,en
鍛鐵巨劍,Iron Greatsword,en
鍛鐵符文,Iron Rune,en
鍛鐵胸甲,Iron Cuirass,en
鎏金长衣,Gilded Vestments,en
鎖甲之冠,Mailed Crown,en
鎖甲法衣,Mail Vestments,en
鎖甲破壞者,Mail Breaker,en
鎖甲腰帶,Mail Belt,en
鎖甲鎧靴,Mail Sabatons,en
鎖鍊鎖甲,Chain Mail,en
鎖鍊頭冠,Chain Tiara,en
鎖鏈塑形,Shape the Chains,en
鎖鏈法衣,Chain Vestments,en
鎖鏈鏈錘,Chain Flail,en
鎧甲之衣,Plated Raiment,en
鎧甲保護符文,Warding Rune of Armature,en
鎧甲法衣,Plated Vestments,en
鎧甲護手,Plate Gauntlets,en
鎧甲長手套,Plated Mitts,en
鎮壓打擊,Overwhelming Strike,en
鎮壓者,The Vanquisher,en
鏈纏巨獸,The Chained Beast,en
鏈錘,Flails,en
鏈錘打擊,Flail Strike,en
鏈鎖之刺,Chainsting,en
鏖战不息,Prolonged Assault,en
鏖战之斧,Battle Axe,en
鏡子……鏡子！,The mirrors... the mirrors!,en
鏡面折射,Mirror of Refraction,en
鐮劍,Sickle Sword,en
鐲子便鞋,Bangled Sandals,en
鐵匠傑作,Smith's Masterwork,en
鐵匠重錘,Blacksmith Maul,en
鐵握,Irongrasp,en
鐵木巨錘,Ironwood Greathammer,en
鐵木長矛,Ironhead Spear,en
鐵環鎖甲,Ring Mail,en
鐵甲法衣,Ironclad Vestments,en
鐵砧重錘,Anvil Maul,en
鐵縛者,Ironbound,en
鐵趾長靴,Steeltoe Boots,en
鐵鎖護手,Ironmail Gauntlets,en
鐵鏽之王,The Rust King,en
鐵騎,Ironride,en
鑄模長手套,Moulded Mitts,en
鑑賞之味,Discerning Taste,en
鑲嵌的寶石,Gem Studded,en
鑲釘巨棍棒,Studded Greatclub,en
鑲釘背心,Studded Vest,en
鑽石,Diamond,en
鑽石箭,Diamond Arrows,en
鑿刻圓盾,Chiseled Targe,en
鑿刻大地,Carved Earth,en
针刺爆发,Bone Blast,en
钉头巨锤,Pointed Maul,en
钙石法杖,Bone Wand,en
钙质碎片,Bone Shrapnel,en
钝击箭,Blunt Arrows,en
钝矢箭袋,Blunt Quiver,en
钝钉木棒,Spiked Club,en
钝锋手斧,Dull Hatchet,en
钢化防御,Tempered Defences,en
钢头战矛,Steelhead Spear,en
钢甲手甲,Steelmail Gauntlets,en
钢缘便鞋,Steelpoint Shoes,en
钢缘节杖,Steelpoint Quarterstaff,en
钢胆魄力,Forceful Energies,en
钢趾靴,Steeltoe Boots,en
钢铁与魔法,Steel and Sorcery,en
钢铁之握,Iron Grip,en
钢铁城塞,Iron Citadel,en
钢铁巨剑,Iron Greatsword,en
钢铁意志,Iron Will,en
钢铁的壁垒,Steel Bastion,en
钢铁看守,Iron Ward,en
钢铁符文,Iron Rune,en
钢铁连枷,Iron Flail,en
钢铁重履,Iron Slippers,en
钩刃斧,Bearded Axe,en
钩斧,Hook Axe,en
钻石遗产,Legacy of Diamond,en
钽质合金,Tantalum Alloy,en
铁头长矛,Ironhead Spear,en
铁木圆盾,Ironwood Targe,en
铁木大锤,Ironwood Greathammer,en
铁木短弓,Ironwood Shortbow,en
铁板护手,Plate Gauntlets,en
铁甲手套,Ironmail Gauntlets,en
铁砧巨锤,Anvil Maul,en
铁砧的重量,Anvil's Weight,en
铁箍战弓,Ironbound,en
铁箍战弓之遗产,Legacy of Ironbound,en
铁腕,Irongrasp,en
铁蒺藜,Caltrops,en
铁蒺藜之路,Trail of Caltrops,en
铁锻王冠,Iron Crown,en
铁锻胫甲,Iron Greaves,en
铁锻胸甲,Iron Cuirass,en
铁驭,Ironride,en
铃鸣法器,Jingling Focus,en
铃鸣纹章盾,Jingling Crest Shield,en
铃鸣轻盾,Jingling Buckler,en
铆接护手,Riveted Mitts,en
铠装背心,Armoured Vest,en
铭刻法器,Engraved Focus,en
银扣便鞋,Silverbuckled Shoes,en
银芒荆棘,Silverthorne,en
铸铁熔炉,Forge,en
铸锻护手,Moulded Mitts,en
链球强袭,Ball and Chain,en
链甲长衣,Chain Vestments,en
锁子长衣,Mail Vestments,en
锁定,Locked On,en
锁定动机,Pin their Motivation,en
锁环甲,Ring Mail,en
锁甲王冠,Mailed Crown,en
锁缚邪兽,The Chained Beast,en
锁链冠冕,Chain Tiara,en
锁链战靴,Mail Sabatons,en
锁链研究,Study the Chains,en
锈斑长剑,Corroded Longsword,en
锈污之王,The Rust King,en
锈蚀地带,Rustbowl,en
锈蚀尖刺,Rusted Spikes,en
锈蚀巨盔,Rusted Greathelm,en
锈蚀胸甲,Rusted Cuirass,en
锈蚀钉刺,Rusted Pins,en
锋刃节杖,Bladed Quarterstaff,en
锋缘节杖,Slicing Quarterstaff,en
锋缘轻盾,Edged Buckler,en
锋芒之目,Sharp Sight,en
锋锥之帽,Cornathaum,en
锐利之爪,Sharpened Claw,en
锐眼,Deadeye,en
错乱,Derange,en
错乱病症,Malady,en
错乱精华,Essence of Insanity,en
错愕伤痕,Staggering Wounds,en
锤打击,Mace Strike,en
锤类,Maces,en
锯齿大斧,Jagged Greataxe,en
锯齿战矛,Jagged Spear,en
锯齿箭袋,Serrated Quiver,en
锯齿锋缘,Serrated Edges,en
锻炉巨锤,Forge Maul,en
锻炉的热浪,Heat of the Forge,en
锻造之锤,Forge Hammer,en
锻造巨锤,Blacksmith Maul,en
锻铁戒指,Iron Ring,en
锻铁轻盾,Iron Buckler,en
锻铸之锤,Smithing Hammer,en
镇压,Overwhelm,en
镇火之息,Extinguishing Exhalation,en
镇魂曲,Requiem,en
镌凿圆盾,Chiseled Targe,en
镜子……那些镜子！,The mirrors... the mirrors!,en
镰刃剑,Sickle Sword,en
镶嵌铭文,Inlaid Inscriptions,en
镶边胫甲,Trimmed Greaves,en
镶钉圆盾,Studded Targe,en
镶钉巨棍,Studded Greatclub,en
镶钉长靴,Studded Boots,en
長引線 I,Long Fuse I,en
長引線 II,Long Fuse II,en
長生者．伊許塔洛,"Ishtaroth, the Perennial",en
長矛,Spears,en
長矛之錐,Spearfield,en
長矛刺擊,Spear Stab,en
長矛投擲,Spear Throw,en
長矛：傷害核心,Javelin,en
長腰帶,Long Belt,en
长明烈焰 I,Eternal Flame I,en
长明烈焰 II,Eternal Flame II,en
长明烈焰 III,Eternal Flame III,en
长杖,Staves,en
长柄战斧,Extended Cleaver,en
长柄节杖,Long Quarterstaff,en
长老殿堂,The Patriarch Halls,en
长距离关系,Long Distance Relationship,en
长鞭连枷,Slender Flail,en
閃亮幻象,Shimmering Mirage,en
閃光之錘,Flared Mace,en
閃光掌,Crackling Palm,en
閃光擲彈,Flash Grenade,en
閃爍步伐,Luminous Pace,en
閃耀軍閥,Gleaming Legion,en
閃耀長靴,Flared Boots,en
閃避,Evasion,en
閃避時施放,Cast on Dodge,en
閃避的,Evasive,en
閃閃發光,Shimmering,en
閃電,Lightning,en
閃電同調,Lightning Attunement,en
閃電增幅,Electric Amplification,en
閃電抵抗,Lightning Resistant,en
閃電曝曬,Lightning Exposure,en
閃電的化身,Embodiment of Lightning,en
閃電符文,Lightning Rune,en
閃電統治者,Lightning Archon,en
閃電長矛,Lightning Spear,en
閃電風暴,Thunderstorm,en
間歇,Interludes,en
間歇：霍爾登的詛咒,Interlude: Curse of Holten,en
闊刃長矛,Broad Spear,en
闊牧遼原,Grazed Prairie,en
闪亮袖带,Gleaming Cuffs,en
闪光榴弹,Flash Grenade,en
闪烁幻影,Shimmering Mirage,en
闪焰,Flare,en
闪现,Blink,en
闪现打击,Flicker Strike,en
闪电,Lightning Bolt,en
闪电专精,Lightning Mastery,en
闪电之息,Breath of Lightning,en
闪电之捷,Herald of Thunder,en
闪电之路,Trail of Lightning,en
闪电传送,Lightning Warp,en
闪电伤害,Lightning Damage,en
闪电净化,Purity of Lightning,en
闪电化身,Embodiment of Lightning,en
闪电协调,Lightning Attunement,en
闪电异常状态,Lightning Ailments,en
闪电战矛,Lightning Spear,en
闪电执政官,Lightning Archon,en
闪电抗性,Lightning Resistant,en
闪电支配,Innervate,en
闪电曝露,Lightning Exposure,en
闪电法印,Sigil of Lightning,en
闪电穿透,Lightning Penetration,en
闪电箭矢,Lightning Arrow,en
闪电通道,Lightning Conduit,en
闪电风暴,Lightning Storm,en
闪耀护腕,Polished Bracers,en
闪避,Evasive,en
阈限螺旋,Liminal Coil,en
阔刃巨剑,Broad Greatsword,en
阔剑,Broadsword,en
队长手套,Captain Gauntlets,en
防冰缓,Chillproof,en
防卫,Guard,en
防弹坚壁,Projectile Bulwark,en
防御姿态,Defensive Stance,en
防感电,Shockproof,en
防护合金,Protective Alloy,en
防止恢復超過 50%,Prevents Recovery Above 50%,en
防水外衣,Waxed Jacket,en
防禦反應,Defensive Reflexes,en
防衛者之弓,Guardian Bow,en
防衛者決意,Defender's Resolve,en
防護符文,Protective Rune,en
防震,Shockproof,en
阴暗王冠,Tenebrous Crown,en
阴森之柱,Grim Pillars,en
阴霾湾,Grimhaven,en
阵列轻盾,Array Buckler,en
阶级,Hierarchy,en
阻挠障碍,Hindering Obstacles,en
阻礙,Hinder,en
阻礙光環,Hinder Aura,en
阿克西，终命毒刺,"Akthi, the Final Sting",en
阿兹卡帕的灵核,Soul Core of Azcapa,en
阿兹卡帕的纹章,Azcapa's Medallion,en
阿兹莫里之灵,Azmeri Spirit,en
阿兹莫里圣物厅钥匙,Azmeri Reliquary Key,en
阿兹莫里山区,Azmerian Ranges,en
阿兹莫里巨狼,Azmerian Wolf,en
阿兹莫里虫群,Azmerian Swarms,en
阿兹莫里调制,Azmeri Brew,en
阿兹里的呼唤,Atziri's Call,en
阿兹里的圣礼,Atziri's Communion,en
阿兹里的威权,Atziri's Splendour,en
阿兹里的捷思,Atziri's Acuity,en
阿兹里的焦躁,Atziri's Impatience,en
阿兹里的统治,Atziri's Rule,en
阿兹里的蔑视,Atziri's Contempt,en
阿兹里的金履,Atziri's Step,en
阿兹里的魅惑,Atziri's Allure,en
阿兹里资产,Atziri's Assets,en
阿兹马迪，法里顿王子,"Azmadi, the Faridun Prince",en
阿农德，沙虫,"Anundr, the Sandworm",en
阿吉斯的道标,Beacon of Azis,en
阿图鲁伊的放血术,Atalui's Bloodletting,en
阿基斯的信標,Beacon of Azis,en
阿多尼娅的自我,Adonia's Ego,en
阿多尼娅的自我之遗产,Legacy of Adonia's Ego,en
阿姆那姆的稅賦,Amanamu's Tithe,en
阿姆那姆的邪眼,Amanamu's Gaze,en
阿尔琼的勋章,Arjun's Medal,en
阿德爾的傳奇,Aldur's Saga,en
阿德爾的傳承,Aldur's Legacies,en
阿德爾的吐息,Breath of Aldur,en
阿德爾的墮道騎士．斯塔恩,"Styrn, Fallen Knight of Aldur",en
阿德爾的熱情,Passion of Aldur,en
阿德爾的符文,Runes of Aldur,en
阿德爾的聖怒,Ire of Aldur,en
阿德爾的背叛,Betrayal of Aldur,en
阿扎瑞安，忘却之子,"Azarian, the Forsaken Son",en
阿拉卡力的欲望,Arakaali's Lust,en
阿拉卡力的礼物,Arakaali's Gift,en
阿斯垂德的創造,Astrid's Creativity,en
阿斯特丽德的创造,Astrid's Creativity,en
阿曼娜姆的奉纳,Amanamu's Tithe,en
阿札克之瞳,Atsak's Sight,en
阿杜拉之冠,Crest of Ardura,en
阿杜拉荣徽,Crest of Ardura,en
阿特莫瓦的灵核,Soul Core of Atmohua,en
阿特莫瓦的退却灵核,Atmohua's Soul Core of Retreat,en
阿特路伊的出血,Atalui's Bloodletting,en
阿瓦爾之輪,Arvil's Wheel,en
阿科扬战棒,Akoyan Club,en
阿科扬战矛,Akoyan Spear,en
阿维尔之轮,Arvil's Wheel,en
阿茲卡帕聖徽,Azcapa's Medallion,en
阿茲莫里之酒,Azmeri Brew,en
阿茲莫里山脈,Azmerian Ranges,en
阿茲莫里的寶庫鑰匙,Azmeri Reliquary Key,en
阿茲莫里群落,Azmerian Swarms,en
阿茲莫里魂靈,Azmeri Spirit,en
阿茲里的不耐,Atziri's Impatience,en
阿茲里的免疫靈魂核心,Atziri's Soul Core of Inoculation,en
阿茲里的共融,Atziri's Communion,en
阿茲里的奉獻靈魂核心,Atziri's Soul Core of Devotion,en
阿茲里的敏捷靈魂核心,Atziri's Soul Core of Alacrity,en
阿茲里的活力靈魂核心,Atziri's Soul Core of Vitality,en
阿茲里的神廟,Atziri's Temple,en
阿茲里的統御,Atziri's Rule,en
阿茲里的蔑視,Atziri's Disdain,en
阿茲里的資產,Atziri's Assets,en
阿茲里的輕視,Atziri's Contempt,en
阿莉亚之雕像,Idol of Alira,en
阿莉亞魔偶,Idol of Alira,en
阿莎尔，流沙主母,"Ashar, the Sand Mother",en
阿莫爾．曼德拉戈拉,Amor Mandragora,en
阿萨克的凝视,Atsak's Sight,en
阿辛妮娅，执政官的伴侣,"Asinia, the Praetor's Consort",en
阿里安的拼凑,Erian's Cobble,en
阿里安的拼凑之遗产,Legacy of Erian's Cobble,en
阿雅的面目,Visage of Ayah,en
附加技能使用时间,Added Skill Use Time,en
附加至总属性,Adding to Stat Totals,en
附身,Possessed,en
附魔之锁,Enchanted Locks,en
陈旧塔盾,Aged Tower Shield,en
降伏,The Surrender,en
降恩的指引,Lead me through Grace...,en
降解,Decompose,en
限制之令,Constricting Command,en
限制房間,Restricted Room,en
陡斷峭壁,Precipice,en
陣列法器,Arrayed Focus,en
陣地光環,Embankment Auras,en
除鏈師,Chainbreaker,en
陨坑,Crater,en
陨星,The Fallen Star,en
陰暗巷道,Shadowy Streets,en
陰暗通道,Murkshaft,en
陰爪,Rake,en
陳舊腕帶,Aged Cuffs,en
陵墓之力,Strength of the Crypt,en
陶罐聖物,Amphora Relic,en
陷入憂鬱,Spiral into Depression,en
陷阱,Traps,en
隆德爾．德．艾佐,Rondel de Ezo,en
隊長護手,Captain Gauntlets,en
階級體制,Hierarchy,en
随和,Easy Going,en
随风而行,On the Wind,en
隐世洞窟,Hidden Grotto,en
隐士束衣,Anchorite Garb,en
隐忍神龛,Gloom Shrine,en
隐秘之冠,Cryptic Crown,en
隐秘之流,Unseen Rivers,en
隐秘绑腿,Cryptic Leggings,en
隐蔽藏物,Hidden Things in Shaded Places,en
隐藏伤疤,Hidden Scars,en
隐藏物品,Hidden Items,en
隐迹藏形,Hidden Forms,en
隔熱,Heatproof,en
隔絕精髓,Essence of Insulation,en
隔绝,Cloistered,en
隕石坑,Crater,en
障壁塔盾,Barricade Tower Shield,en
障目飞沙,Sand in the Eyes,en
隨興掃射,Spray and Pray,en
險惡增幅,Baleful Augmentation,en
隱匿之面,Veiled Mask,en
隱士裝束,Hermit Garb,en
隱密石窟,Hidden Grotto,en
隱密神廟,Secluded Temple,en
隱祕護腿,Cryptic Leggings,en
隱秘之盔,Cryptic Helm,en
隱秘裹手,Furtive Wraps,en
隱者裝束,Anchorite Garb,en
隱蔽,Unsight,en
隱蔽傷痕,Hidden Scars,en
隱蔽兜帽,Covert Hood,en
隱蔽尖刺,Hidden Barb,en
隱藏軍備,Hidden Compartments,en
隱藏道具,Hidden Items,en
难度,Difficulty,en
难得之宝,Hard-Won Treasures,en
难解之形,Forms Beyond Understanding,en
雄伟英姿,Hulking Form,en
雄鹿之灵,Spirit Of The Stag,en
雄鹿践踏,Vivid Stampede,en
雄鹿雕像,Stag Idol,en
雄鹿魔偶,Stag Idol,en
雅恩格利佩爾,Jarngreipr,en
雅致便鞋,Elegant Slippers,en
雅致巨盔,Elegant Greathelm,en
雅致胫甲,Elegant Greaves,en
雅致裹手,Elegant Wraps,en
集中,Concentration,en
集中範圍,Concentrated Area,en
集会所,The Assembly,en
集市,Bazaar,en
集成效能,Integrated Efficiency,en
集成绝学,Manifold Method,en
集會,The Assembly,en
集會結成,Rallying Form,en
集束擲彈,Cluster Grenade,en
集束榴弹,Cluster Grenade,en
集束炸弹,Cluster Bombs,en
集結,Rally,en
集结之姿,Rallying Form,en
集联施法,Casting Cascade,en
集資,Pooled Resources,en
集風,Gathering Winds,en
雕像,Effigy,en
雕刻圓盾,Carved Targe,en
雕刻斧,Carving Hatchet,en
雕刻脛甲,Carved Greaves,en
雕刻苦難,Sculpted Suffering,en
雕心者披肩,Heartcarver Mantle,en
雕琢坚韧,Carved Tenacity,en
雕琢大地,Carved Earth,en
雕琢威严,Carved Majesty,en
雕琢的苦难,Sculpted Suffering,en
雕琢祸心,Carved Mischief,en
雕琢诡诈,Carved Cunning,en
雕紋堅韌,Carved Tenacity,en
雕紋威嚴,Carved Majesty,en
雕紋惡戲,Carved Mischief,en
雕紋狡詰,Carved Cunning,en
雕纹圆盾,Carved Targe,en
雕纹小刀,Engraved Knife,en
雕饰头盔,Engraved Helm,en
雕饰战弩,Engraved Crossbow,en
雕饰护腕,Engraved Bracers,en
雕饰纹章盾,Engraved Crest Shield,en
雕饰胫甲,Carved Greaves,en
雙倍生產,Produce Double,en
雙刃之力,Bravado,en
雙子十字弓,Gemini Crossbow,en
雙專精天賦樹,Dual-specialise your Passive Skill Tree,en
雙尖箭袋,Two-Point Quiver,en
雙層腰帶,Double Belt,en
雙層護手,Doubled Gauntlets,en
雙生十字弓,Dyad Crossbow,en
雙生鏈錘,Twin Flail,en
雙管 I,Double Barrel I,en
雙管 II,Double Barrel II,en
雙管 III,Double Barrel III,en
雙重威脅,Twin Threats,en
雙重視界,Double Vision,en
雙靈波動,Gemini Surge,en
雜草叢生,Proliferating Weeds,en
雜響權杖,Rattling Sceptre,en
難忍罪孽,Intolerance of Sin,en
雨中护所,Shelter from the Rain,en
雨临节甲虫,The Rain Festival Beetle,en
雨之邪教,Cult of the Rains,en
雨淞,Verglas,en
雨祭甲蟲,The Rain Festival Beetle,en
雪域,Snowfall,en
雷姆諾的奪命樂具,Hrimnor's Hymn,en
雷姆诺的夺命凶器,Hrimnor's Hymn,en
雷姆诺的夺命凶器之遗产,Legacy of Hrimnor's Hymn,en
雷尔德领主的春光符文,Thane Leld's Rune of Spring,en
雷彈,Lightning Bolt,en
雷擊,Thunderstruck,en
雷暴彈藥,Stormblast Bolts,en
雷电利爪,Electrified Claw,en
雷神之怒,Thundergod's Wrath,en
雷语,Lightning Coil,en
雷電符印,Sigil of Lightning,en
雷霆之杖,Lightning Rod,en
雷霆儀式,Ritual of Thunder,en
雷霆充能,Stormcharged,en
雷霆守护者,Stormkeeper,en
雷霆崇拜,Cult of Lightning,en
雷霆溶剂,Crackling Flux,en
雷霆灌身,Flesh to Lightning,en
雷霆神祇之怒,Thundergod's Wrath,en
雷霆祭仪,Ritual of Thunder,en
雷霆細杖,Bolting Quarterstaff,en
雷霆跳躍,Thunderous Leap,en
雷霆长杖,Voltaic Staff,en
雷霆风暴,Thunderstorm,en
雷霆魔符,Thunder Talisman,en
雷鳴湍流,Coursing Current,en
雷鸣灵药,Fulminating Concoction,en
雷鸣的奉献,Thundrous Devotion,en
雷鸣飞跃,Thunderous Leap,en
電光目眩,Electrifying Daze,en
電光領域,Galvanic Field,en
電光風暴,Flash Storm,en
電刑,Electrocute,en
電力,Power,en
電力中繼器,Power Relays,en
電壓,Volt,en
電弧守護者,Keeper of the Arc,en
電弧細杖,Arcing Quarterstaff,en
電擊之爪,Electrified Claw,en
電擊虹吸,Shock Siphon,en
電極箭矢,Electrocuting Arrow,en
電氣之血,Electric Blood,en
電流印記,Voltaic Mark,en
電流屏障,Crackling Barrier,en
電流擲彈,Voltaic Grenade,en
電流長杖,Voltaic Staff,en
電漿強擊矢,Plasma Blast,en
電痕,Trail of Lightning,en
電療,Electrotherapy,en
電磁齊射,Magnetic Salvo,en
電能之性,Electrifying Nature,en
電能法杖,Galvanic Wand,en
電能碎片,Galvanic Shards,en
電能精髓,Essence of Electricity,en
電鍊箭矢,Shockchain Arrow,en
雾凇,Rime,en
雾鸦,Mist Raven,en
震地,Earthquake,en
震地战吼,Seismic Cry,en
震天哭喊,Roaring Cries,en
震撼大地,Stomping Ground,en
震撼战吼,Battershout,en
震擊之躍,Shocking Leap,en
震波,Crashing Wave,en
震波图腾,Shockwave Totem,en
震波猛擊,Tectonic Slams,en
震爆弹药,Shockburst Rounds,en
震盪法術,Concussive Spells,en
震耳吶喊,Deafening Cries,en
震荡中心,Impact Area,en
震荡波,Shockwaves,en
震荡符文,Concussive Runes,en
霜冻风暴,Ice Storm,en
霜咬 I,Ice Bite I,en
霜咬 II,Ice Bite II,en
霜寒之手．瑞爾,"Rael, the Frost Hand",en
霜息,Frostbreath,en
霜星連擊,Ice Strike,en
霜火,Frostfire,en
霜火新星,Frostflame Nova,en
霜焰新星,Frostflame Nova,en
霜生劣魔,The Frostborn Fiend,en
霜禍．維納,"Veynar, the Frostbane",en
霜裔惡魔,The Frostborn Fiend,en
霜雪疾风,Flurry,en
霧淞,Rime,en
霸主影响,Overlord's Influence,en
霸主石板,Overseer Tablet,en
霸主领域,Overlord's Domain,en
霸体,Iron Reflexes,en
霸王战铠,Conqueror Plate,en
霹雳屏障,Crackling Barrier,en
霹雳掌,Crackling Palm,en
霹雳节杖,Bolting Quarterstaff,en
霹雳闪,Falling Thunder,en
靈像塔盾,Effigial Tower Shield,en
靈活裝填,Nimble Reload,en
靈現奔竄,Vivid Stampede,en
靈現魂靈,Vivid Spirit,en
靈能保護,Necromantic Ward,en
靈能導體,Necromantic Conduit,en
靈語者裝束,Hatungo Garb,en
靈貓之羈絆,Bond of the Cat,en
靈貓狡捷,Catlike Agility,en
靈貓魔偶,Cat Idol,en
靈長魔偶,Primate Idol,en
靈體撕裂,Soulrend,en
靈魂之狼,Spirit of the Wolf,en
靈魂之龍,Spirit of the Wyvern,en
靈魂吸取,Essence Drain,en
靈魂昇華,Embrace the Darkness,en
靈魂束縛,Soul Tether,en
靈魂核心,Soul Core,en
靈魂獻祭,Soul Offering,en
靈魂符文,Soul Rune,en
靈魂經脈,The Soul Meridian,en
靈魂綻放,Soul Bloom,en
靈魂連結,Spirit Bond,en
靈鹿法器,Antler Focus,en
靈龜之符,Turtle Charm,en
青春永驻,Eternal Youth,en
青玉传承,Jade Heritage,en
青玉囚笼,Encase in Jade,en
青玉护身,Jade,en
青玉群岛,The Jade Isles,en
青玉遗产,Legacy of Jade,en
青睐门徒,Favoured Disciple,en
青金戒指,Lazuli Ring,en
青金石戒指,Lazuli Ring,en
青銅城塞,Copper Citadel,en
青铜胫甲,Bronze Greaves,en
青铜须髯,Bronzebeard,en
静电脉冲,Static Shocks,en
静脉割裂,Severed Veins,en
静脉穿刺,Venopuncture,en
静谧神庙,Secluded Temple,en
静风之捷,Mutewind Agility,en
靛蓝之冠,Indigon,en
靜滯盆地,Stagnant Basin,en
靜謐陵墓,Crypt,en
靜電震盪,Static Shocks,en
靜默儀式,Ritual of Stillness,en
非伤害性异常状态,Non-Damaging Ailments,en
非傷害型異常狀態,Non-Damaging Ailments,en
非凡,Meta,en
非凡宝石,Meta Gems,en
非凡狂热,Overzealous,en
非凡生命药剂,Transcendent Life Flask,en
非凡聯盟,Uncommon Alliances,en
非凡魔力药剂,Transcendent Mana Flask,en
非疊加效果,Non-Stacking Effects,en
面部攻擊,In Your Face,en
靶心,Bullseye,en
鞋子,Boots,en
鞭笞藤蔓,Thrashing Vines,en
韌筋腰帶,Sinew Belt,en
韧性,Toughness,en
音调法器,Tonal Focus,en
韵律脉轮,Chakra of Rhythm,en
響動巨球,Rattling Ball,en
響聲法器,Jingling Focus,en
響聲紋章盾,Jingling Crest Shield,en
響聲輕盾,Jingling Buckler,en
頂尖掠食者,Apex Predators,en
頂點 I,Culmination I,en
頂點 II,Culmination II,en
項鍊母胎,Amulet Womb,en
預兆紋章盾,Omen Crest Shield,en
預告射擊,Called Shots,en
預嵌銘文,Inlaid Inscriptions,en
預言之徵,Traits Foretold,en
預謀,Premeditation,en
頑石鋼膚,Stone Skin,en
領主之兆,Omen of the Sovereign,en
領主之玉,Jewel of the Lords,en
領主影響,Overlord's Influence,en
領主界域,Overlord's Domain,en
領土擴張,Expanding Territory,en
領袖的重擔,The Burden of Leadership,en
頭部,Helmets,en
頻繁暴雨,Multiplying Squalls,en
額外冰冷傷害,Extra Cold Damage,en
願力斷片,Petition Splinter,en
顫慄之鋼,Thrillsteel,en
顱骨衝擊,Cranial Impact,en
项链,Amulets,en
项链孕育槽位,Amulet Womb,en
顺应挑战,Befit the Challenge,en
顽强的战友,Sturdy Ally,en
顽强精神,Mental Perseverance,en
顽抗 I,Defy I,en
顽抗 II,Defy II,en
顿悟时刻,Moment of Zen,en
预兆,Omens,en
预兆之地,Augury,en
预兆之赏,Foretold Bounty,en
预兆权杖,Omen Sceptre,en
预兆特质,Traits Foretold,en
预兆蔓延,Foretold Proliferation,en
预兆项链,Portent Amulet,en
预感应验,Premonition Fulfilled,en
预支花费,Upfront Costs,en
预期击退,Expected Knockback,en
领主乌弗瑞克,Thane Wulfric,en
领主宝珠,Jewel of the Lords,en
领主锁甲,Thane Mail,en
领主预兆,Omen of the Liege,en
领袖的重负,The Burden of Leadership,en
领袖英姿,Inspiring Leader,en
额外内容,Extra Content,en
额外冰霜伤害,Extra Cold Damage,en
额外奖励,Bonus Reward,en
额外投射物,Additional Projectiles,en
额外暴击,Extra Crits,en
额外混沌伤害,Extra Chaos Damage,en
额外火焰伤害,Extra Fire Damage,en
额外物理伤害光环,Extra Physical Damage Aura,en
额外稀有怪物,Additional Rare Monsters,en
额外能量护盾,Extra Energy Shield,en
额外闪电伤害,Extra Lightning Damage,en
颠沛领域,Castaway,en
風化危機碎片,Weathered Crisis Fragment,en
風帽之面,Hooded Mask,en
風暴之槍,Storm Lance,en
風暴之責,Storm's Rebuke,en
風暴之鏈,Stormchain,en
風暴之鐘,Tempest Bell,en
風暴先知．摩根娜,"Morgana, the Storm Seer",en
風暴凝聚,Gathering Storm,en
風暴呼喚箭矢,Stormcaller Arrow,en
風暴洶湧,Storm Surge,en
風暴浪湧,Storm Wave,en
風暴浪潮,Storm Swell,en
風暴湧流,Stormsurge,en
風暴破壞者,Stormbreaker,en
風暴符文,Tempest Rune,en
風暴統治者,Archon of the Storm,en
風暴雕塑者,Shaper of Storms,en
風格轉換,Stylebender,en
風箏高手,Kite Runner,en
風險和獎勵,Risk and Reward,en
風魔舞者,Wind Dancer,en
风卷残云,...and Scatter Them to the Winds,en
风暴,Storm,en
风暴之力,Power of the Storm,en
风暴之炎,Stormfire,en
风暴乱舞,Tempest Flurry,en
风暴克星,Stormbreaker,en
风暴周期,Storm Swell,en
风暴呼唤者,Tempest Caller,en
风暴回忆,Storm's Recollection,en
风暴塑形,Shaper of Storms,en
风暴执政官,Archon of the Storm,en
风暴技能,Storm Skills,en
风暴斥责,Storm's Rebuke,en
风暴漩涡,Orb of Storms,en
风暴激涌,Storm Surge,en
风暴的精华,Essence of the Storm,en
风暴秘仪,Cult of Lightning,en
风暴符文,Storm Rune,en
风暴编织者,Stormweaver,en
风暴血魔，守护者,"Stormgore, the Guardian",en
风暴行军,Advancing Storm,en
风暴行者,Stormwalker,en
风暴连锁,Stormchain,en
风暴随身,Stormcharged,en
风暴驱动,Storm Driven,en
风暴骤起,Rising Tempest,en
风系,Wind,en
风系技能,Wind Skills,en
风舞者,Wind Dancer,en
风蚀危机碎片,Weathered Crisis Fragment,en
风险与回报,Risk and Reward,en
风险时刻,Moment of Risk,en
风险骤升,Rising Danger,en
风雷涌动,Stormsurge,en
风雷钟,Tempest Bell,en
风霜的航海家,Stormtossed Voyager,en
风霜袖带,Aged Cuffs,en
飓风合金,Cyclonic Alloy,en
飘逸之衣,Flowing Raiment,en
飛掠之石 I,Skittering Stone I,en
飛掠之石 II,Skittering Stone II,en
飛沙入眼,Sand in the Eyes,en
飛羽之面,Avian Mask,en
飛羽頭冠,Avian Tiara,en
飛速生長,Accelerated Growth,en
飛速生長II,Accelerated Growth II,en
飛龍之息,Wyvern's Breath,en
飛龍型態,Wyvern Form,en
飛龍鱗片,Scales of the Wyvern,en
飞掠催化剂,Skittering Catalyst,en
飞掠石 I,Skittering Stone I,en
飞掠石 II,Skittering Stone II,en
飞旋炽焰,Spinning Inferno,en
飞烬大斧,Ember Greataxe,en
飞矢箭袋,Volant Quiver,en
飞羽冠冕,Avian Tiara,en
飞羽圆盾,Avian Targe,en
飞羽流矢,Feathered Fletching,en
飞羽长袍,Avian Robe,en
飞羽面具,Avian Mask,en
飞翼长矛,Winged Spear,en
飞蛾扑火,Moths to the Flame,en
飞行战矛,Flying Spear,en
飞行法令,Decree of Flight,en
飞跃奇袭,Leaping Ambush,en
飞身残影,Blurred Motion,en
飞速格挡,Flashy Parrying,en
飞龙之灵,Spirit of the Wyvern,en
飞龙吐息,Wyvern's Breath,en
飞龙鳞甲,Scales of the Wyvern,en
食人 I,Cannibalism I,en
食人 II,Cannibalism II,en
飢渴的盟友,Thirsting Ally,en
飲星者．烏特雷,"Uhtred, the Stardrinker",en
飼鷹者外衣,Hawker's Jacket,en
飾帶便鞋,Laced Sandals,en
飾帶長靴,Laced Boots,en
餘波,Backwash,en
餘燼巨斧,Ember Greataxe,en
餘燼齊射,Ember Fusillade,en
餞行酒,One for the Road,en
饕餮法杖,Ravenous Staff,en
饕餮虫群,Ravenous Swarm,en
饕餮飨宴,Grim Feast,en
饥噬獠牙,The Ravenous Fang,en
饥渴的友军,Thirsting Ally,en
饰印纹章盾,Blazon Crest Shield,en
饰品,Jewellery,en
首次运作,First Working,en
首道毒刺,First Sting,en
首领魔符,Alpha Talisman,en
香克戈涅,Shankgonne,en
香爐聖物,Incense Relic,en
馬拉克斯記憶,Memories of the Maraketh,en
馬拉松跑者,Marathon Runner,en
馬雷葛蘿的血染手套,Maligaro's Virtuosity,en
馭天,Swift Flight,en
馴獸,Tame Beast,en
駁斥,Refutation,en
騎乘外套,Riding Coat,en
騎士之弓,Rider Bow,en
騎士長手套,Knightly Mitts,en
騰雲踏霧,Step Like Mist,en
驅逐烈焰,Banishing Flame,en
驚慌失措,Rattled,en
驚懼之拳,Dreadfist,en
驚懼工匠之藥劑,Dread Engineer's Concoction,en
驚懼符文,Dread Hatchet,en
驚懼飛掠,Horror's Flight,en
驚險追逐,Thrilling Chase,en
驟羽爆發,Quill Burst,en
马拉克斯回忆,Memories of the Maraketh,en
马拉克斯胸甲,Maraketh Cuirass,en
马拉松能手,Marathon Runner,en
马诺基，天命者,"Manoki, the Chosen",en
马诺基，渎神者,"Manoki, the Defiled",en
马诺基，热狂者,"Manoki, the Fevered",en
马赫索托之诈,Mahuxotl's Machination,en
马雷格罗的玫红手套,Maligaro's Virtuosity,en
驯服野兽,Tame Beast,en
驱灵仪式石板,Ritual Tablet,en
驱灵祭坛,Ritual,en
驱炎使,Infernalist,en
驾驭元素,Harness the Elements,en
驾驭黑暗,Mastered Darkness,en
骑兵之弓,Cavalry Bow,en
骑兵长靴,Cavalry Boots,en
骑士信条,Knightly Tenets,en
骑士护手,Knightly Mitts,en
骑士护甲,Knight Armour,en
骑射之弓,Rider Bow,en
骑行外套,Riding Coat,en
骤升,Sudden Escalation,en
骤雨之弦,Quill Rain,en
骤雨之弦之遗产,Legacy of Quill Rain,en
骨之巨像,The Bone Colossus,en
骨之暴君．札瓦里,"Zar Wali, the Bone Tyrant",en
骨之爆破,Bone Blast,en
骨片,Bone Shrapnel,en
骨牢,Bone Cage,en
骷髏之舞,Danse Macabre,en
骷髏巨獸,Skeletal Brute,en
骷髏戰士,Skeletal Warrior,en
骷髏掠奪者,Skeletal Reaver,en
骷髏牧師,Skeletal Cleric,en
骷髏狙擊手,Skeletal Sniper,en
骷髏縱火者,Skeletal Arsonist,en
骷髏霜寒法師,Skeletal Frost Mage,en
骷髏風暴法師,Skeletal Storm Mage,en
骷髏馬克的容器,Vessel of Kulemak,en
骷髏馬克的掌握,Grip of Kulemak,en
骷髏馬克的支配,Kulemak's Dominion,en
骷髏馬克的邀請,Kulemak's Invitation,en
骸骨之衣,Bone Raiment,en
骸骨削切,Boneshedder,en
骸骨奉獻,Bone Offering,en
骸骨巨像,The Bone Colossus,en
骸骨法杖,Bone Wand,en
骸骨連鎖,Bone Chains,en
骸骨風暴,Bonestorm,en
高低之地,Highs and Lows,en
高利安，活化的大地,"Gorian, the Moving Earth",en
高地狱烈焰,High Infernal Flame,en
高地神塔庇護所,The Ziggurat Refuge,en
高尚禦盾,Virtuous Barrier,en
高山之道,Way of the Mountain,en
高山山脊,Alpine Ridge,en
高度戒备,High Alert,en
高度警戒,High Alert,en
高效动脉,Efficient Arteries,en
高效施法,Efficient Casting,en
高效溃敌,Efficient Killing,en
高效炼金术,Efficient Alchemy,en
高效獵殺,Efficient Killing,en
高效缓冲,Heavy Buffer,en
高效装填,Efficient Loading,en
高效装置,Efficient Contraptions,en
高效铭文,Efficient Inscriptions,en
高煉獄之炎,High Infernal Flame,en
高爆榴弹,Explosive Grenade,en
高等工匠石,Greater Jeweller's Orb,en
高級倉庫頁,Premium Stash Tab,en
高級巨型倉庫頁,Premium Quad Stash Tab,en
高级健壮符文,Greater Robust Rune,en
高级充能符文,Greater Charging Rune,en
高级冰川符文,Greater Glacial Rune,en
高级启迪符文,Greater Inspiration Rune,en
高级坚毅符文,Greater Resolve Rune,en
高级增幅石,Greater Orb of Augmentation,en
高级奉纳符文,Greater Rune of Tithing,en
高级富豪石,Greater Regal Orb,en
高级尊贵符文,Greater Rune of Nobility,en
高级崇高石,Greater Exalted Orb,en
高级幻象符文,Greater Vision Rune,en
高级心灵符文,Greater Mind Rune,en
高级沙漠符文,Greater Desert Rune,en
高级混沌石,Greater Chaos Orb,en
高级磐石符文,Greater Stone Rune,en
高级结界符文,Greater Ward Rune,en
高级蜕变石,Greater Orb of Transmutation,en
高级行家符文,Greater Adept Rune,en
高级赠礼,Greater Gifts,en
高级身躯符文,Greater Body Rune,en
高级迅捷符文,Greater Rune of Alacrity,en
高级重生符文,Greater Rebirth Rune,en
高级钢铁符文,Greater Iron Rune,en
高级领袖符文,Greater Rune of Leadership,en
高级风暴符文,Greater Storm Rune,en
高聳之盾,Towering Shield,en
高貴之狼,The Noble Wolf,en
高貴塔盾,Noble Tower Shield,en
高貴巨盔,Noble Greathelm,en
高貴鎧靴,Noble Sabatons,en
高速弹药,High Velocity Rounds,en
高阶生命药剂,Colossal Life Flask,en
高阶魔力药剂,Colossal Mana Flask,en
高階保護符文,Greater Ward Rune,en
高階充能符文,Greater Charging Rune,en
高階冰川符文,Greater Glacial Rune,en
高階命令精髓,Greater Essence of Command,en
高階啟發符文,Greater Inspiration Rune,en
高階堅實符文,Greater Robust Rune,en
高階增幅石,Greater Orb of Augmentation,en
高階奉獻符文,Greater Rune of Tithing,en
高階嫻熟符文,Greater Adept Rune,en
高階富豪石,Greater Regal Orb,en
高階寒冰精髓,Greater Essence of Ice,en
高階岩石符文,Greater Stone Rune,en
高階崇高石,Greater Exalted Orb,en
高階崇高符文,Greater Rune of Nobility,en
高階工匠石,Greater Jeweller's Orb,en
高階巫術精髓,Greater Essence of Sorcery,en
高階強化精髓,Greater Essence of Enhancement,en
高階心智精髓,Greater Essence of the Mind,en
高階心靈符文,Greater Mind Rune,en
高階戰鬥精髓,Greater Essence of Battle,en
高階探尋精髓,Greater Essence of Seeking,en
高階接地精髓,Greater Essence of Grounding,en
高階暴風符文,Greater Storm Rune,en
高階毀滅精髓,Greater Essence of Ruin,en
高階決心符文,Greater Resolve Rune,en
高階沙漠符文,Greater Desert Rune,en
高階混沌石,Greater Chaos Orb,en
高階烈焰精髓,Greater Essence of Flames,en
高階無限精髓,Greater Essence of the Infinite,en
高階磨礪精髓,Greater Essence of Abrasion,en
高階肉體符文,Greater Body Rune,en
高階肉體精髓,Greater Essence of the Body,en
高階蛻變石,Greater Orb of Transmutation,en
高階解凍精髓,Greater Essence of Thawing,en
高階豐裕精髓,Greater Essence of Opulence,en
高階輕快精髓,Greater Essence of Alacrity,en
高階迅捷符文,Greater Rune of Alacrity,en
高階迅捷精髓,Greater Essence of Haste,en
高階遠見符文,Greater Vision Rune,en
高階重生符文,Greater Rebirth Rune,en
高階鍛鐵符文,Greater Iron Rune,en
高階隔絕精髓,Greater Essence of Insulation,en
高階電能精髓,Greater Essence of Electricity,en
高階領導符文,Greater Rune of Leadership,en
鬃豬,Bristleboar,en
鬆散肌肉,Loose Flesh,en
鬣狗同伴,Cackling Companions,en
鬥旗技能,Banner Skills,en
鬥爭鎬,Strife Pick,en
鬧鬼,Ghostwrithe,en
鬼祟裹手,Furtive Wraps,en
鬼行,Ghostmarch,en
鬼魂之舞,Ghost Dance,en
魁儡大師,Puppet Master,en
魁儡大師效果,Puppet Master chance,en
魁梧仆从,Hulking Minions,en
魁梧壮士,Hefty Unit,en
魁梧野猪,The Great Boar,en
魂灵结界,Spectral Ward,en
魂靈呼喚,Call of the Spirit,en
魂靈掌控,Spirit-Influenced,en
魂靈行者,Spirit Walker,en
魂骨之冠,Spiritbone Crown,en
魂魄吸取,Soul Drain,en
魂魄永恆不息,The Soul Springs Eternal,en
魂魔榨取,Soul Drain,en
魅力便鞋,Charmed Shoes,en
魔侍冰霜法师,Skeletal Frost Mage,en
魔侍掠夺者,Skeletal Reaver,en
魔侍武士,Skeletal Warrior,en
魔侍焚焰使,Skeletal Arsonist,en
魔侍神射手,Skeletal Sniper,en
魔侍祭司,Skeletal Cleric,en
魔侍蛮兵,Skeletal Brute,en
魔侍风暴法师,Skeletal Storm Mage,en
魔偶,Idol,en
魔刃,Spellblade,en
魔力丰沛,Mana Bounty,en
魔力之井,Well of Power,en
魔力之冠,Laureate,en
魔力偷取,Mana Leech,en
魔力吸取,Mana Drain,en
魔力器皿,Font of Mana,en
魔力恩惠,Mana Bounty,en
魔力护盾,Energy Shield Protecting Mana,en
魔力暴風,Mana Tempest,en
魔力残片,Mana Remnants,en
魔力源泉,Font of Mana,en
魔力痕跡,Mana Remnants,en
魔力祝福,Mana Blessing,en
魔力耀斑,Mana Flare,en
魔力聚汇,Pooled Resources,en
魔力药剂,Mana Flasks,en
魔力閃焰,Mana Flare,en
魔力风暴,Mana Tempest,en
魔卫复苏,Raise Zombie,en
魔印纹章盾,Sigil Crest Shield,en
魔巫,Sorceress,en
魔幻清晰,Draiocht Cleansing,en
魔影古园,Necropolis,en
魔影墓場,Necropolis,en
魔暴之痕,Voltaxic Rift,en
魔武双修,Equilibrium,en
魔法之獸,Creature of Magic,en
魔法生物,Creature of Magic,en
魔法精华,Essence of Sorcery,en
魔甘娜的風暴,Morgana's Tempest,en
魔符,Talismans,en
魔符銘文,Runic Inscriptions,en
魔符騎士,Rune Knight,en
魔蛊大师,Master of Hexes,en
魔蛊爆炸,Hexblast,en
魔蛊绽放,Hex Bloom,en
魔蛊长袍,Hexer's Robe,en
魔血,Mageblood,en
魔道權杖,Stoic Sceptre,en
魔遺,Mage's Legacy,en
魯兹安的巨靈之幣,Barya of Ruzhan,en
魯兹安的怒火,Ruzhan's Fury,en
魯兹安的清算,Ruzhan's Reckoning,en
魯兹安的陷阱,Ruzhan's Trap,en
鮮味之血,Savoured Blood,en
鮮血之捷,Herald of Blood,en
鮮血傳輸,Blood Transfusion,en
鮮血先知．伊查拉,"Ytzara, Blood Oracle",en
鮮血器皿,Font of Blood,en
鮮血女祭司．澤莉娜,"Zelina, Blood Priestess",en
鮮血屏障,Bloodbarrier,en
鮮血沸騰,Blood Boil,en
鮮血狂襲,Blood Rush,en
鮮血狩獵,Blood Hunt,en
鮮血獵犬印記,Bloodhound's Mark,en
鮮血獻祭,Sacrifice of Blood,en
鮮血祭司．佐林,"Zolin, Blood Priest",en
鮮血荊棘,Blood Barbs,en
鮮釀,Freshly Brewed,en
鰥寡之托,Widowhail,en
鱗片鎖甲,Scale Mail,en
鱼竿,Fishing Rods,en
鲁戈萨,Rugosa,en
鲁詹之巴雅,Barya of Ruzhan,en
鲁詹之怒火,Ruzhan's Fury,en
鲁詹之清算,Ruzhan's Reckoning,en
鲁詹之陷阱,Ruzhan's Trap,en
鲁詹，炽焰之剑,"Ruzhan, the Blazing Sword",en
鲁贾，恐怖工程师,"Rudja, the Dread Engineer",en
鲜活亡躯,Living Death,en
鲜血之力,Strength of Blood,en
鲜血牺牲,Sacrifice of Blood,en
鲜血输注,Blood Transfusion,en
鲸吞豪饮,Heavy Drinker,en
鳴響長杖,Chiming Staff,en
鴉鈴,The Crowbell,en
鴞之羈絆,Bond of the Owl,en
鸣虚式,Hollow Resonance Technique,en
鸣谐长杖,Chiming Staff,en
鸦群密谋,Spiraling Conspiracy,en
鹅绒便鞋,Velour Shoes,en
鹰眼,Eagle Eye,en
鹰隼之姿,Falcon Technique,en
鹰隼雕像,Hawk Idol,en
鹹水甲殼,Briny Carapace,en
鹿角法器,Staghorn Focus,en
麂皮護腕,Suede Bracers,en
麥浪低語,Whispers of the Waving Grains,en
麵條化,Spaghettification,en
麻布腰帶,Linen Belt,en
麻布裹手,Linen Wraps,en
麻布鞋履,Flax Sandals,en
麻木,Stupefy,en
麻木之觸,Paralysing Touch,en
麻木巨錘,Leaden Greathammer,en
麻木長杖,Paralysing Staff,en
麻痹长杖,Paralysing Staff,en
黃昏戒指,Gloam Ring,en
黃昏項鍊,Gloam Amulet,en
黃玉之遺,Legacy of Topaz,en
黃玉護符,Topaz Charm,en
黃金之遺,Legacy of Gold,en
黃金塔盾,Goldworked Tower Shield,en
黃金護符,Golden Charm,en
黃金面紗,Golden Visage,en
黃金頭環,Gold Circlet,en
黄昏花瓣,Eventide Petals,en
黄玉咒符,Topaz Charm,en
黄玉戒指,Topaz Ring,en
黄玉遗产,Legacy of Topaz,en
黄金咒符,Golden Charm,en
黄金手套,Gold Gloves,en
黄金遗产,Legacy of Gold,en
黄金锁甲,Golden Mail,en
黎明寶庫鑰匙,Twilight Reliquary Key,en
黏性擲彈 I,Adhesive Grenades I,en
黏性擲彈 II,Adhesive Grenades II,en
黏性擲彈 III,Adhesive Grenades III,en
黏油地面,Oil Ground,en
黏油榴弹,Oil Grenade,en
黏油炮弹,Oil Barrage,en
黏油缠身,Covered in Oil,en
黏油轟擊,Oil Barrage,en
黑化之心,Blackened Heart,en
黑暗之刃,Dark Blade,en
黑暗之锋,Dark Blade,en
黑暗低語,Dark Whispers,en
黑暗侵襲,Dark Entries,en
黑暗塑像,Dark Effigy,en
黑暗左手,Left Hand of Darkness,en
黑暗戒指,Tenebrous Ring,en
黑暗止步,Dunkelhalt,en
黑暗止步之遗产,Legacy of Dunkelhalt,en
黑暗残迹,Vestige of Darkness,en
黑暗深淵,Dark Depths,en
黑暗渎神,The Dark Defiler,en
黑暗無序,Dark Entropy,en
黑暗熵增,Dark Entropy,en
黑暗狂信者,Disciple of Darkness,en
黑暗玷汙者,The Dark Defiler,en
黑暗的右臂,Right Hand of Darkness,en
黑暗的左膀,Left Hand of Darkness,en
黑暗精通,Mastered Darkness,en
黑暗血脉,Dark Bloodlines,en
黑暗血鐮文物,Black Scythe Artifact,en
黑暗血鐮訓練,Black Scythe Training,en
黑暗門徒,Disciple of Darkness,en
黑暗雕像,Dark Effigy,en
黑暗項鍊,Tenebrous Amulet,en
黑曜巨剑,Obsidian Greatsword,en
黑曜石匕首,Obsidian Dagger,en
黑曜石巨劍,Obsidian Greatsword,en
黑洞界域,Event Horizon,en
黑火十字弓,Blackfire Crossbow,en
黑火药闪击,Black Powder Blitz,en
黑炎之芒,Blackgleam,en
黑焰,Blackflame,en
黑焰血誓,Blackflame Covenant,en
黑猫,The Black Cat,en
黑盗勋章,The Black Insignia,en
黑色之疑,The Black Doubt,en
黑血奴役者．凡德羅斯,"Vandroth, Blackblooded Enslaver",en
黑血者之兆,Omen of the Blackblooded,en
黑血预兆,Omen of the Blackblooded,en
黑豹雕像,Panther Idol,en
黑辮,Blackbraid,en
黑钢塔盾,Blacksteel Tower Shield,en
黑钢战靴,Blacksteel Sabatons,en
黑钢手甲,Blacksteel Gauntlets,en
黑钢纹章盾,Blacksteel Crest Shield,en
黑锑遗产,Legacy of Stibnite,en
黑镰之海尔德拉,Heldra of the Black Pyre,en
黑镰的训练,Black Scythe Training,en
黑镰神器,Black Scythe Artifact,en
黑阳之冠,Black Sun Crest,en
黑髻,Blackbraid,en
黑髻之遗产,Legacy of Blackbraid,en
黑鸦,The Black Crow,en
黑鸦欺诈者,The Raven Trickster,en
默克领主的仲夏符文,Thane Myrk's Rune of Summer,en
默塔格，暴食者,"Murtagh, the Engorged",en
默认攻击伤害,Default Attack Damage,en
點綴手套,Embellished Gloves,en
黯染飛砂．克拉里,"Kelari, the Tainted Sands",en
黯炎,Blackflame,en
黯炎盟約,Blackflame Covenant,en
黯焰修道院,Monastery of the Keepers,en
黯焰战弩,Blackfire Crossbow,en
鼓勵裝套,Pack Encouragement,en
鼓舞人心的盟友,Inspiring Ally,en
鼓舞先导,Emboldening Lead,en
鼓舞施法,Emboldening Casts,en
鼓舞詠唱,Emboldening Casts,en
鼓舞領導,Emboldening Lead,en
齐射,Salvo,en
龍,Wyvern,en
龍捲風,Tornado,en
龍膚長靴,Drakeskin Boots,en
龍蜥．欽路錫安,"Xyclucian, the Chimera",en
龍鱗外套,Wyrmscale Coat,en
龙卷射击,Tornado Shot,en
龙卷旋风,Tornado,en
龙炎吐息,Flame Breath,en
龙爪撕裂,Rend,en
龙皮长靴,Drakeskin Boots,en
龙鳞长靴,Dragonscale Boots,en
